observation_id,customer_id,tenure_months,monthly_charges,support_tickets,activity_days_30d,contract_type,churned
customer_0000_observation_00,customer_0000,4.70400800,83.05312100,3,21.98996800,annual,0
customer_0000_observation_01,customer_0000,4.53578100,85.54875000,4,21.82477300,annual,0
customer_0000_observation_02,customer_0000,5.29630000,83.50192200,2,19.70372800,annual,0
customer_0000_observation_03,customer_0000,5.97435300,86.90983300,3,21.23801800,annual,0
customer_0000_observation_04,customer_0000,5.81363500,86.60836600,4,21.32345300,annual,0
customer_0000_observation_05,customer_0000,7.24649700,86.82067600,3,21.17299500,annual,0
customer_0001_observation_00,customer_0001,14.69108600,58.07031800,0,12.90728800,monthly,0
customer_0001_observation_01,customer_0001,13.92375700,58.79453700,0,11.22597700,monthly,0
customer_0001_observation_02,customer_0001,13.80542600,55.09292200,0,10.14107700,monthly,0
customer_0001_observation_03,customer_0001,16.34883500,58.02633700,1,12.50910600,monthly,0
customer_0001_observation_04,customer_0001,14.78162400,58.84484800,1,13.28802100,monthly,0
customer_0001_observation_05,customer_0001,16.10671700,58.27251800,1,12.07251200,monthly,0
customer_0002_observation_00,customer_0002,23.44165500,79.71155700,1,10.60748000,monthly,1
customer_0002_observation_01,customer_0002,22.76513400,79.95029100,0,11.45886000,monthly,1
customer_0002_observation_02,customer_0002,23.32291300,80.25234900,2,11.91894000,monthly,1
customer_0002_observation_03,customer_0002,23.56818600,82.21380500,0,10.71406800,monthly,1
customer_0002_observation_04,customer_0002,23.71412300,78.37895800,0,10.61124800,monthly,1
customer_0002_observation_05,customer_0002,25.22376300,82.81148600,1,11.14572900,monthly,1
customer_0003_observation_00,customer_0003,41.18024900,77.86791500,1,14.46488800,monthly,0
customer_0003_observation_01,customer_0003,43.21969600,80.58746900,0,15.97899700,monthly,0
customer_0003_observation_02,customer_0003,42.47901700,78.84653800,0,17.64806200,monthly,0
customer_0003_observation_03,customer_0003,43.28341400,83.46243200,0,17.16414600,monthly,0
customer_0003_observation_04,customer_0003,44.20040000,78.79963100,1,16.93897800,monthly,0
customer_0003_observation_05,customer_0003,44.45059300,78.96522500,0,16.95835800,monthly,0
customer_0004_observation_00,customer_0004,60.12927300,81.16612200,0,11.60877200,two_year,0
customer_0004_observation_01,customer_0004,60.03633300,73.27265200,0,14.18615800,two_year,0
customer_0004_observation_02,customer_0004,59.72229100,74.04279800,0,15.14976100,two_year,0
customer_0004_observation_03,customer_0004,61.24736400,77.37597600,0,15.64201300,two_year,0
customer_0004_observation_04,customer_0004,60.84029200,79.04708800,0,14.32753300,two_year,0
customer_0004_observation_05,customer_0004,61.18961200,76.75973300,0,15.00468700,two_year,0
customer_0005_observation_00,customer_0005,69.99091400,89.26012500,3,19.31398300,monthly,0
customer_0005_observation_01,customer_0005,70.19937400,87.78812800,1,21.16934900,monthly,0
customer_0005_observation_02,customer_0005,71.91649300,89.90267700,2,20.70435800,monthly,0
customer_0005_observation_03,customer_0005,72.59542400,89.49031500,2,19.69292100,monthly,0
customer_0005_observation_04,customer_0005,71.63091900,90.63750700,1,20.94798400,monthly,0
customer_0005_observation_05,customer_0005,72.90553000,88.93921600,2,19.73541300,monthly,0
customer_0006_observation_00,customer_0006,34.76611600,47.76526800,1,23.26478600,monthly,0
customer_0006_observation_01,customer_0006,35.45965400,52.23955400,2,22.42820400,monthly,0
customer_0006_observation_02,customer_0006,35.82675800,47.46579700,0,22.42387000,monthly,0
customer_0006_observation_03,customer_0006,35.99920600,49.75386400,1,21.97519500,monthly,0
customer_0006_observation_04,customer_0006,37.46706900,50.93194200,1,21.49947200,monthly,0
customer_0006_observation_05,customer_0006,37.01673900,48.68696000,1,25.49191400,monthly,0
customer_0007_observation_00,customer_0007,12.56853100,65.69253900,4,9.93850100,monthly,1
customer_0007_observation_01,customer_0007,12.23337700,61.87251800,4,11.69682100,monthly,1
customer_0007_observation_02,customer_0007,13.30261800,60.72005800,3,12.95963100,monthly,1
customer_0007_observation_03,customer_0007,13.22348900,64.10861300,3,10.17414300,monthly,1
customer_0007_observation_04,customer_0007,13.85294600,66.06464200,4,12.52427200,monthly,0
customer_0007_observation_05,customer_0007,14.47660000,65.64424400,4,11.00321400,monthly,1
customer_0008_observation_00,customer_0008,65.19926000,81.44126900,3,9.40123800,annual,1
customer_0008_observation_01,customer_0008,65.88484700,81.78937800,2,10.82622900,annual,1
customer_0008_observation_02,customer_0008,66.70285700,79.33652100,2,10.21816600,annual,1
customer_0008_observation_03,customer_0008,67.23635900,81.19750100,3,10.20772900,annual,1
customer_0008_observation_04,customer_0008,67.64232600,81.62997900,1,9.79902600,annual,1
customer_0008_observation_05,customer_0008,68.50322200,79.10669000,3,10.69027700,annual,1
customer_0009_observation_00,customer_0009,27.57752700,72.04470300,2,25.48729600,monthly,1
customer_0009_observation_01,customer_0009,28.13257300,70.05965500,2,24.30882000,monthly,1
customer_0009_observation_02,customer_0009,26.86698900,71.40916500,1,26.77892800,monthly,1
customer_0009_observation_03,customer_0009,28.16620800,72.90943300,1,25.86005200,monthly,1
customer_0009_observation_04,customer_0009,28.90445400,70.48505100,2,25.83258600,monthly,1
customer_0009_observation_05,customer_0009,29.43085600,71.46565600,1,26.28595100,monthly,1
customer_0010_observation_00,customer_0010,6.51410700,82.38240200,1,16.17916200,monthly,0
customer_0010_observation_01,customer_0010,5.95929100,81.96483800,2,14.23677600,monthly,0
customer_0010_observation_02,customer_0010,6.69332900,83.73691500,0,15.85633900,monthly,0
customer_0010_observation_03,customer_0010,7.35283200,87.02751800,1,16.65632600,monthly,0
customer_0010_observation_04,customer_0010,7.08258100,84.13527400,0,13.84668600,monthly,0
customer_0010_observation_05,customer_0010,8.29537800,87.10046300,1,17.71832000,monthly,0
customer_0011_observation_00,customer_0011,12.99503800,85.78259700,1,18.51510100,monthly,1
customer_0011_observation_01,customer_0011,14.02963800,85.44631500,1,18.28990600,monthly,1
customer_0011_observation_02,customer_0011,12.91839100,87.34572400,2,16.44247700,monthly,1
customer_0011_observation_03,customer_0011,13.99761100,84.59182200,2,15.73834100,monthly,1
customer_0011_observation_04,customer_0011,14.97715400,90.89376700,2,16.79397200,monthly,1
customer_0011_observation_05,customer_0011,14.89006300,86.22622800,2,16.81975600,monthly,1
customer_0012_observation_00,customer_0012,21.59360300,77.62908100,0,16.60271300,annual,1
customer_0012_observation_01,customer_0012,21.97337000,78.04297600,0,21.29626600,annual,1
customer_0012_observation_02,customer_0012,21.68869500,79.27608700,0,16.18597900,annual,1
customer_0012_observation_03,customer_0012,22.84091600,78.77622600,0,18.22252400,annual,1
customer_0012_observation_04,customer_0012,22.25532700,78.33195100,0,19.57051200,annual,1
customer_0012_observation_05,customer_0012,22.29056500,81.78215300,0,18.04144700,annual,1
customer_0013_observation_00,customer_0013,50.79271100,66.38352900,2,7.41034500,annual,1
customer_0013_observation_01,customer_0013,50.29582200,69.40525400,2,6.59872100,annual,1
customer_0013_observation_02,customer_0013,50.48519800,68.08298600,2,8.39931900,annual,1
customer_0013_observation_03,customer_0013,50.74205600,68.01351200,2,8.49577600,annual,1
customer_0013_observation_04,customer_0013,51.24199000,67.87518100,2,5.62454000,annual,1
customer_0013_observation_05,customer_0013,52.53776700,67.57882000,2,8.74700600,annual,1
customer_0014_observation_00,customer_0014,37.58401900,57.01135300,0,13.18765200,annual,0
customer_0014_observation_01,customer_0014,38.21765200,58.00517900,0,16.14821500,annual,0
customer_0014_observation_02,customer_0014,38.31591700,59.89038900,1,13.00085000,annual,0
customer_0014_observation_03,customer_0014,39.54926900,56.17181900,0,11.71670200,annual,0
customer_0014_observation_04,customer_0014,38.76319700,58.49440100,0,14.02310800,annual,0
customer_0014_observation_05,customer_0014,41.12501400,55.62382300,0,15.20287800,annual,0
customer_0015_observation_00,customer_0015,68.08183400,69.42076000,2,21.04653200,annual,1
customer_0015_observation_01,customer_0015,68.82021900,71.00021700,1,20.65545300,annual,1
customer_0015_observation_02,customer_0015,68.86673800,75.59600300,2,22.67923300,annual,1
customer_0015_observation_03,customer_0015,70.20348000,72.79336600,2,22.71969400,annual,1
customer_0015_observation_04,customer_0015,69.56036300,76.60314000,2,20.85858700,annual,1
customer_0015_observation_05,customer_0015,70.83176400,73.01513200,2,22.47774500,annual,1
customer_0016_observation_00,customer_0016,12.18758200,83.60320500,3,15.79505600,two_year,0
customer_0016_observation_01,customer_0016,12.66688100,81.62764000,3,14.99511500,two_year,0
customer_0016_observation_02,customer_0016,11.70385700,80.56676900,3,17.72826800,two_year,0
customer_0016_observation_03,customer_0016,12.39096500,82.38195900,3,14.90564800,two_year,0
customer_0016_observation_04,customer_0016,12.40560300,83.70759800,2,15.11155600,two_year,0
customer_0016_observation_05,customer_0016,13.77516900,82.20139800,3,16.02525600,two_year,0
customer_0017_observation_00,customer_0017,27.63104200,86.55923000,2,14.33106100,two_year,1
customer_0017_observation_01,customer_0017,26.92125400,90.71739900,1,14.25822900,two_year,1
customer_0017_observation_02,customer_0017,28.10442800,85.15800600,2,12.63653900,two_year,1
customer_0017_observation_03,customer_0017,29.62433000,89.33255500,1,14.55066000,two_year,1
customer_0017_observation_04,customer_0017,29.17507300,88.26638600,3,14.83513100,two_year,1
customer_0017_observation_05,customer_0017,30.39580800,91.96842700,1,14.10532000,two_year,1
customer_0018_observation_00,customer_0018,24.58930000,109.61682800,4,19.50322900,monthly,1
customer_0018_observation_01,customer_0018,25.62450000,110.07115800,4,18.71136100,monthly,1
customer_0018_observation_02,customer_0018,25.67521800,112.72453500,4,19.16770300,monthly,1
customer_0018_observation_03,customer_0018,26.46732800,107.26375500,3,18.06605800,monthly,1
customer_0018_observation_04,customer_0018,25.50129500,110.26351100,5,20.68864600,monthly,1
customer_0018_observation_05,customer_0018,27.32072300,109.18128100,3,21.67824300,monthly,1
customer_0019_observation_00,customer_0019,19.00799300,52.94358600,2,12.32431100,two_year,1
customer_0019_observation_01,customer_0019,18.85625400,57.60619000,1,12.14082500,two_year,1
customer_0019_observation_02,customer_0019,18.39004800,57.99141400,1,13.15930500,two_year,1
customer_0019_observation_03,customer_0019,18.65236100,56.10351200,1,13.55699400,two_year,1
customer_0019_observation_04,customer_0019,20.01906600,55.44936200,2,11.01029100,two_year,1
customer_0019_observation_05,customer_0019,19.30264800,57.49502700,1,10.69592300,two_year,1
customer_0020_observation_00,customer_0020,50.80519100,87.27655000,4,23.57589700,monthly,1
customer_0020_observation_01,customer_0020,51.13633700,92.91184300,3,19.02436800,monthly,1
customer_0020_observation_02,customer_0020,51.82034600,92.92382500,3,18.33734800,monthly,1
customer_0020_observation_03,customer_0020,51.93023000,93.65502000,2,21.16825100,monthly,1
customer_0020_observation_04,customer_0020,53.20640100,90.61500200,4,21.55192900,monthly,1
customer_0020_observation_05,customer_0020,51.74535200,94.21858800,4,21.02672100,monthly,1
customer_0021_observation_00,customer_0021,47.26474100,65.52270300,2,21.87660600,annual,0
customer_0021_observation_01,customer_0021,48.31324300,61.15895900,3,21.11724900,annual,0
customer_0021_observation_02,customer_0021,48.53412700,60.17608400,3,20.92158300,annual,0
customer_0021_observation_03,customer_0021,48.66062600,61.31830300,3,21.75153500,annual,0
customer_0021_observation_04,customer_0021,48.86542600,61.32931200,2,20.64111400,annual,0
customer_0021_observation_05,customer_0021,49.21082200,63.47540700,3,19.88074900,annual,0
customer_0022_observation_00,customer_0022,68.43624400,81.74978300,0,21.62918200,annual,0
customer_0022_observation_01,customer_0022,68.52127900,87.23187400,0,21.27298800,annual,0
customer_0022_observation_02,customer_0022,70.19004500,86.79904400,0,20.29871600,annual,0
customer_0022_observation_03,customer_0022,69.26499300,86.79381600,1,20.38990700,annual,0
customer_0022_observation_04,customer_0022,69.51015400,83.09407300,0,20.33052400,annual,0
customer_0022_observation_05,customer_0022,70.98103700,85.60397100,0,22.05566500,annual,0
customer_0023_observation_00,customer_0023,18.41402500,80.16870400,2,19.50076700,two_year,0
customer_0023_observation_01,customer_0023,17.58110400,79.74994000,2,18.44981300,two_year,0
customer_0023_observation_02,customer_0023,17.81640500,78.54864300,2,19.58117200,two_year,0
customer_0023_observation_03,customer_0023,18.95788100,82.16232700,1,20.12424100,two_year,0
customer_0023_observation_04,customer_0023,19.39017800,77.34399100,3,18.53149800,two_year,0
customer_0023_observation_05,customer_0023,19.58775100,79.40129600,2,19.69056800,two_year,0
customer_0024_observation_00,customer_0024,65.84019000,67.76468500,1,15.20093900,monthly,0
customer_0024_observation_01,customer_0024,66.39225500,62.68123300,0,16.13781500,monthly,0
customer_0024_observation_02,customer_0024,67.85882000,66.38863400,0,13.94346400,monthly,0
customer_0024_observation_03,customer_0024,68.43284100,71.75122300,0,14.66235700,monthly,0
customer_0024_observation_04,customer_0024,68.27070500,67.91021900,0,13.90166200,monthly,0
customer_0024_observation_05,customer_0024,68.41992600,65.55231100,0,14.68970700,monthly,0
customer_0025_observation_00,customer_0025,5.92134700,75.05864500,2,20.99996900,annual,0
customer_0025_observation_01,customer_0025,6.40203600,78.83567500,2,17.35911100,annual,1
customer_0025_observation_02,customer_0025,7.42949500,79.77579700,2,19.51300900,annual,1
customer_0025_observation_03,customer_0025,6.28288800,76.77145700,1,16.99652700,annual,1
customer_0025_observation_04,customer_0025,8.39295700,79.52732400,2,18.45430900,annual,1
customer_0025_observation_05,customer_0025,7.77440900,78.80310700,1,17.23482700,annual,1
customer_0026_observation_00,customer_0026,39.36114000,85.10150800,1,10.84171800,two_year,0
customer_0026_observation_01,customer_0026,39.04388500,86.43905600,1,8.08071100,two_year,0
customer_0026_observation_02,customer_0026,40.06636700,87.11677000,1,9.05797300,two_year,0
customer_0026_observation_03,customer_0026,40.54590000,91.05483000,0,10.17656200,two_year,0
customer_0026_observation_04,customer_0026,40.95840800,82.78752600,1,10.43043800,two_year,0
customer_0026_observation_05,customer_0026,40.80257300,85.43152900,1,10.39453400,two_year,0
customer_0027_observation_00,customer_0027,27.17404600,72.37609800,0,14.86220200,annual,1
customer_0027_observation_01,customer_0027,27.08224800,73.34274100,1,14.62581700,annual,1
customer_0027_observation_02,customer_0027,27.79101500,74.29742700,0,11.62283900,annual,1
customer_0027_observation_03,customer_0027,28.50581600,72.65333900,0,10.86821800,annual,1
customer_0027_observation_04,customer_0027,29.50380700,71.73258300,0,14.25965600,annual,1
customer_0027_observation_05,customer_0027,27.86126900,72.85830600,0,14.06044500,annual,1
customer_0028_observation_00,customer_0028,27.73785400,85.33195500,0,15.45358900,monthly,0
customer_0028_observation_01,customer_0028,29.13733200,89.32085800,0,16.52010300,monthly,0
customer_0028_observation_02,customer_0028,30.45896900,84.34315400,0,15.81592800,monthly,0
customer_0028_observation_03,customer_0028,30.03183700,87.40119900,1,16.33471800,monthly,0
customer_0028_observation_04,customer_0028,31.57429500,85.70483400,1,16.41455000,monthly,0
customer_0028_observation_05,customer_0028,31.36017600,84.56221000,1,17.81959200,monthly,0
customer_0029_observation_00,customer_0029,47.46041800,84.72466700,1,20.07042300,monthly,1
customer_0029_observation_01,customer_0029,46.87118900,85.40186400,1,18.86082900,monthly,1
customer_0029_observation_02,customer_0029,49.34251100,86.00548000,2,18.42400900,monthly,1
customer_0029_observation_03,customer_0029,49.62420800,86.46036100,0,17.88523200,monthly,1
customer_0029_observation_04,customer_0029,50.11125300,88.19071700,1,17.74753600,monthly,1
customer_0029_observation_05,customer_0029,50.38131700,83.78525300,1,16.58077400,monthly,1
customer_0030_observation_00,customer_0030,24.81208600,90.40753500,0,17.40600100,monthly,0
customer_0030_observation_01,customer_0030,26.25029800,91.66652200,0,19.93318700,monthly,0
customer_0030_observation_02,customer_0030,26.79375800,90.58838200,0,22.02561000,monthly,0
customer_0030_observation_03,customer_0030,26.71474600,95.05738700,0,21.49122500,monthly,0
customer_0030_observation_04,customer_0030,28.00937000,94.61295500,0,20.68280800,monthly,0
customer_0030_observation_05,customer_0030,29.25941400,89.82437000,0,19.86290600,monthly,0
customer_0031_observation_00,customer_0031,16.39142800,89.52082000,2,10.26515500,annual,0
customer_0031_observation_01,customer_0031,17.06549600,88.49975100,2,11.04093500,annual,0
customer_0031_observation_02,customer_0031,17.58764900,87.08148400,1,12.65589400,annual,0
customer_0031_observation_03,customer_0031,17.36180300,86.15459700,2,11.43469700,annual,0
customer_0031_observation_04,customer_0031,17.31619500,88.36261600,1,11.05154800,annual,0
customer_0031_observation_05,customer_0031,19.54939900,87.66061600,2,10.77487100,annual,0
customer_0032_observation_00,customer_0032,36.35857800,51.66128300,3,20.36050300,annual,1
customer_0032_observation_01,customer_0032,36.00960900,56.19697300,3,23.21358200,annual,1
customer_0032_observation_02,customer_0032,37.34405200,51.69329100,3,22.99330800,annual,1
customer_0032_observation_03,customer_0032,38.05576000,54.98000000,3,22.72797900,annual,1
customer_0032_observation_04,customer_0032,37.52331800,53.64621900,2,21.90527500,annual,0
customer_0032_observation_05,customer_0032,38.43218200,55.51003200,3,20.90565600,annual,1
customer_0033_observation_00,customer_0033,44.53566100,123.12550400,4,15.07045700,monthly,1
customer_0033_observation_01,customer_0033,45.24733300,120.96522000,3,14.46671900,monthly,1
customer_0033_observation_02,customer_0033,45.23567700,121.16145000,2,13.35280700,monthly,1
customer_0033_observation_03,customer_0033,44.22403100,119.17218600,2,14.83924400,monthly,1
customer_0033_observation_04,customer_0033,45.81641000,117.65846600,3,12.72988200,monthly,1
customer_0033_observation_05,customer_0033,47.50384600,121.44040900,3,12.74538300,monthly,1
customer_0034_observation_00,customer_0034,11.36258700,100.74214400,1,16.04024100,monthly,0
customer_0034_observation_01,customer_0034,11.57551300,96.02737400,1,15.58943900,monthly,0
customer_0034_observation_02,customer_0034,12.07354000,93.90578900,1,15.75851600,monthly,0
customer_0034_observation_03,customer_0034,14.27524000,95.95293900,1,15.33975200,monthly,0
customer_0034_observation_04,customer_0034,12.78420800,91.11280100,1,16.37317000,monthly,0
customer_0034_observation_05,customer_0034,15.32275300,94.66814800,2,18.08571400,monthly,0
customer_0035_observation_00,customer_0035,35.89880100,46.64359600,0,7.12853700,monthly,0
customer_0035_observation_01,customer_0035,39.01503300,42.69162500,0,10.76005200,monthly,0
customer_0035_observation_02,customer_0035,37.28258200,44.25158900,0,7.18160600,monthly,0
customer_0035_observation_03,customer_0035,38.63232200,42.33439100,0,9.46735500,monthly,0
customer_0035_observation_04,customer_0035,37.34113700,41.94983600,0,7.59677600,monthly,0
customer_0035_observation_05,customer_0035,38.78071700,44.69605900,0,8.98542900,monthly,0
customer_0036_observation_00,customer_0036,29.58342600,70.32050200,5,21.51222600,two_year,1
customer_0036_observation_01,customer_0036,29.65827900,74.07268300,5,22.03950600,two_year,1
customer_0036_observation_02,customer_0036,30.65404600,71.94090700,5,20.37052500,two_year,1
customer_0036_observation_03,customer_0036,29.38144000,75.39779900,4,20.08922700,two_year,1
customer_0036_observation_04,customer_0036,31.28353900,77.18560800,4,20.45812600,two_year,1
customer_0036_observation_05,customer_0036,32.01629900,79.91376000,4,19.62817200,two_year,1
customer_0037_observation_00,customer_0037,71.65160300,74.56779400,5,15.30375100,annual,1
customer_0037_observation_01,customer_0037,71.93639800,74.78986900,5,14.38333500,annual,1
customer_0037_observation_02,customer_0037,72.27926200,72.41609100,5,16.64937100,annual,1
customer_0037_observation_03,customer_0037,72.02966200,73.76278100,6,16.64063000,annual,1
customer_0037_observation_04,customer_0037,73.89090400,71.41362800,5,17.87658500,annual,1
customer_0037_observation_05,customer_0037,73.84773300,78.54380900,4,13.62392600,annual,1
customer_0038_observation_00,customer_0038,50.22031800,74.47244600,0,12.69098900,two_year,1
customer_0038_observation_01,customer_0038,50.80792600,71.42117900,0,12.07929700,two_year,1
customer_0038_observation_02,customer_0038,50.61973800,75.55777900,1,12.62223200,two_year,1
customer_0038_observation_03,customer_0038,50.73922300,71.81017500,0,11.19722800,two_year,1
customer_0038_observation_04,customer_0038,52.33832400,76.75845600,1,10.15397200,two_year,1
customer_0038_observation_05,customer_0038,52.19969300,71.87810300,0,12.01603900,two_year,1
customer_0039_observation_00,customer_0039,30.63400000,70.66538400,4,24.84353800,monthly,1
customer_0039_observation_01,customer_0039,30.80703200,65.42103200,4,22.78313700,monthly,1
customer_0039_observation_02,customer_0039,30.63487200,71.42308100,4,23.34760200,monthly,1
customer_0039_observation_03,customer_0039,31.49457800,64.21112500,3,22.73413000,monthly,1
customer_0039_observation_04,customer_0039,31.87073500,70.44533300,4,22.12000300,monthly,1
customer_0039_observation_05,customer_0039,33.21908800,70.11132200,3,25.05501200,monthly,1
customer_0040_observation_00,customer_0040,8.35394000,58.28684500,3,18.53710300,monthly,0
customer_0040_observation_01,customer_0040,9.40928900,57.02514300,3,19.31696700,monthly,0
customer_0040_observation_02,customer_0040,9.30634200,53.88116000,2,16.64700400,monthly,0
customer_0040_observation_03,customer_0040,9.83737700,61.46344600,3,19.55835100,monthly,0
customer_0040_observation_04,customer_0040,10.79108800,56.40085200,2,18.27614100,monthly,0
customer_0040_observation_05,customer_0040,11.10076800,56.47567900,4,19.75596200,monthly,0
customer_0041_observation_00,customer_0041,49.88703100,66.12074400,3,10.96819300,monthly,1
customer_0041_observation_01,customer_0041,49.06584900,69.84140600,4,12.19786600,monthly,1
customer_0041_observation_02,customer_0041,50.71771800,68.03868200,3,10.94991000,monthly,1
customer_0041_observation_03,customer_0041,48.71207400,66.77254300,3,11.93712100,monthly,1
customer_0041_observation_04,customer_0041,50.59645600,66.87309500,4,13.45151000,monthly,1
customer_0041_observation_05,customer_0041,51.04720800,65.33662800,3,10.50911500,monthly,1
customer_0042_observation_00,customer_0042,57.48407800,75.56524800,1,8.84855800,monthly,1
customer_0042_observation_01,customer_0042,58.27580500,82.32884900,1,11.10106400,monthly,1
customer_0042_observation_02,customer_0042,58.39331900,82.09122500,0,11.60383100,monthly,1
customer_0042_observation_03,customer_0042,58.63066800,79.59476900,0,9.61082600,monthly,1
customer_0042_observation_04,customer_0042,59.70639600,81.78166800,0,12.80108000,monthly,1
customer_0042_observation_05,customer_0042,60.67634800,77.90068700,0,10.72597100,monthly,1
customer_0043_observation_00,customer_0043,45.96804900,103.81840700,2,16.57220400,monthly,1
customer_0043_observation_01,customer_0043,45.72112400,100.00535600,4,15.05389600,monthly,1
customer_0043_observation_02,customer_0043,46.20224400,97.37936800,3,14.16657100,monthly,1
customer_0043_observation_03,customer_0043,46.73605600,97.54186600,4,12.40186500,monthly,1
customer_0043_observation_04,customer_0043,47.73202700,99.09462600,2,12.44547700,monthly,1
customer_0043_observation_05,customer_0043,47.74756000,98.52596400,3,14.12300100,monthly,1
customer_0044_observation_00,customer_0044,42.47395100,53.28487600,3,15.45589300,monthly,1
customer_0044_observation_01,customer_0044,41.86155000,52.16671800,3,17.01615400,monthly,1
customer_0044_observation_02,customer_0044,44.14348900,53.30342800,3,17.13277500,monthly,1
customer_0044_observation_03,customer_0044,42.56647200,48.90010000,4,18.03387600,monthly,1
customer_0044_observation_04,customer_0044,44.19767900,52.14938000,3,17.29213700,monthly,1
customer_0044_observation_05,customer_0044,44.82910000,53.30981900,2,19.74655000,monthly,1
customer_0045_observation_00,customer_0045,20.79213300,96.30424900,3,14.26089600,monthly,1
customer_0045_observation_01,customer_0045,20.42791600,97.14694800,2,13.86697800,monthly,1
customer_0045_observation_02,customer_0045,21.48365000,95.49060700,2,13.48451000,monthly,1
customer_0045_observation_03,customer_0045,22.05952400,100.42865800,2,12.06977200,monthly,1
customer_0045_observation_04,customer_0045,22.40768300,97.24941300,1,12.26415000,monthly,1
customer_0045_observation_05,customer_0045,22.37919600,96.57770600,2,13.28728100,monthly,1
customer_0046_observation_00,customer_0046,51.83645800,70.66047700,2,18.03813100,monthly,0
customer_0046_observation_01,customer_0046,52.51302000,64.30518900,3,22.68260300,monthly,0
customer_0046_observation_02,customer_0046,53.14005700,66.93947100,1,22.05642900,monthly,0
customer_0046_observation_03,customer_0046,53.37764500,65.76418200,2,22.62779300,monthly,0
customer_0046_observation_04,customer_0046,52.73137500,68.84872200,2,20.68465900,monthly,0
customer_0046_observation_05,customer_0046,53.63226400,68.28206000,3,23.18737100,monthly,0
customer_0047_observation_00,customer_0047,42.60725400,73.63006300,1,14.82030900,two_year,0
customer_0047_observation_01,customer_0047,43.16028600,70.45161400,1,14.95131900,two_year,0
customer_0047_observation_02,customer_0047,44.08248200,74.76948800,1,16.80512000,two_year,0
customer_0047_observation_03,customer_0047,45.39699200,73.96580000,2,14.42110200,two_year,0
customer_0047_observation_04,customer_0047,44.33541700,70.60308100,1,14.36179100,two_year,0
customer_0047_observation_05,customer_0047,44.69982300,72.30421700,2,14.76378700,two_year,0
customer_0048_observation_00,customer_0048,7.69904400,78.59791200,4,16.65053500,monthly,1
customer_0048_observation_01,customer_0048,7.74600000,83.96784900,4,13.84658000,monthly,1
customer_0048_observation_02,customer_0048,8.33856600,84.51251500,4,14.92376000,monthly,1
customer_0048_observation_03,customer_0048,8.13555600,85.23600000,5,12.90430100,monthly,1
customer_0048_observation_04,customer_0048,8.72029600,82.12754300,4,14.79074400,monthly,1
customer_0048_observation_05,customer_0048,8.88136900,79.13129300,6,14.09590400,monthly,1
customer_0049_observation_00,customer_0049,6.44958400,97.60563800,2,10.66191300,monthly,1
customer_0049_observation_01,customer_0049,6.11164300,100.14523100,2,11.10854800,monthly,1
customer_0049_observation_02,customer_0049,7.37803500,99.75521000,1,11.65525900,monthly,1
customer_0049_observation_03,customer_0049,6.61616200,92.96997000,1,11.67634400,monthly,1
customer_0049_observation_04,customer_0049,7.54236200,98.75148700,1,11.41612300,monthly,1
customer_0049_observation_05,customer_0049,8.44295800,94.62849600,1,11.86624700,monthly,1
customer_0050_observation_00,customer_0050,4.12932300,74.60976300,2,21.30473200,annual,1
customer_0050_observation_01,customer_0050,4.38425300,71.04055400,2,22.83674700,annual,1
customer_0050_observation_02,customer_0050,4.51488800,74.10316700,2,19.41962200,annual,1
customer_0050_observation_03,customer_0050,6.33844200,77.11935800,3,20.05733000,annual,1
customer_0050_observation_04,customer_0050,5.99136500,70.49882600,2,20.93964000,annual,1
customer_0050_observation_05,customer_0050,6.39127700,73.20976800,2,22.85202200,annual,1
customer_0051_observation_00,customer_0051,8.72630900,76.48679400,0,24.47336600,annual,0
customer_0051_observation_01,customer_0051,8.58833500,69.78842500,0,25.09430800,annual,0
customer_0051_observation_02,customer_0051,8.75308000,73.01221500,0,24.81172400,annual,0
customer_0051_observation_03,customer_0051,9.57118700,71.60604500,0,21.46745800,annual,0
customer_0051_observation_04,customer_0051,11.97159500,69.59653300,0,23.52870400,annual,0
customer_0051_observation_05,customer_0051,9.69168600,72.95407700,0,25.62268100,annual,0
customer_0052_observation_00,customer_0052,57.00240000,55.55867800,5,9.89729800,monthly,1
customer_0052_observation_01,customer_0052,56.68214700,56.32309300,5,7.07696100,monthly,1
customer_0052_observation_02,customer_0052,57.67447300,55.36079500,6,6.70453400,monthly,1
customer_0052_observation_03,customer_0052,59.03795200,52.92294700,6,10.94352900,monthly,1
customer_0052_observation_04,customer_0052,59.17947400,53.54097900,5,11.10637400,monthly,1
customer_0052_observation_05,customer_0052,59.08253900,52.32692400,5,7.82502700,monthly,1
customer_0053_observation_00,customer_0053,65.41595200,94.52632300,3,19.40857200,monthly,1
customer_0053_observation_01,customer_0053,65.44797500,94.49381700,2,19.83940900,monthly,1
customer_0053_observation_02,customer_0053,66.66315600,93.76453100,1,19.06931700,monthly,1
customer_0053_observation_03,customer_0053,66.77228900,94.10297800,2,17.93593600,monthly,1
customer_0053_observation_04,customer_0053,67.83555000,95.37512900,2,16.35967900,monthly,1
customer_0053_observation_05,customer_0053,67.41846500,97.17263400,1,17.92206200,monthly,1
customer_0054_observation_00,customer_0054,42.47367200,32.88337800,5,12.84271500,annual,0
customer_0054_observation_01,customer_0054,42.21692300,35.77213700,5,14.69471400,annual,0
customer_0054_observation_02,customer_0054,43.63684400,34.88986800,5,13.74207400,annual,0
customer_0054_observation_03,customer_0054,43.31477800,34.74883500,6,14.37052000,annual,0
customer_0054_observation_04,customer_0054,43.96715800,39.29104000,5,12.03075600,annual,0
customer_0054_observation_05,customer_0054,45.02430400,31.84001800,5,13.51321600,annual,0
customer_0055_observation_00,customer_0055,37.18086000,85.32544500,1,22.54115600,annual,1
customer_0055_observation_01,customer_0055,39.15137300,88.60300600,1,22.35260200,annual,1
customer_0055_observation_02,customer_0055,38.10662300,91.30615500,1,21.56704900,annual,1
customer_0055_observation_03,customer_0055,39.83528400,91.80403600,1,22.13317200,annual,1
customer_0055_observation_04,customer_0055,40.21156400,88.07668600,0,22.66797100,annual,1
customer_0055_observation_05,customer_0055,40.82491700,90.01113700,1,22.31027400,annual,1
customer_0056_observation_00,customer_0056,24.05087300,70.53466900,0,21.75415700,annual,0
customer_0056_observation_01,customer_0056,24.03341500,71.84609300,0,21.70433600,annual,0
customer_0056_observation_02,customer_0056,24.49011100,74.27145700,1,23.16422700,annual,0
customer_0056_observation_03,customer_0056,25.87356700,71.51934500,0,23.10551700,annual,0
customer_0056_observation_04,customer_0056,24.72880000,70.95121300,0,20.34595400,annual,0
customer_0056_observation_05,customer_0056,26.47418700,75.81972900,1,21.77117600,annual,0
customer_0057_observation_00,customer_0057,62.20552000,51.83584000,1,22.55933000,monthly,0
customer_0057_observation_01,customer_0057,63.95415800,52.16078100,1,22.57466600,monthly,0
customer_0057_observation_02,customer_0057,63.55067500,52.06297700,0,24.58164300,monthly,0
customer_0057_observation_03,customer_0057,64.67781200,51.65226500,0,24.71515600,monthly,0
customer_0057_observation_04,customer_0057,65.33866600,52.53351500,1,24.09271000,monthly,0
customer_0057_observation_05,customer_0057,66.35063500,54.10412800,1,20.95222700,monthly,0
customer_0058_observation_00,customer_0058,29.95982900,68.76927200,2,17.99131400,monthly,0
customer_0058_observation_01,customer_0058,30.76702000,70.03685000,3,20.33813200,monthly,0
customer_0058_observation_02,customer_0058,30.24869400,72.81457400,2,19.59522800,monthly,0
customer_0058_observation_03,customer_0058,31.36462100,71.91515600,4,17.48416700,monthly,0
customer_0058_observation_04,customer_0058,31.70370600,69.35158600,3,18.84500600,monthly,0
customer_0058_observation_05,customer_0058,32.44599100,72.13519100,4,18.19270500,monthly,0
customer_0059_observation_00,customer_0059,41.83147100,103.68755300,3,20.78286600,monthly,0
customer_0059_observation_01,customer_0059,42.07524600,100.56219000,3,19.71042300,monthly,0
customer_0059_observation_02,customer_0059,42.46906100,100.68971500,4,18.67231200,monthly,0
customer_0059_observation_03,customer_0059,42.80228600,102.53086800,3,18.80645500,monthly,0
customer_0059_observation_04,customer_0059,42.75985500,102.58821200,2,19.75982300,monthly,0
customer_0059_observation_05,customer_0059,44.27051000,99.70618400,3,17.36954300,monthly,0
customer_0060_observation_00,customer_0060,14.65107700,67.14588200,2,16.19489700,annual,0
customer_0060_observation_01,customer_0060,15.92397900,66.50224900,1,16.28821400,annual,0
customer_0060_observation_02,customer_0060,16.82845800,69.60668900,2,15.08757600,annual,0
customer_0060_observation_03,customer_0060,15.85126700,70.33074700,1,13.07430300,annual,0
customer_0060_observation_04,customer_0060,18.15114700,67.68403900,2,14.82082700,annual,0
customer_0060_observation_05,customer_0060,18.30240400,69.50991500,2,15.41685600,annual,0
customer_0061_observation_00,customer_0061,33.31939200,72.91855100,4,12.19777300,two_year,1
customer_0061_observation_01,customer_0061,35.30390400,70.20529900,4,12.73757400,two_year,1
customer_0061_observation_02,customer_0061,33.88303500,70.77225400,4,10.88786000,two_year,1
customer_0061_observation_03,customer_0061,35.67274400,72.10277100,3,9.27351300,two_year,1
customer_0061_observation_04,customer_0061,35.01373200,70.89075700,4,9.02025500,two_year,1
customer_0061_observation_05,customer_0061,36.55161000,74.97012000,3,10.26767600,two_year,1
customer_0062_observation_00,customer_0062,15.71694600,110.58639200,6,26.43688900,two_year,0
customer_0062_observation_01,customer_0062,16.34668300,109.39651700,6,27.34866900,two_year,0
customer_0062_observation_02,customer_0062,16.90729000,113.02733100,6,23.79957200,two_year,0
customer_0062_observation_03,customer_0062,16.11885200,112.91741500,6,25.01708700,two_year,0
customer_0062_observation_04,customer_0062,18.36455800,111.75299000,5,24.34091100,two_year,0
customer_0062_observation_05,customer_0062,16.63832400,108.07579900,5,24.36480700,two_year,0
customer_0063_observation_00,customer_0063,67.22742500,85.19350800,1,24.35865100,monthly,0
customer_0063_observation_01,customer_0063,66.61151900,86.14704000,0,24.00864800,monthly,0
customer_0063_observation_02,customer_0063,67.64437700,84.92657100,1,23.34254700,monthly,0
customer_0063_observation_03,customer_0063,67.79036700,88.54146100,2,26.03449800,monthly,0
customer_0063_observation_04,customer_0063,67.99636700,84.11528400,1,24.35483800,monthly,0
customer_0063_observation_05,customer_0063,67.88215300,85.38937900,2,24.06854100,monthly,0
customer_0064_observation_00,customer_0064,57.18024800,66.16215400,1,27.83229000,monthly,1
customer_0064_observation_01,customer_0064,57.42001200,68.04998600,1,27.53336900,monthly,1
customer_0064_observation_02,customer_0064,57.25024500,65.96983400,0,23.17468900,monthly,1
customer_0064_observation_03,customer_0064,58.01467200,68.24048300,0,26.09522600,monthly,1
customer_0064_observation_04,customer_0064,58.45658000,67.78688900,2,25.76908400,monthly,1
customer_0064_observation_05,customer_0064,58.68397200,67.53172300,2,28.30616800,monthly,1
customer_0065_observation_00,customer_0065,46.84543600,70.99768100,2,20.85598800,monthly,1
customer_0065_observation_01,customer_0065,46.98648300,69.76957200,1,19.70909700,monthly,1
customer_0065_observation_02,customer_0065,49.30630100,64.75411600,0,19.63893400,monthly,1
customer_0065_observation_03,customer_0065,48.98732000,66.50057100,1,20.58931600,monthly,1
customer_0065_observation_04,customer_0065,49.58255400,69.61273500,0,21.99659700,monthly,1
customer_0065_observation_05,customer_0065,48.36267700,66.97274700,0,21.83244400,monthly,1
customer_0066_observation_00,customer_0066,2.22362800,84.16465300,3,15.72796500,two_year,1
customer_0066_observation_01,customer_0066,2.92923500,85.04102900,3,16.42454200,two_year,1
customer_0066_observation_02,customer_0066,3.21665300,81.68116000,3,14.54214900,two_year,1
customer_0066_observation_03,customer_0066,4.20739000,82.12518800,4,13.08155300,two_year,1
customer_0066_observation_04,customer_0066,5.01228400,84.66383700,4,16.13064600,two_year,1
customer_0066_observation_05,customer_0066,5.14804500,85.17948200,3,13.04228900,two_year,1
customer_0067_observation_00,customer_0067,4.71895800,68.47916400,3,23.41482400,two_year,1
customer_0067_observation_01,customer_0067,5.68570400,70.92278700,5,22.18962800,two_year,1
customer_0067_observation_02,customer_0067,5.90697700,73.36606600,4,21.59196700,two_year,1
customer_0067_observation_03,customer_0067,6.21662200,75.81178000,5,23.55715700,two_year,1
customer_0067_observation_04,customer_0067,5.97146800,71.41647100,5,22.74700000,two_year,1
customer_0067_observation_05,customer_0067,7.17567000,70.97846400,4,23.39325400,two_year,1
customer_0068_observation_00,customer_0068,12.45800300,82.02684300,0,20.21437100,annual,0
customer_0068_observation_01,customer_0068,11.59204700,73.54153400,1,19.77069000,annual,0
customer_0068_observation_02,customer_0068,14.04526900,79.12596300,1,20.03863100,annual,0
customer_0068_observation_03,customer_0068,14.01979900,76.61875800,1,19.46060900,annual,0
customer_0068_observation_04,customer_0068,14.95602800,74.38554100,1,20.64091400,annual,0
customer_0068_observation_05,customer_0068,14.08607300,78.39587800,0,19.55519300,annual,0
customer_0069_observation_00,customer_0069,71.20254300,54.88277500,1,12.55741100,monthly,1
customer_0069_observation_01,customer_0069,71.84282700,55.18073000,2,14.51840100,monthly,0
customer_0069_observation_02,customer_0069,71.67282300,57.69220000,2,13.97555200,monthly,0
customer_0069_observation_03,customer_0069,73.28832100,53.91285700,1,12.91556100,monthly,0
customer_0069_observation_04,customer_0069,74.24979500,60.48145400,1,15.37275200,monthly,0
customer_0069_observation_05,customer_0069,74.26788900,59.85679200,1,14.97498900,monthly,0
customer_0070_observation_00,customer_0070,6.75137500,80.06030800,2,17.86056500,monthly,1
customer_0070_observation_01,customer_0070,8.50911300,81.01129100,1,19.90550500,monthly,1
customer_0070_observation_02,customer_0070,8.60746400,75.54525700,2,19.45695300,monthly,1
customer_0070_observation_03,customer_0070,8.73023800,80.52192700,3,18.91634700,monthly,1
customer_0070_observation_04,customer_0070,9.09087500,77.58636500,2,20.28127200,monthly,1
customer_0070_observation_05,customer_0070,9.13506800,82.54257800,2,18.36141700,monthly,1
customer_0071_observation_00,customer_0071,42.43688800,96.86312000,2,16.51955200,monthly,0
customer_0071_observation_01,customer_0071,43.72961400,98.46178900,2,15.58944800,monthly,0
customer_0071_observation_02,customer_0071,44.90222200,97.00589900,1,14.77960300,monthly,0
customer_0071_observation_03,customer_0071,43.41400100,97.70445000,2,14.19444500,monthly,0
customer_0071_observation_04,customer_0071,45.54297400,103.63875700,3,11.26740500,monthly,0
customer_0071_observation_05,customer_0071,45.35090100,99.30691800,1,15.77598200,monthly,0
customer_0072_observation_00,customer_0072,41.77273000,107.02348700,2,22.53015900,monthly,1
customer_0072_observation_01,customer_0072,41.82286300,105.84135900,3,22.77868100,monthly,1
customer_0072_observation_02,customer_0072,42.81654700,109.21205100,3,21.54079000,monthly,1
customer_0072_observation_03,customer_0072,43.28884600,99.49792300,2,23.14915000,monthly,1
customer_0072_observation_04,customer_0072,43.56762100,109.47424100,3,21.68247000,monthly,1
customer_0072_observation_05,customer_0072,43.57669000,103.85951400,2,20.54364300,monthly,1
customer_0073_observation_00,customer_0073,62.78805400,64.99280300,0,15.41011800,monthly,1
customer_0073_observation_01,customer_0073,63.61606800,70.17647800,0,16.07279200,monthly,1
customer_0073_observation_02,customer_0073,62.97614800,61.98623300,1,16.16939300,monthly,1
customer_0073_observation_03,customer_0073,63.22785300,69.93822500,0,17.15022900,monthly,0
customer_0073_observation_04,customer_0073,64.50983200,70.02896400,0,16.38601000,monthly,1
customer_0073_observation_05,customer_0073,64.65483900,68.79510800,2,17.56966800,monthly,1
customer_0074_observation_00,customer_0074,57.99061400,53.22089500,3,18.05063400,monthly,1
customer_0074_observation_01,customer_0074,58.14620600,49.34498900,2,17.43899000,monthly,1
customer_0074_observation_02,customer_0074,59.84384600,53.82586100,2,18.60343600,monthly,1
customer_0074_observation_03,customer_0074,59.39869400,50.79031200,2,17.67992300,monthly,1
customer_0074_observation_04,customer_0074,59.47950100,49.82807700,3,16.21480300,monthly,1
customer_0074_observation_05,customer_0074,60.50941900,44.77285400,3,19.29871100,monthly,1
customer_0075_observation_00,customer_0075,45.20839900,97.47003900,0,17.00764200,monthly,0
customer_0075_observation_01,customer_0075,46.60516900,96.11377800,0,16.23619400,monthly,0
customer_0075_observation_02,customer_0075,45.72145200,94.26872900,1,18.68747100,monthly,0
customer_0075_observation_03,customer_0075,47.60676300,96.32912000,1,17.93262400,monthly,0
customer_0075_observation_04,customer_0075,47.62002500,100.95773700,2,15.05505300,monthly,0
customer_0075_observation_05,customer_0075,47.98341500,94.16473200,2,15.86660600,monthly,0
customer_0076_observation_00,customer_0076,28.31044100,57.34931500,1,14.21348300,monthly,1
customer_0076_observation_01,customer_0076,27.47004300,56.66526700,1,13.26547700,monthly,1
customer_0076_observation_02,customer_0076,29.79746200,60.33567600,1,12.01172900,monthly,1
customer_0076_observation_03,customer_0076,29.68426300,61.71576400,1,12.46157700,monthly,1
customer_0076_observation_04,customer_0076,29.20962400,57.66647800,0,13.32562400,monthly,1
customer_0076_observation_05,customer_0076,29.75937700,61.29162100,0,12.71378000,monthly,1
customer_0077_observation_00,customer_0077,35.52012600,33.46906100,3,16.80362000,annual,1
customer_0077_observation_01,customer_0077,36.01423600,37.75956800,2,16.27427400,annual,1
customer_0077_observation_02,customer_0077,36.55588900,37.07896500,2,14.28160700,annual,1
customer_0077_observation_03,customer_0077,36.48700200,36.36040700,3,14.54123900,annual,1
customer_0077_observation_04,customer_0077,36.29362000,38.40972600,2,15.04145100,annual,1
customer_0077_observation_05,customer_0077,37.17856600,37.07792100,3,15.33709200,annual,1
customer_0078_observation_00,customer_0078,23.56041300,88.19422600,1,15.84884300,monthly,0
customer_0078_observation_01,customer_0078,22.14780800,88.32976100,1,19.08233500,monthly,0
customer_0078_observation_02,customer_0078,23.77148100,89.03359200,1,17.28623700,monthly,0
customer_0078_observation_03,customer_0078,24.08878300,85.97067700,1,17.46095500,monthly,0
customer_0078_observation_04,customer_0078,23.98561400,90.09294200,1,14.74040200,monthly,0
customer_0078_observation_05,customer_0078,24.15784800,88.19453400,1,14.21282400,monthly,0
customer_0079_observation_00,customer_0079,65.26684200,58.03007700,2,16.13152700,two_year,0
customer_0079_observation_01,customer_0079,64.19313200,57.86512300,2,16.67785400,two_year,0
customer_0079_observation_02,customer_0079,65.60362900,57.41028700,1,17.10251200,two_year,0
customer_0079_observation_03,customer_0079,64.94636900,60.86944900,1,18.86837500,two_year,0
customer_0079_observation_04,customer_0079,66.68305700,63.22667100,0,16.86729900,two_year,0
customer_0079_observation_05,customer_0079,66.81427400,58.60281500,1,17.13366200,two_year,0
customer_0080_observation_00,customer_0080,66.33754800,72.86806500,2,14.59960500,monthly,1
customer_0080_observation_01,customer_0080,66.31725900,74.33060300,1,13.98894100,monthly,1
customer_0080_observation_02,customer_0080,66.61314800,76.56808500,1,13.85678300,monthly,1
customer_0080_observation_03,customer_0080,66.95899900,76.60444700,1,12.74280900,monthly,1
customer_0080_observation_04,customer_0080,66.32303900,72.89529200,0,13.86596200,monthly,1
customer_0080_observation_05,customer_0080,68.28744400,77.67171300,1,14.47104200,monthly,1
customer_0081_observation_00,customer_0081,6.26954500,50.59409100,1,17.10922600,monthly,1
customer_0081_observation_01,customer_0081,7.62135000,53.69262400,2,17.91309000,monthly,1
customer_0081_observation_02,customer_0081,7.81339900,51.69777200,1,16.62678100,monthly,1
customer_0081_observation_03,customer_0081,7.37720800,51.34736500,1,16.73168300,monthly,1
customer_0081_observation_04,customer_0081,7.74922600,50.75650800,1,15.97392700,monthly,1
customer_0081_observation_05,customer_0081,8.91738400,50.80838100,2,19.11767100,monthly,1
customer_0082_observation_00,customer_0082,31.51005600,61.00869800,2,7.70438600,annual,0
customer_0082_observation_01,customer_0082,32.99028500,59.02490700,3,9.23139100,annual,0
customer_0082_observation_02,customer_0082,33.96864800,59.54224000,3,7.62022400,annual,0
customer_0082_observation_03,customer_0082,34.12316100,58.14710400,2,10.45413400,annual,0
customer_0082_observation_04,customer_0082,33.70295000,60.26909700,2,7.29424700,annual,0
customer_0082_observation_05,customer_0082,34.31333900,63.21934000,1,7.93000600,annual,0
customer_0083_observation_00,customer_0083,23.08245900,81.19551100,2,26.89941200,two_year,0
customer_0083_observation_01,customer_0083,23.35065800,80.80684500,2,28.38961500,two_year,0
customer_0083_observation_02,customer_0083,23.06958700,81.83018000,1,24.89069400,two_year,0
customer_0083_observation_03,customer_0083,24.34347700,83.19839400,1,29.37923200,two_year,0
customer_0083_observation_04,customer_0083,25.79866700,82.18335700,1,25.33668500,two_year,0
customer_0083_observation_05,customer_0083,26.87172000,80.09754800,3,26.55382000,two_year,0
customer_0084_observation_00,customer_0084,20.37297700,91.74293800,2,23.85374000,annual,0
customer_0084_observation_01,customer_0084,21.86587300,90.79676100,3,20.10708200,annual,0
customer_0084_observation_02,customer_0084,21.27901500,90.69249800,3,23.23832100,annual,0
customer_0084_observation_03,customer_0084,22.56597300,88.49108800,2,25.38602400,annual,0
customer_0084_observation_04,customer_0084,22.27034200,84.29391600,2,24.75019200,annual,0
customer_0084_observation_05,customer_0084,23.79021700,91.96479200,2,22.39914100,annual,0
customer_0085_observation_00,customer_0085,67.49479700,63.21349000,3,14.54986400,monthly,1
customer_0085_observation_01,customer_0085,68.96476800,56.68787200,2,14.33167200,monthly,1
customer_0085_observation_02,customer_0085,68.41419800,59.16530500,2,14.33012400,monthly,1
customer_0085_observation_03,customer_0085,68.18714700,55.90626900,2,13.61276500,monthly,1
customer_0085_observation_04,customer_0085,69.64686500,60.14898000,2,14.03700800,monthly,1
customer_0085_observation_05,customer_0085,68.85331400,58.40621000,2,13.68011600,monthly,1
customer_0086_observation_00,customer_0086,46.18428600,88.18051900,2,19.46050000,monthly,0
customer_0086_observation_01,customer_0086,47.80732000,84.62355900,3,19.13939700,monthly,0
customer_0086_observation_02,customer_0086,45.55452700,90.71593700,3,18.42701500,monthly,0
customer_0086_observation_03,customer_0086,47.37152900,85.95770200,3,21.63541200,monthly,0
customer_0086_observation_04,customer_0086,48.11669500,88.39804200,2,19.35278600,monthly,0
customer_0086_observation_05,customer_0086,48.37325500,86.61638200,2,20.31501500,monthly,0
customer_0087_observation_00,customer_0087,55.19030800,82.09271000,0,18.36294300,annual,0
customer_0087_observation_01,customer_0087,56.59891200,83.47602900,0,19.13258700,annual,0
customer_0087_observation_02,customer_0087,56.65025000,82.82003600,0,17.21275200,annual,0
customer_0087_observation_03,customer_0087,57.10027200,81.05781800,0,18.29573700,annual,0
customer_0087_observation_04,customer_0087,58.26274700,83.15976300,1,17.90232800,annual,0
customer_0087_observation_05,customer_0087,58.93671800,81.78497600,1,19.79318500,annual,0
customer_0088_observation_00,customer_0088,10.24126100,103.87125300,4,12.91197600,monthly,1
customer_0088_observation_01,customer_0088,10.92337900,109.22737800,4,13.68790900,monthly,1
customer_0088_observation_02,customer_0088,10.13966100,103.88337700,4,13.94639700,monthly,1
customer_0088_observation_03,customer_0088,11.50719500,103.32798900,3,15.54012100,monthly,1
customer_0088_observation_04,customer_0088,11.24472100,107.16892500,4,14.00379300,monthly,1
customer_0088_observation_05,customer_0088,11.41731500,107.74384000,4,14.53514500,monthly,1
customer_0089_observation_00,customer_0089,24.47232400,71.54191500,1,22.22703800,annual,1
customer_0089_observation_01,customer_0089,25.29692400,70.21278200,1,21.86708700,annual,1
customer_0089_observation_02,customer_0089,25.95883200,72.84253600,1,21.28162800,annual,1
customer_0089_observation_03,customer_0089,24.08096000,74.16133300,1,21.99833000,annual,1
customer_0089_observation_04,customer_0089,26.11938400,67.58024300,1,19.96371200,annual,1
customer_0089_observation_05,customer_0089,25.64308000,67.94640000,0,22.59133800,annual,1
customer_0090_observation_00,customer_0090,19.64514300,80.45490600,1,19.37794100,annual,0
customer_0090_observation_01,customer_0090,21.11847800,80.82670700,0,20.12176100,annual,1
customer_0090_observation_02,customer_0090,21.60502300,75.42106100,1,18.92361900,annual,0
customer_0090_observation_03,customer_0090,22.23019300,79.21429100,2,19.24638100,annual,0
customer_0090_observation_04,customer_0090,22.75971300,81.11714000,2,20.10715200,annual,0
customer_0090_observation_05,customer_0090,22.59468000,77.04418100,1,20.63788500,annual,0
customer_0091_observation_00,customer_0091,68.43100100,84.82043900,1,22.93043800,monthly,0
customer_0091_observation_01,customer_0091,68.97298900,83.06617000,1,22.40672200,monthly,0
customer_0091_observation_02,customer_0091,70.21557300,90.07070000,0,20.17470000,monthly,0
customer_0091_observation_03,customer_0091,69.50764700,86.18015400,0,20.71320600,monthly,0
customer_0091_observation_04,customer_0091,70.79408000,85.34146500,1,21.43045800,monthly,0
customer_0091_observation_05,customer_0091,69.72852800,82.85169800,1,21.63968800,monthly,0
customer_0092_observation_00,customer_0092,28.43961400,57.44522300,1,18.38450500,annual,0
customer_0092_observation_01,customer_0092,29.78147900,62.48196700,1,20.18976700,annual,0
customer_0092_observation_02,customer_0092,31.24902900,58.87379300,1,18.94102400,annual,0
customer_0092_observation_03,customer_0092,30.22302600,61.46549100,3,18.18935000,annual,0
customer_0092_observation_04,customer_0092,29.77040200,58.56536800,2,19.21103100,annual,0
customer_0092_observation_05,customer_0092,30.71066300,62.52756000,2,20.75798100,annual,0
customer_0093_observation_00,customer_0093,35.27175000,59.69806700,0,9.03463500,monthly,0
customer_0093_observation_01,customer_0093,34.75438700,67.66215000,2,10.20388900,monthly,0
customer_0093_observation_02,customer_0093,35.43105000,63.96807000,2,7.94915500,monthly,0
customer_0093_observation_03,customer_0093,36.85276800,62.30062800,2,9.62747300,monthly,0
customer_0093_observation_04,customer_0093,35.69573700,60.22088500,0,10.11415400,monthly,0
customer_0093_observation_05,customer_0093,36.81688200,63.56493400,0,10.39463500,monthly,0
customer_0094_observation_00,customer_0094,49.39557300,56.21899600,5,12.34163200,monthly,0
customer_0094_observation_01,customer_0094,49.37964000,61.30241500,5,12.06897900,monthly,0
customer_0094_observation_02,customer_0094,51.07726100,57.07605600,5,14.41607900,monthly,0
customer_0094_observation_03,customer_0094,52.01178100,61.12596000,5,12.75483200,monthly,0
customer_0094_observation_04,customer_0094,52.14115500,60.30208700,5,12.16674900,monthly,0
customer_0094_observation_05,customer_0094,52.00659900,60.29318600,5,14.29665100,monthly,0
customer_0095_observation_00,customer_0095,13.36426900,69.68005600,2,22.32851200,two_year,0
customer_0095_observation_01,customer_0095,12.95593700,72.75010000,2,24.23214600,two_year,0
customer_0095_observation_02,customer_0095,12.77301600,76.09938600,1,20.64856100,two_year,0
customer_0095_observation_03,customer_0095,14.83784300,73.34786200,0,22.83126100,two_year,0
customer_0095_observation_04,customer_0095,14.19808600,73.56248400,1,23.07930900,two_year,0
customer_0095_observation_05,customer_0095,15.57225600,73.57748100,0,20.53121500,two_year,0
customer_0096_observation_00,customer_0096,50.03550400,111.04140000,1,29.43139000,two_year,1
customer_0096_observation_01,customer_0096,49.82502000,103.93211800,1,28.42766300,two_year,1
customer_0096_observation_02,customer_0096,49.92278000,109.65075600,1,28.47392300,two_year,1
customer_0096_observation_03,customer_0096,50.24167300,106.97984600,0,27.00234000,two_year,1
customer_0096_observation_04,customer_0096,49.67749400,108.43879800,2,28.65699200,two_year,1
customer_0096_observation_05,customer_0096,53.56328500,104.25724100,1,28.09957700,two_year,1
customer_0097_observation_00,customer_0097,21.35436600,89.59255100,1,17.33955800,monthly,1
customer_0097_observation_01,customer_0097,22.64445900,88.67252000,2,16.74194500,monthly,1
customer_0097_observation_02,customer_0097,23.42745500,88.69175900,1,17.05373900,monthly,1
customer_0097_observation_03,customer_0097,22.83018000,86.90948400,1,17.70617700,monthly,1
customer_0097_observation_04,customer_0097,23.84332800,88.90359900,3,15.42650700,monthly,1
customer_0097_observation_05,customer_0097,24.47107700,89.04670600,3,18.07334400,monthly,1
customer_0098_observation_00,customer_0098,18.45975600,64.06276200,4,17.84500300,monthly,1
customer_0098_observation_01,customer_0098,18.50976200,67.64788600,4,18.24013400,monthly,1
customer_0098_observation_02,customer_0098,17.76336000,65.49638500,4,16.21387000,monthly,1
customer_0098_observation_03,customer_0098,19.41225500,60.27542800,4,18.71986200,monthly,1
customer_0098_observation_04,customer_0098,18.75005500,63.79101000,4,18.00545300,monthly,1
customer_0098_observation_05,customer_0098,20.08691500,64.01834200,4,16.86037100,monthly,1
customer_0099_observation_00,customer_0099,41.79233800,37.60204000,1,14.91641300,monthly,0
customer_0099_observation_01,customer_0099,42.11502200,38.04486600,1,13.61270500,monthly,0
customer_0099_observation_02,customer_0099,43.17345600,40.90220900,0,15.55681500,monthly,0
customer_0099_observation_03,customer_0099,42.49378800,38.89945000,1,16.38797400,monthly,0
customer_0099_observation_04,customer_0099,44.59075700,41.94739700,1,16.48398400,monthly,0
customer_0099_observation_05,customer_0099,44.26999100,37.16217700,1,15.63781000,monthly,0
customer_0100_observation_00,customer_0100,35.79513200,67.23997100,0,19.31686600,two_year,0
customer_0100_observation_01,customer_0100,37.59521700,67.23530700,0,20.39858100,two_year,0
customer_0100_observation_02,customer_0100,37.60249800,62.50240100,0,20.30731000,two_year,0
customer_0100_observation_03,customer_0100,37.95834400,66.04973800,0,22.29728900,two_year,0
customer_0100_observation_04,customer_0100,40.15339100,65.78656100,0,22.72367100,two_year,0
customer_0100_observation_05,customer_0100,38.79562600,64.10218300,0,21.40976300,two_year,0
customer_0101_observation_00,customer_0101,57.68244400,49.48845900,4,20.07671400,two_year,0
customer_0101_observation_01,customer_0101,57.55709400,52.58727700,5,21.01650100,two_year,0
customer_0101_observation_02,customer_0101,57.60850600,48.83427800,5,20.76973400,two_year,0
customer_0101_observation_03,customer_0101,59.11228200,51.43017300,5,18.55573300,two_year,0
customer_0101_observation_04,customer_0101,60.08607100,50.75449600,5,20.77874000,two_year,0
customer_0101_observation_05,customer_0101,59.51230300,49.92306500,5,20.97919000,two_year,0
customer_0102_observation_00,customer_0102,31.08802200,75.31015500,3,17.14379300,monthly,1
customer_0102_observation_01,customer_0102,32.03614600,77.39940900,3,17.75676700,monthly,1
customer_0102_observation_02,customer_0102,32.07406000,77.68247800,3,16.86082800,monthly,1
customer_0102_observation_03,customer_0102,34.67782300,74.95269900,4,18.38539800,monthly,1
customer_0102_observation_04,customer_0102,32.79702400,74.71902500,3,16.11405500,monthly,1
customer_0102_observation_05,customer_0102,34.30791800,76.69553300,3,17.86482700,monthly,1
customer_0103_observation_00,customer_0103,26.57998000,80.68774800,0,14.53122200,monthly,0
customer_0103_observation_01,customer_0103,26.93627300,79.21777900,1,13.93228300,monthly,0
customer_0103_observation_02,customer_0103,26.99819300,78.77796800,1,15.07675900,monthly,0
customer_0103_observation_03,customer_0103,27.83657400,79.23704100,0,16.96007500,monthly,0
customer_0103_observation_04,customer_0103,29.20132700,76.50530200,1,14.98444800,monthly,0
customer_0103_observation_05,customer_0103,29.01703300,81.44491700,0,16.60075600,monthly,0
customer_0104_observation_00,customer_0104,69.32961600,33.66042200,2,8.46699500,monthly,1
customer_0104_observation_01,customer_0104,68.38942900,34.37801300,2,9.95752900,monthly,1
customer_0104_observation_02,customer_0104,70.31081900,36.62283400,3,11.33226500,monthly,1
customer_0104_observation_03,customer_0104,69.89153600,33.54278300,2,8.73165000,monthly,1
customer_0104_observation_04,customer_0104,69.65508100,33.46332100,2,10.52942200,monthly,1
customer_0104_observation_05,customer_0104,71.68801200,36.03490800,3,10.33363300,monthly,1
customer_0105_observation_00,customer_0105,4.33583700,108.24626500,0,15.96912200,monthly,1
customer_0105_observation_01,customer_0105,4.48601700,105.98434900,0,13.75016100,monthly,1
customer_0105_observation_02,customer_0105,3.60395700,110.24895100,1,15.18216200,monthly,1
customer_0105_observation_03,customer_0105,6.21304300,104.22158700,0,17.06519400,monthly,1
customer_0105_observation_04,customer_0105,6.14349700,108.48826700,0,14.00437600,monthly,1
customer_0105_observation_05,customer_0105,6.62181600,107.81762300,1,17.74584500,monthly,1
customer_0106_observation_00,customer_0106,24.11568900,86.51775900,2,13.97845400,monthly,1
customer_0106_observation_01,customer_0106,25.80973400,83.88545800,2,11.64001400,monthly,1
customer_0106_observation_02,customer_0106,25.55252800,82.00058400,3,10.35379100,monthly,1
customer_0106_observation_03,customer_0106,25.25318800,87.32959000,2,13.10537400,monthly,1
customer_0106_observation_04,customer_0106,26.89933800,86.12793900,2,9.35795300,monthly,1
customer_0106_observation_05,customer_0106,25.76709800,84.96171700,2,12.63962400,monthly,1
customer_0107_observation_00,customer_0107,68.54407700,54.42317100,3,16.33310000,two_year,0
customer_0107_observation_01,customer_0107,68.48556600,53.95785200,3,16.82528100,two_year,0
customer_0107_observation_02,customer_0107,70.17957600,51.57155100,3,14.25949300,two_year,0
customer_0107_observation_03,customer_0107,71.09455700,55.07155200,3,16.61608200,two_year,0
customer_0107_observation_04,customer_0107,69.78573600,55.58633100,2,15.79594500,two_year,0
customer_0107_observation_05,customer_0107,71.09735100,55.52592400,2,17.13594900,two_year,0
customer_0108_observation_00,customer_0108,69.28221700,69.25508800,1,10.63334800,monthly,0
customer_0108_observation_01,customer_0108,69.63413800,67.21908100,2,10.88112800,monthly,0
customer_0108_observation_02,customer_0108,70.39265200,62.81464300,0,12.55284400,monthly,0
customer_0108_observation_03,customer_0108,71.10494900,67.63346300,0,12.48232200,monthly,0
customer_0108_observation_04,customer_0108,72.37814900,67.68124600,1,14.46180200,monthly,0
customer_0108_observation_05,customer_0108,71.40897400,64.29455800,1,12.49876100,monthly,0
customer_0109_observation_00,customer_0109,2.71554100,82.79448600,6,14.97884400,annual,1
customer_0109_observation_01,customer_0109,5.24952600,85.17673500,7,16.54951000,annual,1
customer_0109_observation_02,customer_0109,5.89436800,88.11311300,6,15.95710600,annual,1
customer_0109_observation_03,customer_0109,6.42320700,89.64512700,6,17.40352300,annual,0
customer_0109_observation_04,customer_0109,4.79025500,83.28811600,6,16.77878800,annual,1
customer_0109_observation_05,customer_0109,6.17101600,89.03409500,7,16.41850000,annual,1
customer_0110_observation_00,customer_0110,32.77589300,84.87007300,2,19.28547300,annual,1
customer_0110_observation_01,customer_0110,31.40284400,84.30641200,2,18.54473000,annual,1
customer_0110_observation_02,customer_0110,31.16740900,81.20063500,2,17.68714100,annual,1
customer_0110_observation_03,customer_0110,32.15350600,80.15802100,1,20.20945400,annual,1
customer_0110_observation_04,customer_0110,32.96458300,85.54336400,2,19.28512600,annual,1
customer_0110_observation_05,customer_0110,33.28908000,84.35842000,0,18.25867100,annual,1
customer_0111_observation_00,customer_0111,46.40676900,74.35412700,2,23.52867300,monthly,0
customer_0111_observation_01,customer_0111,47.40527200,71.44401600,3,21.51082400,monthly,0
customer_0111_observation_02,customer_0111,47.37674600,71.67402800,3,21.96945900,monthly,0
customer_0111_observation_03,customer_0111,49.09625800,74.17535800,2,19.41500700,monthly,0
customer_0111_observation_04,customer_0111,48.29361800,71.09816700,2,22.96127600,monthly,0
customer_0111_observation_05,customer_0111,49.58990400,69.72695200,2,20.17306200,monthly,0
customer_0112_observation_00,customer_0112,12.77977600,49.25581700,2,12.04206600,annual,1
customer_0112_observation_01,customer_0112,12.69641000,53.10415700,2,12.87120100,annual,1
customer_0112_observation_02,customer_0112,12.23774900,52.89950000,2,10.49920600,annual,1
customer_0112_observation_03,customer_0112,14.43220900,52.07141100,1,12.29024100,annual,1
customer_0112_observation_04,customer_0112,13.22187800,48.35806300,3,10.99380700,annual,1
customer_0112_observation_05,customer_0112,14.44258800,54.37153100,3,12.84356500,annual,1
customer_0113_observation_00,customer_0113,56.87225000,59.46547800,4,13.83435800,annual,0
customer_0113_observation_01,customer_0113,57.52075400,59.89871200,3,12.95113200,annual,0
customer_0113_observation_02,customer_0113,58.41792600,58.32362100,4,14.22652400,annual,0
customer_0113_observation_03,customer_0113,58.38311900,59.58396100,3,12.86510900,annual,0
customer_0113_observation_04,customer_0113,58.40320500,60.42363400,3,11.85310000,annual,0
customer_0113_observation_05,customer_0113,59.23094200,58.04200600,3,11.27209400,annual,0
customer_0114_observation_00,customer_0114,14.22982800,60.30554400,1,18.34822000,monthly,1
customer_0114_observation_01,customer_0114,15.62560100,60.85965700,2,19.42096100,monthly,1
customer_0114_observation_02,customer_0114,14.81846800,64.19655600,2,20.27093400,monthly,1
customer_0114_observation_03,customer_0114,15.55503900,62.86116700,1,18.85032000,monthly,1
customer_0114_observation_04,customer_0114,16.78475500,60.45190400,1,19.00064100,monthly,1
customer_0114_observation_05,customer_0114,16.08594400,59.96373500,1,19.82835500,monthly,1
customer_0115_observation_00,customer_0115,53.50922800,80.67341200,5,16.72907700,monthly,1
customer_0115_observation_01,customer_0115,54.17803900,77.78270600,5,15.03030400,monthly,1
customer_0115_observation_02,customer_0115,53.35051100,76.86587900,3,13.20743700,monthly,1
customer_0115_observation_03,customer_0115,54.67269700,77.57852700,5,13.95106800,monthly,1
customer_0115_observation_04,customer_0115,54.05817800,77.90666500,4,11.57914200,monthly,1
customer_0115_observation_05,customer_0115,55.91441000,85.49061900,4,14.71489100,monthly,1
customer_0116_observation_00,customer_0116,24.25866500,64.15006400,1,10.65269700,monthly,1
customer_0116_observation_01,customer_0116,25.04196100,63.64091500,1,11.32187600,monthly,1
customer_0116_observation_02,customer_0116,25.11454900,65.37687500,1,8.18850100,monthly,0
customer_0116_observation_03,customer_0116,25.74849600,61.38071200,1,10.01610000,monthly,1
customer_0116_observation_04,customer_0116,26.37765100,67.56730000,0,8.14624000,monthly,1
customer_0116_observation_05,customer_0116,26.40238600,61.01584500,1,9.77277200,monthly,1
customer_0117_observation_00,customer_0117,61.96394100,60.36208800,6,16.81512700,monthly,0
customer_0117_observation_01,customer_0117,61.06605800,62.57004100,6,14.51947600,monthly,0
customer_0117_observation_02,customer_0117,62.41520500,64.79254500,7,13.75438700,monthly,0
customer_0117_observation_03,customer_0117,62.97851900,63.72626600,7,15.45620000,monthly,0
customer_0117_observation_04,customer_0117,64.37351400,61.68849800,7,13.41929600,monthly,0
customer_0117_observation_05,customer_0117,63.14649300,62.48756900,5,13.68353800,monthly,0
customer_0118_observation_00,customer_0118,15.27303800,83.61066600,3,15.15258100,monthly,1
customer_0118_observation_01,customer_0118,15.35458300,84.18457000,3,17.19674400,monthly,1
customer_0118_observation_02,customer_0118,15.74428200,81.87829300,3,17.13507200,monthly,1
customer_0118_observation_03,customer_0118,15.66250300,83.54814700,3,16.73599400,monthly,1
customer_0118_observation_04,customer_0118,17.67428400,84.17683600,3,15.28451000,monthly,1
customer_0118_observation_05,customer_0118,17.24047700,83.04820500,3,17.61039100,monthly,1
customer_0119_observation_00,customer_0119,52.25727500,77.31296000,1,19.08607500,monthly,0
customer_0119_observation_01,customer_0119,53.68573000,76.59006400,1,15.86897700,monthly,0
customer_0119_observation_02,customer_0119,53.16828200,74.39565300,2,19.33223600,monthly,0
customer_0119_observation_03,customer_0119,53.85685300,74.98297400,1,18.06847700,monthly,0
customer_0119_observation_04,customer_0119,54.21660200,74.44735000,1,20.21053700,monthly,0
customer_0119_observation_05,customer_0119,55.21022300,73.48859600,1,16.07318000,monthly,0
customer_0120_observation_00,customer_0120,10.18726300,79.01904300,1,15.44524700,monthly,1
customer_0120_observation_01,customer_0120,11.74566700,81.10998600,1,16.54735500,monthly,1
customer_0120_observation_02,customer_0120,12.72437300,76.37120700,2,15.79958500,monthly,1
customer_0120_observation_03,customer_0120,12.70310400,78.63587900,2,17.07044000,monthly,1
customer_0120_observation_04,customer_0120,11.36903100,74.77023300,1,15.89250500,monthly,1
customer_0120_observation_05,customer_0120,13.46605600,78.15306900,1,16.47235400,monthly,1
customer_0121_observation_00,customer_0121,29.98050800,89.92580200,1,19.96627300,monthly,0
customer_0121_observation_01,customer_0121,30.17567600,92.18508600,1,20.24437500,monthly,0
customer_0121_observation_02,customer_0121,30.73945900,90.08854800,1,20.10128200,monthly,0
customer_0121_observation_03,customer_0121,30.31482700,89.12427400,1,19.19859300,monthly,0
customer_0121_observation_04,customer_0121,33.22680700,89.82353100,0,19.74637500,monthly,0
customer_0121_observation_05,customer_0121,32.95557200,90.07258600,1,22.06139700,monthly,0
customer_0122_observation_00,customer_0122,65.13247900,66.07474300,1,18.58612000,monthly,0
customer_0122_observation_01,customer_0122,65.52418200,65.12785200,0,17.30387700,monthly,1
customer_0122_observation_02,customer_0122,64.82182900,65.63588100,0,14.64772900,monthly,0
customer_0122_observation_03,customer_0122,65.53216700,65.61016300,0,18.40445300,monthly,0
customer_0122_observation_04,customer_0122,65.67608300,68.64722500,0,14.82338400,monthly,0
customer_0122_observation_05,customer_0122,66.62403300,67.87727400,0,15.84649200,monthly,0
customer_0123_observation_00,customer_0123,18.14199400,81.87717200,2,17.60688600,monthly,1
customer_0123_observation_01,customer_0123,20.05819100,83.09230400,4,16.32568300,monthly,1
customer_0123_observation_02,customer_0123,19.54663300,88.87588500,4,18.57885100,monthly,1
customer_0123_observation_03,customer_0123,19.79233900,84.39151000,4,16.75129100,monthly,1
customer_0123_observation_04,customer_0123,19.06810600,81.74987200,3,18.08932100,monthly,0
customer_0123_observation_05,customer_0123,19.76236500,82.37144600,3,17.17527600,monthly,1
customer_0124_observation_00,customer_0124,24.39080000,75.09657000,4,12.03238200,two_year,1
customer_0124_observation_01,customer_0124,25.07258500,73.37085500,4,13.27717800,two_year,1
customer_0124_observation_02,customer_0124,23.67099900,75.34166700,3,11.92732500,two_year,1
customer_0124_observation_03,customer_0124,26.61565600,76.52567000,3,13.04222600,two_year,1
customer_0124_observation_04,customer_0124,25.10993800,73.91055100,3,13.90870000,two_year,1
customer_0124_observation_05,customer_0124,26.23404000,70.29416000,3,13.38170600,two_year,1
customer_0125_observation_00,customer_0125,4.61489600,81.41605100,2,15.81627500,monthly,1
customer_0125_observation_01,customer_0125,5.05380700,82.21154200,2,14.15604600,monthly,1
customer_0125_observation_02,customer_0125,4.96420000,80.59879300,1,16.52931300,monthly,1
customer_0125_observation_03,customer_0125,6.45824000,82.03496300,2,13.30467900,monthly,1
customer_0125_observation_04,customer_0125,6.36070200,80.73086100,3,15.96422800,monthly,1
customer_0125_observation_05,customer_0125,7.41633100,79.38608700,2,15.00571400,monthly,1
customer_0126_observation_00,customer_0126,15.88318700,74.93307700,5,19.93383800,annual,0
customer_0126_observation_01,customer_0126,15.60107400,76.66398600,7,17.49341000,annual,0
customer_0126_observation_02,customer_0126,16.65511700,76.28899200,6,17.79431000,annual,0
customer_0126_observation_03,customer_0126,17.45443800,75.35061200,6,19.80213900,annual,0
customer_0126_observation_04,customer_0126,17.47198000,76.95127500,6,18.72101100,annual,0
customer_0126_observation_05,customer_0126,16.79203900,73.21479400,7,20.74257800,annual,0
customer_0127_observation_00,customer_0127,33.52383600,81.09737400,2,10.18457800,monthly,1
customer_0127_observation_01,customer_0127,34.42980400,84.01683900,1,10.40189800,monthly,1
customer_0127_observation_02,customer_0127,35.15740100,84.12155700,0,9.65557900,monthly,1
customer_0127_observation_03,customer_0127,35.00246800,79.60830600,1,10.94410800,monthly,1
customer_0127_observation_04,customer_0127,35.11101000,82.26125800,1,11.64909700,monthly,1
customer_0127_observation_05,customer_0127,36.28485400,84.12532500,2,12.55129200,monthly,1
customer_0128_observation_00,customer_0128,61.75668200,92.91198200,1,20.54752300,monthly,1
customer_0128_observation_01,customer_0128,63.49917400,92.27373600,1,22.38836600,monthly,1
customer_0128_observation_02,customer_0128,62.93799000,92.95802200,0,23.17998900,monthly,1
customer_0128_observation_03,customer_0128,63.12862200,94.31883900,0,22.62263700,monthly,1
customer_0128_observation_04,customer_0128,64.18960800,96.90318200,0,21.96153900,monthly,1
customer_0128_observation_05,customer_0128,62.67651400,93.77373800,0,20.16521700,monthly,1
customer_0129_observation_00,customer_0129,45.91344700,87.85986100,1,13.27831200,monthly,1
customer_0129_observation_01,customer_0129,46.96018800,90.82908300,1,12.47199600,monthly,1
customer_0129_observation_02,customer_0129,45.89170700,85.16276900,2,11.52537900,monthly,1
customer_0129_observation_03,customer_0129,46.76924800,90.17860800,2,9.92138200,monthly,1
customer_0129_observation_04,customer_0129,47.99217200,89.02181300,2,11.87353600,monthly,0
customer_0129_observation_05,customer_0129,48.18374300,87.46277900,2,11.12290600,monthly,1
customer_0130_observation_00,customer_0130,58.96572600,77.27611400,0,15.13554400,annual,0
customer_0130_observation_01,customer_0130,58.23044400,81.47574400,1,15.87703900,annual,0
customer_0130_observation_02,customer_0130,58.61891800,81.60596900,1,16.98231800,annual,0
customer_0130_observation_03,customer_0130,59.96988100,79.24339900,1,15.40028400,annual,0
customer_0130_observation_04,customer_0130,60.06850300,82.94212500,2,15.41636100,annual,0
customer_0130_observation_05,customer_0130,61.69083500,80.82388900,0,15.86451700,annual,0
customer_0131_observation_00,customer_0131,31.15847500,93.58384100,0,24.57200800,monthly,1
customer_0131_observation_01,customer_0131,31.31513400,94.00534700,0,22.84326000,monthly,1
customer_0131_observation_02,customer_0131,32.18308600,91.10035300,0,25.06454800,monthly,1
customer_0131_observation_03,customer_0131,32.89845200,95.59329400,0,24.34569700,monthly,1
customer_0131_observation_04,customer_0131,32.80440500,94.35515600,0,22.96861400,monthly,1
customer_0131_observation_05,customer_0131,33.50278700,90.72553100,0,24.19580100,monthly,1
customer_0132_observation_00,customer_0132,21.99296600,60.33265800,3,18.31334600,monthly,1
customer_0132_observation_01,customer_0132,22.04754400,61.70405500,3,19.99340200,monthly,1
customer_0132_observation_02,customer_0132,22.70638600,62.74693200,3,17.70259600,monthly,1
customer_0132_observation_03,customer_0132,23.12587900,64.39950000,2,17.28507900,monthly,1
customer_0132_observation_04,customer_0132,23.37154600,65.18889200,3,20.55572900,monthly,1
customer_0132_observation_05,customer_0132,24.10989100,63.89381700,3,19.33610500,monthly,1
customer_0133_observation_00,customer_0133,7.45457000,72.49799400,1,21.34962600,monthly,1
customer_0133_observation_01,customer_0133,8.17696900,74.12864600,3,20.09270400,monthly,1
customer_0133_observation_02,customer_0133,8.77089400,73.29950800,2,18.02445200,monthly,1
customer_0133_observation_03,customer_0133,8.46118400,74.77321600,3,23.22219600,monthly,1
customer_0133_observation_04,customer_0133,8.68721400,73.71926800,1,19.54584400,monthly,1
customer_0133_observation_05,customer_0133,9.07063000,76.84694800,2,20.29326300,monthly,1
customer_0134_observation_00,customer_0134,63.38451000,61.96572000,1,23.38807000,two_year,0
customer_0134_observation_01,customer_0134,66.79304700,62.37090400,2,22.15737100,two_year,0
customer_0134_observation_02,customer_0134,65.04871000,60.91715500,2,20.53310100,two_year,0
customer_0134_observation_03,customer_0134,66.18548700,59.36112600,2,23.53492200,two_year,0
customer_0134_observation_04,customer_0134,66.82922300,57.50732300,2,23.41092500,two_year,0
customer_0134_observation_05,customer_0134,67.59331300,65.77345800,2,24.16685200,two_year,1
customer_0135_observation_00,customer_0135,71.14544700,57.37322800,0,24.69939500,monthly,1
customer_0135_observation_01,customer_0135,70.41462700,56.66483500,1,23.80546600,monthly,1
customer_0135_observation_02,customer_0135,70.80371800,55.19255300,1,23.06145000,monthly,1
customer_0135_observation_03,customer_0135,71.57800400,59.22142600,1,23.63188400,monthly,1
customer_0135_observation_04,customer_0135,72.79811500,55.96196300,1,25.22169700,monthly,1
customer_0135_observation_05,customer_0135,73.03468300,55.69283200,2,20.60638500,monthly,0
customer_0136_observation_00,customer_0136,36.83452800,51.91659900,3,19.75131600,monthly,0
customer_0136_observation_01,customer_0136,37.68601300,48.02577200,2,15.47656500,monthly,0
customer_0136_observation_02,customer_0136,38.61640900,52.76272600,2,18.28912800,monthly,0
customer_0136_observation_03,customer_0136,40.11511400,51.30833200,1,17.12575800,monthly,0
customer_0136_observation_04,customer_0136,40.38107500,56.54993100,3,19.10329600,monthly,0
customer_0136_observation_05,customer_0136,40.23867200,53.56350100,1,18.66240700,monthly,0
customer_0137_observation_00,customer_0137,24.02359000,61.74305600,1,29.91562200,annual,0
customer_0137_observation_01,customer_0137,25.13076100,64.52588900,0,30.00000000,annual,0
customer_0137_observation_02,customer_0137,25.89322600,64.43014700,1,28.52695800,annual,0
customer_0137_observation_03,customer_0137,25.49890400,64.55626000,1,27.76063700,annual,0
customer_0137_observation_04,customer_0137,27.14772000,62.39139000,1,28.67377200,annual,0
customer_0137_observation_05,customer_0137,26.07000800,66.48410400,1,26.62954600,annual,0
customer_0138_observation_00,customer_0138,28.45010500,86.59489600,0,13.15337300,monthly,1
customer_0138_observation_01,customer_0138,30.55289100,93.10535800,0,14.37426100,monthly,1
customer_0138_observation_02,customer_0138,30.47596600,94.14172800,0,15.22384000,monthly,1
customer_0138_observation_03,customer_0138,30.64887100,91.89710600,1,17.24076800,monthly,1
customer_0138_observation_04,customer_0138,29.98832100,92.01854600,0,15.61512000,monthly,1
customer_0138_observation_05,customer_0138,31.07822700,92.52853000,0,15.39344900,monthly,1
customer_0139_observation_00,customer_0139,13.87136700,55.47362300,2,15.94239600,two_year,0
customer_0139_observation_01,customer_0139,14.60756300,54.82757700,3,15.31665400,two_year,0
customer_0139_observation_02,customer_0139,14.68622700,55.16972400,3,16.00817200,two_year,0
customer_0139_observation_03,customer_0139,15.10495500,54.13133100,2,16.28157000,two_year,0
customer_0139_observation_04,customer_0139,16.52082700,55.02900800,3,15.55223300,two_year,0
customer_0139_observation_05,customer_0139,16.91506900,50.87727700,3,18.01236200,two_year,0
customer_0140_observation_00,customer_0140,32.72703700,97.54260100,3,12.67737100,monthly,0
customer_0140_observation_01,customer_0140,32.24278600,98.61927300,3,11.54939700,monthly,0
customer_0140_observation_02,customer_0140,32.85175600,97.13326300,3,13.20150200,monthly,0
customer_0140_observation_03,customer_0140,33.75938200,100.94389900,3,13.81344200,monthly,0
customer_0140_observation_04,customer_0140,32.52825900,99.52913900,3,11.10394600,monthly,0
customer_0140_observation_05,customer_0140,33.87576200,98.77130100,4,10.13154400,monthly,0
customer_0141_observation_00,customer_0141,17.22259400,67.23152000,2,19.72076800,monthly,0
customer_0141_observation_01,customer_0141,17.00232000,64.78412400,1,18.84563500,monthly,0
customer_0141_observation_02,customer_0141,18.63368300,67.94552700,1,19.86641500,monthly,0
customer_0141_observation_03,customer_0141,18.86384400,65.09243300,1,18.07371000,monthly,0
customer_0141_observation_04,customer_0141,18.72368500,69.31670200,1,20.18386200,monthly,0
customer_0141_observation_05,customer_0141,19.20928700,64.40201100,1,22.15309200,monthly,0
customer_0142_observation_00,customer_0142,16.96296300,105.74183500,0,10.61511600,monthly,1
customer_0142_observation_01,customer_0142,17.90438400,104.18478900,0,13.50144800,monthly,1
customer_0142_observation_02,customer_0142,18.63651500,103.19048200,1,11.49706900,monthly,1
customer_0142_observation_03,customer_0142,18.25244800,106.32689600,1,13.36748900,monthly,1
customer_0142_observation_04,customer_0142,18.47777400,104.65485900,0,10.79242900,monthly,1
customer_0142_observation_05,customer_0142,20.48966200,106.42906500,0,13.89925900,monthly,1
customer_0143_observation_00,customer_0143,3.03128900,33.40868700,1,13.95530100,monthly,0
customer_0143_observation_01,customer_0143,3.95433700,32.92699700,1,15.60204900,monthly,0
customer_0143_observation_02,customer_0143,4.55035300,33.35908200,1,15.64715800,monthly,0
customer_0143_observation_03,customer_0143,5.45947900,38.15750700,1,14.77910600,monthly,0
customer_0143_observation_04,customer_0143,5.99685400,34.77908900,2,16.05739600,monthly,0
customer_0143_observation_05,customer_0143,5.99414200,33.39750400,1,14.07395500,monthly,0
customer_0144_observation_00,customer_0144,32.04503300,59.04067500,0,16.12904400,monthly,1
customer_0144_observation_01,customer_0144,31.22131600,56.17128800,2,17.08564400,monthly,1
customer_0144_observation_02,customer_0144,31.68867500,60.48302700,1,17.71454500,monthly,1
customer_0144_observation_03,customer_0144,32.13284700,59.16991900,1,16.22780200,monthly,1
customer_0144_observation_04,customer_0144,33.14333500,60.25054000,1,16.76334900,monthly,1
customer_0144_observation_05,customer_0144,33.36150300,61.65313600,1,15.50488700,monthly,1
customer_0145_observation_00,customer_0145,17.84546200,93.51411500,0,12.84533300,monthly,1
customer_0145_observation_01,customer_0145,17.80759800,90.24991800,2,14.31789200,monthly,1
customer_0145_observation_02,customer_0145,17.25589800,93.37864500,1,15.02369900,monthly,1
customer_0145_observation_03,customer_0145,17.21926200,90.97172700,2,13.13074700,monthly,1
customer_0145_observation_04,customer_0145,18.47081900,93.51710600,0,12.64616100,monthly,1
customer_0145_observation_05,customer_0145,18.54023700,96.18673600,1,13.43216500,monthly,1
customer_0146_observation_00,customer_0146,22.81477100,65.35594200,5,16.34401700,monthly,1
customer_0146_observation_01,customer_0146,23.47790100,67.48777300,5,14.39681200,monthly,1
customer_0146_observation_02,customer_0146,24.47342500,67.78532900,6,16.32140500,monthly,1
customer_0146_observation_03,customer_0146,24.21404000,66.72513100,4,16.89505600,monthly,1
customer_0146_observation_04,customer_0146,24.46191200,66.96216400,6,15.24465600,monthly,1
customer_0146_observation_05,customer_0146,25.09546500,64.17436700,4,19.79190000,monthly,1
customer_0147_observation_00,customer_0147,5.30029300,87.18372300,2,16.79532100,monthly,0
customer_0147_observation_01,customer_0147,4.67376300,91.83992100,1,17.30556900,monthly,0
customer_0147_observation_02,customer_0147,5.97055700,92.69157100,3,16.10110100,monthly,0
customer_0147_observation_03,customer_0147,6.32197700,94.94869100,2,16.96135600,monthly,0
customer_0147_observation_04,customer_0147,6.51947400,88.81580800,1,17.82380200,monthly,0
customer_0147_observation_05,customer_0147,6.75566600,88.01158200,2,15.11196500,monthly,0
customer_0148_observation_00,customer_0148,23.13015500,83.20267100,3,23.79008500,monthly,0
customer_0148_observation_01,customer_0148,25.63599400,83.84341500,3,19.26374700,monthly,0
customer_0148_observation_02,customer_0148,25.36618000,79.25015000,1,22.62787800,monthly,0
customer_0148_observation_03,customer_0148,25.49279700,83.53420700,3,22.23178800,monthly,0
customer_0148_observation_04,customer_0148,26.56453100,81.58786800,2,22.29522700,monthly,0
customer_0148_observation_05,customer_0148,26.46934600,83.57797700,1,21.23846500,monthly,0
customer_0149_observation_00,customer_0149,27.69790800,61.81766600,2,20.60758800,monthly,1
customer_0149_observation_01,customer_0149,28.35752300,59.31270700,1,20.65114700,monthly,1
customer_0149_observation_02,customer_0149,29.89142000,52.19639000,2,20.89711700,monthly,1
customer_0149_observation_03,customer_0149,29.22519200,59.08349200,2,20.66305000,monthly,1
customer_0149_observation_04,customer_0149,29.49770800,57.73675900,3,22.53893900,monthly,1
customer_0149_observation_05,customer_0149,29.86165000,59.20933600,2,21.92158700,monthly,1
customer_0150_observation_00,customer_0150,44.42950800,98.08220500,6,18.79657800,monthly,1
customer_0150_observation_01,customer_0150,45.86079000,95.90857200,6,21.58235900,monthly,1
customer_0150_observation_02,customer_0150,44.96788800,95.25274500,5,20.80126000,monthly,1
customer_0150_observation_03,customer_0150,45.64398700,96.99646800,5,21.27666500,monthly,1
customer_0150_observation_04,customer_0150,46.30963600,97.49335600,5,19.77034900,monthly,1
customer_0150_observation_05,customer_0150,47.25950400,97.46753000,5,20.40335500,monthly,1
customer_0151_observation_00,customer_0151,54.76946600,52.23463300,3,17.41176900,monthly,0
customer_0151_observation_01,customer_0151,54.08551700,51.01992100,1,17.32569200,monthly,0
customer_0151_observation_02,customer_0151,54.64437700,48.98103100,2,19.64104700,monthly,0
customer_0151_observation_03,customer_0151,54.80870500,53.85419000,3,16.35702400,monthly,0
customer_0151_observation_04,customer_0151,58.09212500,48.92069600,3,15.40706300,monthly,0
customer_0151_observation_05,customer_0151,56.37760500,51.81354600,3,18.93884500,monthly,0
customer_0152_observation_00,customer_0152,53.40589400,51.34846000,3,12.46292200,monthly,0
customer_0152_observation_01,customer_0152,54.96205500,52.52643800,1,11.40126800,monthly,0
customer_0152_observation_02,customer_0152,54.85779700,54.46825600,2,12.82879400,monthly,0
customer_0152_observation_03,customer_0152,55.09012700,56.16936400,1,11.19302300,monthly,0
customer_0152_observation_04,customer_0152,54.22822000,49.28480000,3,10.12968900,monthly,0
customer_0152_observation_05,customer_0152,56.93150600,49.23060200,2,12.21732900,monthly,0
customer_0153_observation_00,customer_0153,17.96826900,58.58606100,0,18.32279600,monthly,0
customer_0153_observation_01,customer_0153,18.65973200,65.06436700,0,19.51872600,monthly,0
customer_0153_observation_02,customer_0153,19.99901000,58.96548100,0,19.96244900,monthly,0
customer_0153_observation_03,customer_0153,19.14003100,59.82735900,1,20.55160400,monthly,0
customer_0153_observation_04,customer_0153,20.59975200,57.71085700,0,19.74340300,monthly,0
customer_0153_observation_05,customer_0153,21.52335500,62.33183200,0,18.25384000,monthly,0
customer_0154_observation_00,customer_0154,19.57370300,43.00058600,2,18.72104600,monthly,0
customer_0154_observation_01,customer_0154,19.89992800,50.18335500,2,16.21131900,monthly,0
customer_0154_observation_02,customer_0154,19.63065600,49.67057000,3,16.69457300,monthly,0
customer_0154_observation_03,customer_0154,20.48712900,46.65318400,1,20.27462200,monthly,0
customer_0154_observation_04,customer_0154,20.75697200,47.26660600,2,19.29200400,monthly,0
customer_0154_observation_05,customer_0154,21.71789000,48.13462000,3,16.24944700,monthly,0
customer_0155_observation_00,customer_0155,4.40461600,69.93257800,1,19.16120800,monthly,1
customer_0155_observation_01,customer_0155,5.81501400,65.51225400,0,14.63099800,monthly,1
customer_0155_observation_02,customer_0155,5.20907200,66.42841000,2,15.45735200,monthly,1
customer_0155_observation_03,customer_0155,5.33653000,65.75917000,1,14.65805500,monthly,1
customer_0155_observation_04,customer_0155,6.90049300,68.13988300,1,16.50201700,monthly,1
customer_0155_observation_05,customer_0155,6.42661800,68.39669000,1,15.01364200,monthly,1
customer_0156_observation_00,customer_0156,66.91036400,78.77121200,2,21.33795100,monthly,1
customer_0156_observation_01,customer_0156,68.24497800,85.10445600,2,21.70558500,monthly,1
customer_0156_observation_02,customer_0156,67.86874700,83.73682500,2,18.50862000,monthly,1
customer_0156_observation_03,customer_0156,67.29302600,78.52836000,2,18.86407200,monthly,1
customer_0156_observation_04,customer_0156,68.78147100,85.04760100,2,19.89478800,monthly,1
customer_0156_observation_05,customer_0156,69.38324000,78.14960300,2,19.12561000,monthly,1
customer_0157_observation_00,customer_0157,29.08322400,89.04992700,2,11.35313400,monthly,1
customer_0157_observation_01,customer_0157,30.90889700,90.11559200,3,11.71294600,monthly,1
customer_0157_observation_02,customer_0157,30.98378100,91.53034700,3,13.02315400,monthly,1
customer_0157_observation_03,customer_0157,31.67407500,91.40901900,3,13.48143700,monthly,1
customer_0157_observation_04,customer_0157,30.83640400,88.07360800,4,12.70487300,monthly,1
customer_0157_observation_05,customer_0157,32.12130300,91.00643800,4,11.50161000,monthly,1
customer_0158_observation_00,customer_0158,57.53947300,54.51717900,4,19.02506500,annual,0
customer_0158_observation_01,customer_0158,59.11236600,56.36366200,3,17.36992000,annual,0
customer_0158_observation_02,customer_0158,59.73552700,52.42108200,3,16.78692400,annual,0
customer_0158_observation_03,customer_0158,58.68617900,55.91001400,3,18.95403300,annual,0
customer_0158_observation_04,customer_0158,62.08633400,53.89281000,4,19.71961100,annual,0
customer_0158_observation_05,customer_0158,60.65702700,52.10300400,2,17.99268700,annual,0
customer_0159_observation_00,customer_0159,45.55426000,42.59672300,3,21.02941000,annual,0
customer_0159_observation_01,customer_0159,46.71779700,45.41324800,3,22.99337600,annual,0
customer_0159_observation_02,customer_0159,46.37460000,43.69520400,2,20.22210700,annual,0
customer_0159_observation_03,customer_0159,46.45466400,41.67837300,2,19.62062600,annual,0
customer_0159_observation_04,customer_0159,47.58403000,45.88984700,3,20.57898200,annual,0
customer_0159_observation_05,customer_0159,47.06649200,43.11138400,2,22.48173000,annual,0
customer_0160_observation_00,customer_0160,21.92845100,81.50223000,3,16.59777300,annual,1
customer_0160_observation_01,customer_0160,22.94338100,85.60871400,2,16.54662000,annual,1
customer_0160_observation_02,customer_0160,21.74323700,84.42288900,3,16.91719200,annual,1
customer_0160_observation_03,customer_0160,22.27223400,82.32000000,3,15.29177400,annual,1
customer_0160_observation_04,customer_0160,22.91736300,84.53173500,4,16.94237600,annual,1
customer_0160_observation_05,customer_0160,23.90300600,81.90204500,3,18.26929900,annual,1
customer_0161_observation_00,customer_0161,6.16038900,46.87757500,2,29.00140700,monthly,0
customer_0161_observation_01,customer_0161,6.57421400,52.66492900,2,27.28523300,monthly,0
customer_0161_observation_02,customer_0161,6.83311800,53.53431200,2,28.32566700,monthly,0
customer_0161_observation_03,customer_0161,7.52324000,51.84300700,3,28.06415300,monthly,0
customer_0161_observation_04,customer_0161,8.29540500,49.31612400,3,30.00000000,monthly,0
customer_0161_observation_05,customer_0161,8.69944600,53.52236700,3,30.00000000,monthly,0
customer_0162_observation_00,customer_0162,41.00094700,69.18808300,0,21.92858800,monthly,0
customer_0162_observation_01,customer_0162,41.48816500,70.68004700,1,22.55397200,monthly,0
customer_0162_observation_02,customer_0162,41.93969200,71.59443100,0,24.13117200,monthly,0
customer_0162_observation_03,customer_0162,42.22384900,68.70376900,1,23.38671000,monthly,0
customer_0162_observation_04,customer_0162,42.92998100,69.09950500,0,22.09716800,monthly,0
customer_0162_observation_05,customer_0162,44.37814900,68.37713000,0,23.37640700,monthly,0
customer_0163_observation_00,customer_0163,39.24281800,71.86541700,3,10.09269500,two_year,0
customer_0163_observation_01,customer_0163,39.94686200,73.89896000,2,9.69941700,two_year,0
customer_0163_observation_02,customer_0163,40.41745600,68.48612300,2,11.34533600,two_year,0
customer_0163_observation_03,customer_0163,40.73798000,69.31213500,3,9.03907100,two_year,0
customer_0163_observation_04,customer_0163,40.67654200,73.69170900,2,9.50263300,two_year,0
customer_0163_observation_05,customer_0163,40.99374900,71.96156800,1,8.98162400,two_year,0
customer_0164_observation_00,customer_0164,20.51685700,68.92637500,2,18.12487200,two_year,0
customer_0164_observation_01,customer_0164,22.05181100,66.23625100,3,19.74292400,two_year,0
customer_0164_observation_02,customer_0164,22.29583200,66.49050100,2,17.13745500,two_year,0
customer_0164_observation_03,customer_0164,23.04934100,66.42120000,2,18.88453100,two_year,0
customer_0164_observation_04,customer_0164,23.05035900,68.39063100,2,17.46663700,two_year,0
customer_0164_observation_05,customer_0164,24.63073200,67.50628600,2,15.80646100,two_year,0
customer_0165_observation_00,customer_0165,68.41625300,56.35484200,2,16.31077300,two_year,0
customer_0165_observation_01,customer_0165,68.10607100,56.09815000,2,16.19723300,two_year,0
customer_0165_observation_02,customer_0165,69.62503400,58.02226200,3,18.77502400,two_year,0
customer_0165_observation_03,customer_0165,67.40876300,51.20022900,2,16.79422500,two_year,0
customer_0165_observation_04,customer_0165,68.94975400,53.19136000,3,17.61221500,two_year,0
customer_0165_observation_05,customer_0165,68.41972100,56.47029600,3,15.50809000,two_year,0
customer_0166_observation_00,customer_0166,54.89989900,91.97834000,4,17.98123200,monthly,1
customer_0166_observation_01,customer_0166,54.02167900,95.43062000,4,19.10088100,monthly,1
customer_0166_observation_02,customer_0166,57.45974400,96.67482300,3,17.80836500,monthly,1
customer_0166_observation_03,customer_0166,56.27845500,97.01156000,5,15.90219800,monthly,1
customer_0166_observation_04,customer_0166,56.21422600,95.69021800,5,18.65824100,monthly,1
customer_0166_observation_05,customer_0166,57.11645800,99.54868300,3,18.17187400,monthly,1
customer_0167_observation_00,customer_0167,18.77048500,73.62560100,1,15.45446700,two_year,0
customer_0167_observation_01,customer_0167,19.86230100,75.34549900,0,15.77438600,two_year,0
customer_0167_observation_02,customer_0167,19.80945100,73.90734100,1,12.66836600,two_year,0
customer_0167_observation_03,customer_0167,20.99530400,70.30306700,1,15.67374300,two_year,0
customer_0167_observation_04,customer_0167,19.46260200,74.29584100,1,14.65903600,two_year,0
customer_0167_observation_05,customer_0167,21.28870400,71.83641500,1,13.96303400,two_year,0
customer_0168_observation_00,customer_0168,40.28092900,72.72842900,2,15.18677900,monthly,1
customer_0168_observation_01,customer_0168,39.87545800,69.22120900,1,14.38002600,monthly,1
customer_0168_observation_02,customer_0168,40.97670200,70.51328800,2,14.16916900,monthly,1
customer_0168_observation_03,customer_0168,41.37082700,69.98030000,1,14.78573600,monthly,1
customer_0168_observation_04,customer_0168,42.01042000,69.69505100,3,14.75229500,monthly,1
customer_0168_observation_05,customer_0168,43.16452900,70.51691500,2,15.10750200,monthly,1
customer_0169_observation_00,customer_0169,51.25545400,82.79452600,2,19.76948500,monthly,0
customer_0169_observation_01,customer_0169,50.54240700,85.94706700,2,20.67128700,monthly,0
customer_0169_observation_02,customer_0169,51.05284700,85.38513900,1,21.88403700,monthly,0
customer_0169_observation_03,customer_0169,52.65994900,87.30857200,1,20.68755600,monthly,0
customer_0169_observation_04,customer_0169,51.96614800,83.81255200,1,21.84642600,monthly,0
customer_0169_observation_05,customer_0169,51.52895900,88.25433000,2,21.83246600,monthly,0
customer_0170_observation_00,customer_0170,63.92463800,65.75478500,2,4.64677900,two_year,0
customer_0170_observation_01,customer_0170,65.53557000,68.03221200,3,4.77352400,two_year,0
customer_0170_observation_02,customer_0170,65.24461800,64.41256100,2,5.61455500,two_year,0
customer_0170_observation_03,customer_0170,66.70436000,64.55687000,2,5.94626300,two_year,0
customer_0170_observation_04,customer_0170,66.63037200,66.53303100,1,7.51561700,two_year,0
customer_0170_observation_05,customer_0170,66.53191600,63.36688700,2,7.17948000,two_year,0
customer_0171_observation_00,customer_0171,66.54565100,85.17958500,1,12.46197800,two_year,0
customer_0171_observation_01,customer_0171,67.92016100,87.20593900,1,11.82145700,two_year,0
customer_0171_observation_02,customer_0171,69.36865800,91.62511300,1,13.92180300,two_year,0
customer_0171_observation_03,customer_0171,69.00073600,90.43941400,0,11.75373600,two_year,0
customer_0171_observation_04,customer_0171,68.78118000,88.06422200,0,12.94729500,two_year,0
customer_0171_observation_05,customer_0171,69.70036300,91.84249300,0,12.53981200,two_year,0
customer_0172_observation_00,customer_0172,36.41461700,80.24784000,2,10.50041700,monthly,1
customer_0172_observation_01,customer_0172,36.84460800,81.80331800,2,9.93803400,monthly,1
customer_0172_observation_02,customer_0172,36.94372900,84.37131400,2,12.58084100,monthly,1
customer_0172_observation_03,customer_0172,36.81312000,84.04766000,3,12.03923400,monthly,1
customer_0172_observation_04,customer_0172,37.68078800,82.81927600,2,12.31732800,monthly,1
customer_0172_observation_05,customer_0172,38.75391400,80.03364200,2,12.99100400,monthly,1
customer_0173_observation_00,customer_0173,48.70075500,111.77861900,2,11.45694200,monthly,1
customer_0173_observation_01,customer_0173,48.77237300,112.42584800,1,11.60441900,monthly,1
customer_0173_observation_02,customer_0173,48.95381200,112.36914800,1,11.31159800,monthly,1
customer_0173_observation_03,customer_0173,49.57288400,110.93583900,0,13.30230500,monthly,1
customer_0173_observation_04,customer_0173,49.73860400,111.95658300,1,9.69688100,monthly,1
customer_0173_observation_05,customer_0173,50.47730800,111.09885800,1,12.01622200,monthly,1
customer_0174_observation_00,customer_0174,22.05567500,45.49279300,2,18.44126500,annual,0
customer_0174_observation_01,customer_0174,22.56696000,45.62081300,1,17.70723200,annual,0
customer_0174_observation_02,customer_0174,21.44922900,48.16580600,1,17.32644400,annual,0
customer_0174_observation_03,customer_0174,20.75105200,45.84168900,1,17.68962200,annual,0
customer_0174_observation_04,customer_0174,22.93732000,45.30414800,1,19.12178700,annual,0
customer_0174_observation_05,customer_0174,23.53818700,45.85071300,1,19.89845000,annual,0
customer_0175_observation_00,customer_0175,57.69080300,77.02715000,0,20.34010500,monthly,0
customer_0175_observation_01,customer_0175,58.34741100,78.60481900,1,19.35142100,monthly,0
customer_0175_observation_02,customer_0175,59.83393100,72.92625600,0,18.88212300,monthly,0
customer_0175_observation_03,customer_0175,60.27883700,75.97392900,0,19.92423500,monthly,0
customer_0175_observation_04,customer_0175,60.37062500,73.81259500,0,21.30248900,monthly,0
customer_0175_observation_05,customer_0175,59.77310500,76.14789300,0,20.73831000,monthly,0
customer_0176_observation_00,customer_0176,23.99878100,50.44624700,0,17.48448300,monthly,0
customer_0176_observation_01,customer_0176,25.06154000,47.45822100,0,12.63239800,monthly,0
customer_0176_observation_02,customer_0176,24.56310100,49.23879400,1,15.63258600,monthly,0
customer_0176_observation_03,customer_0176,25.85827700,46.85205300,1,16.16077600,monthly,0
customer_0176_observation_04,customer_0176,27.52504300,48.80013300,0,16.18185300,monthly,0
customer_0176_observation_05,customer_0176,26.52911200,50.48453100,0,13.72357200,monthly,0
customer_0177_observation_00,customer_0177,60.09800700,112.24609800,2,20.17945700,monthly,1
customer_0177_observation_01,customer_0177,61.19327900,116.08889000,2,18.60305300,monthly,1
customer_0177_observation_02,customer_0177,60.14968000,111.09759700,0,20.10245700,monthly,1
customer_0177_observation_03,customer_0177,60.37615600,109.43482700,1,18.20739600,monthly,1
customer_0177_observation_04,customer_0177,62.24582500,114.01782400,1,17.73659500,monthly,1
customer_0177_observation_05,customer_0177,62.62875300,111.81094900,1,18.38597600,monthly,1
customer_0178_observation_00,customer_0178,66.50944100,95.15911900,1,23.63301200,annual,0
customer_0178_observation_01,customer_0178,66.96803300,99.13640400,2,22.49541500,annual,0
customer_0178_observation_02,customer_0178,66.69974400,98.35827500,1,23.65287800,annual,0
customer_0178_observation_03,customer_0178,66.65215700,98.40301300,0,25.15244000,annual,0
customer_0178_observation_04,customer_0178,68.63688200,93.13191100,0,25.01210500,annual,0
customer_0178_observation_05,customer_0178,67.91188100,99.10434000,1,25.10159100,annual,0
customer_0179_observation_00,customer_0179,5.32199700,71.57383700,2,15.25013700,two_year,0
customer_0179_observation_01,customer_0179,6.72824400,70.20934700,2,16.07655600,two_year,0
customer_0179_observation_02,customer_0179,9.70384200,71.85675500,1,15.64907400,two_year,0
customer_0179_observation_03,customer_0179,8.56567600,71.62572400,1,13.66640000,two_year,0
customer_0179_observation_04,customer_0179,8.13649400,69.22618500,2,13.90632300,two_year,0
customer_0179_observation_05,customer_0179,9.39267800,74.96858400,1,13.53563600,two_year,0
customer_0180_observation_00,customer_0180,33.06782200,82.84277300,1,16.07535200,two_year,1
customer_0180_observation_01,customer_0180,34.03232700,84.34253400,2,15.42139100,two_year,1
customer_0180_observation_02,customer_0180,33.79508900,83.90470300,2,16.40354300,two_year,1
customer_0180_observation_03,customer_0180,34.23806600,83.96588400,3,17.57403400,two_year,1
customer_0180_observation_04,customer_0180,34.60104200,83.45585900,2,14.68608900,two_year,1
customer_0180_observation_05,customer_0180,34.67181900,85.13937100,1,18.62844800,two_year,1
customer_0181_observation_00,customer_0181,62.14311200,105.11343800,2,18.87143000,annual,0
customer_0181_observation_01,customer_0181,61.42173600,99.12345400,1,17.45975300,annual,0
customer_0181_observation_02,customer_0181,61.68024200,105.28659300,1,17.56786600,annual,0
customer_0181_observation_03,customer_0181,62.86005800,107.63402100,1,20.01265100,annual,0
customer_0181_observation_04,customer_0181,63.90199100,104.40784700,2,18.04274300,annual,0
customer_0181_observation_05,customer_0181,63.64152600,103.55722900,1,15.75496500,annual,0
customer_0182_observation_00,customer_0182,32.09156800,72.71984800,2,15.35231200,annual,1
customer_0182_observation_01,customer_0182,31.63376900,69.55787200,3,16.65460400,annual,1
customer_0182_observation_02,customer_0182,32.10500200,66.58900900,2,16.62348300,annual,1
customer_0182_observation_03,customer_0182,31.80281300,70.47450300,1,17.70531200,annual,1
customer_0182_observation_04,customer_0182,34.77260700,72.21196000,2,14.45229000,annual,1
customer_0182_observation_05,customer_0182,34.11865000,68.02586900,3,18.11533900,annual,1
customer_0183_observation_00,customer_0183,42.70331200,88.66930500,0,16.27411800,annual,1
customer_0183_observation_01,customer_0183,42.52964600,91.82885600,0,17.78330300,annual,1
customer_0183_observation_02,customer_0183,43.76888800,91.00732600,1,18.72656100,annual,1
customer_0183_observation_03,customer_0183,44.79993200,91.90165500,0,17.49704900,annual,1
customer_0183_observation_04,customer_0183,44.33076800,89.37114700,0,17.22880600,annual,1
customer_0183_observation_05,customer_0183,45.12379800,85.32555700,0,17.00289100,annual,1
customer_0184_observation_00,customer_0184,62.91494100,82.53130800,1,16.64067300,two_year,0
customer_0184_observation_01,customer_0184,63.14933800,81.36044900,1,13.94719300,two_year,0
customer_0184_observation_02,customer_0184,62.84161400,79.39116900,1,14.18200900,two_year,0
customer_0184_observation_03,customer_0184,63.39203000,84.22675200,0,17.11563800,two_year,0
customer_0184_observation_04,customer_0184,63.78212000,81.56356900,1,14.52658000,two_year,0
customer_0184_observation_05,customer_0184,63.34612200,80.01449600,1,16.64294800,two_year,0
customer_0185_observation_00,customer_0185,71.38648000,41.94031100,3,14.39588300,monthly,0
customer_0185_observation_01,customer_0185,71.30794200,38.86475500,3,12.95935200,monthly,0
customer_0185_observation_02,customer_0185,72.09936300,38.85937000,4,15.00124500,monthly,0
customer_0185_observation_03,customer_0185,72.13213800,39.37047200,3,14.58369800,monthly,0
customer_0185_observation_04,customer_0185,72.92556900,42.03232500,4,16.26989200,monthly,0
customer_0185_observation_05,customer_0185,73.86513700,43.85808800,3,14.71254800,monthly,0
customer_0186_observation_00,customer_0186,49.50210500,61.08070500,3,15.64221600,monthly,0
customer_0186_observation_01,customer_0186,49.66134600,59.05204100,5,16.22480900,monthly,0
customer_0186_observation_02,customer_0186,50.54789700,60.52701900,3,17.00829400,monthly,0
customer_0186_observation_03,customer_0186,50.86742000,61.26590500,5,17.18929200,monthly,0
customer_0186_observation_04,customer_0186,51.02477900,59.23498800,4,15.43763500,monthly,0
customer_0186_observation_05,customer_0186,50.50000600,62.01542700,5,18.80719000,monthly,0
customer_0187_observation_00,customer_0187,53.37821800,40.16318000,3,14.33319300,monthly,1
customer_0187_observation_01,customer_0187,54.09619400,39.80507100,1,18.76237500,monthly,1
customer_0187_observation_02,customer_0187,54.19062400,37.71509400,2,17.11493800,monthly,1
customer_0187_observation_03,customer_0187,55.18672900,37.03516300,2,13.73913000,monthly,1
customer_0187_observation_04,customer_0187,55.12771800,36.80266800,2,14.88034500,monthly,1
customer_0187_observation_05,customer_0187,54.90045500,34.87722800,2,16.85993400,monthly,1
customer_0188_observation_00,customer_0188,23.38436400,66.83936000,1,16.71493000,two_year,1
customer_0188_observation_01,customer_0188,23.11596700,71.17103200,2,17.29659200,two_year,1
customer_0188_observation_02,customer_0188,22.86680000,70.66396000,1,18.84308100,two_year,1
customer_0188_observation_03,customer_0188,23.86862900,68.57353600,2,19.01326400,two_year,1
customer_0188_observation_04,customer_0188,23.14148200,67.04620100,1,18.47716100,two_year,1
customer_0188_observation_05,customer_0188,24.71662900,71.08684700,3,19.46930800,two_year,1
customer_0189_observation_00,customer_0189,25.25843300,68.61969900,2,17.59991800,monthly,1
customer_0189_observation_01,customer_0189,25.43932300,67.90796100,3,15.36784900,monthly,1
customer_0189_observation_02,customer_0189,25.27938600,75.29663000,2,17.05581700,monthly,1
customer_0189_observation_03,customer_0189,25.74836800,71.11492500,2,16.60998600,monthly,1
customer_0189_observation_04,customer_0189,27.09699200,70.45516500,3,14.18057600,monthly,1
customer_0189_observation_05,customer_0189,28.34845900,71.98977700,2,15.84654100,monthly,1
customer_0190_observation_00,customer_0190,4.48095200,54.09069000,0,22.35710100,monthly,1
customer_0190_observation_01,customer_0190,5.45678200,51.16739600,0,19.48035700,monthly,1
customer_0190_observation_02,customer_0190,6.20381700,56.45210200,0,21.78143500,monthly,1
customer_0190_observation_03,customer_0190,6.51868500,53.38362600,0,21.05606600,monthly,1
customer_0190_observation_04,customer_0190,5.14455600,47.28793700,0,21.78877200,monthly,1
customer_0190_observation_05,customer_0190,6.24947000,53.35819000,1,22.13816000,monthly,1
customer_0191_observation_00,customer_0191,4.23365200,68.11587200,2,20.12688900,annual,0
customer_0191_observation_01,customer_0191,4.47221300,66.31078300,2,21.59011600,annual,0
customer_0191_observation_02,customer_0191,4.55017500,65.04981200,1,20.95141600,annual,0
customer_0191_observation_03,customer_0191,3.68287500,71.28984300,1,22.33284000,annual,0
customer_0191_observation_04,customer_0191,5.98585400,68.65856600,0,24.28279400,annual,0
customer_0191_observation_05,customer_0191,6.20280500,72.53753100,0,22.72415700,annual,0
customer_0192_observation_00,customer_0192,51.41170800,72.61300800,0,11.41075100,monthly,1
customer_0192_observation_01,customer_0192,52.17290600,72.54553700,0,11.29235100,monthly,1
customer_0192_observation_02,customer_0192,52.44750300,71.43523300,0,10.40306900,monthly,1
customer_0192_observation_03,customer_0192,52.69381400,70.67795900,0,13.82579000,monthly,1
customer_0192_observation_04,customer_0192,53.59566800,75.62902600,1,11.86763900,monthly,1
customer_0192_observation_05,customer_0192,54.13093400,73.01602200,0,12.78692200,monthly,1
customer_0193_observation_00,customer_0193,14.48550400,76.25252700,0,16.77442300,monthly,1
customer_0193_observation_01,customer_0193,13.51764400,75.50854100,0,18.12330400,monthly,1
customer_0193_observation_02,customer_0193,15.07317500,76.87305800,2,17.90855000,monthly,1
customer_0193_observation_03,customer_0193,15.36635500,76.72023100,1,16.55776200,monthly,1
customer_0193_observation_04,customer_0193,17.11332400,72.69905000,1,16.52327700,monthly,1
customer_0193_observation_05,customer_0193,16.60150100,75.42856400,1,16.54331100,monthly,1
customer_0194_observation_00,customer_0194,10.13693200,69.23194300,0,9.36975100,monthly,1
customer_0194_observation_01,customer_0194,10.36826100,69.85861900,1,11.19005400,monthly,1
customer_0194_observation_02,customer_0194,11.23952800,68.77291200,0,12.87474400,monthly,1
customer_0194_observation_03,customer_0194,11.77141000,69.48571500,1,10.42077900,monthly,1
customer_0194_observation_04,customer_0194,12.55844900,71.85237200,1,11.88466600,monthly,1
customer_0194_observation_05,customer_0194,11.52213100,70.57350600,1,11.87900200,monthly,1
customer_0195_observation_00,customer_0195,31.62551400,36.51630500,2,14.04940900,monthly,1
customer_0195_observation_01,customer_0195,31.64238000,39.53441500,3,11.31917200,monthly,1
customer_0195_observation_02,customer_0195,32.36669200,39.38476500,2,14.69602000,monthly,1
customer_0195_observation_03,customer_0195,33.85715100,41.02515600,2,12.49209900,monthly,1
customer_0195_observation_04,customer_0195,34.10275500,39.38155400,2,14.07910800,monthly,1
customer_0195_observation_05,customer_0195,34.97128500,39.54816600,4,14.35860700,monthly,1
customer_0196_observation_00,customer_0196,69.32196500,73.52072100,4,11.80233800,annual,1
customer_0196_observation_01,customer_0196,68.66322000,72.09497600,3,14.66507200,annual,1
customer_0196_observation_02,customer_0196,69.26708200,75.46064800,3,12.85141600,annual,1
customer_0196_observation_03,customer_0196,70.92542700,71.81122400,4,13.42036300,annual,1
customer_0196_observation_04,customer_0196,70.97616800,71.85236600,3,14.18965900,annual,1
customer_0196_observation_05,customer_0196,70.99289200,73.67127600,3,14.93960500,annual,1
customer_0197_observation_00,customer_0197,13.47834600,78.44962500,3,19.19566000,annual,1
customer_0197_observation_01,customer_0197,14.76684600,77.78055400,2,21.17452600,annual,1
customer_0197_observation_02,customer_0197,14.26302400,75.18284000,1,18.51191000,annual,1
customer_0197_observation_03,customer_0197,15.61116800,75.48163700,1,18.25725500,annual,1
customer_0197_observation_04,customer_0197,16.43768000,77.80786900,1,18.95518000,annual,1
customer_0197_observation_05,customer_0197,16.78321000,75.01950500,1,18.36405800,annual,1
customer_0198_observation_00,customer_0198,54.64186200,81.86825900,2,19.37925900,monthly,0
customer_0198_observation_01,customer_0198,54.20226800,83.90483900,3,20.26882600,monthly,0
customer_0198_observation_02,customer_0198,54.03982600,78.99783800,2,20.43406000,monthly,0
customer_0198_observation_03,customer_0198,55.95838600,78.78936600,2,22.06757000,monthly,0
customer_0198_observation_04,customer_0198,56.93358300,81.90459700,2,22.20744800,monthly,0
customer_0198_observation_05,customer_0198,56.36548200,82.32963600,3,17.89233100,monthly,0
customer_0199_observation_00,customer_0199,71.35690400,66.46087600,2,17.54604600,two_year,0
customer_0199_observation_01,customer_0199,71.30905100,68.56762400,3,18.29587900,two_year,1
customer_0199_observation_02,customer_0199,72.73512400,67.46213400,2,18.04196300,two_year,0
customer_0199_observation_03,customer_0199,71.80341700,71.17177300,4,18.42262700,two_year,0
customer_0199_observation_04,customer_0199,73.34950300,71.12796800,3,16.06148100,two_year,0
customer_0199_observation_05,customer_0199,73.41918600,69.16618300,4,17.68035400,two_year,0
customer_0200_observation_00,customer_0200,33.04833000,71.55814300,2,26.86256800,monthly,0
customer_0200_observation_01,customer_0200,33.72563600,68.86499200,2,25.70767200,monthly,0
customer_0200_observation_02,customer_0200,34.21000800,66.11350200,2,26.61512000,monthly,0
customer_0200_observation_03,customer_0200,34.23608800,70.33292000,1,28.77380500,monthly,0
customer_0200_observation_04,customer_0200,34.53716700,65.17761000,2,26.58096500,monthly,0
customer_0200_observation_05,customer_0200,36.34800400,68.35790100,2,28.05335300,monthly,0
customer_0201_observation_00,customer_0201,65.90035400,83.62715400,1,14.22310300,monthly,0
customer_0201_observation_01,customer_0201,66.54901000,73.81783500,1,13.39042300,monthly,0
customer_0201_observation_02,customer_0201,65.72352900,77.53551200,1,10.69215500,monthly,0
customer_0201_observation_03,customer_0201,66.92847600,80.45610000,0,15.27749000,monthly,0
customer_0201_observation_04,customer_0201,67.93923000,77.76041000,2,15.10114000,monthly,0
customer_0201_observation_05,customer_0201,68.33896500,75.91872200,1,13.38974700,monthly,0
customer_0202_observation_00,customer_0202,31.99515400,56.35173500,2,19.47470100,monthly,0
customer_0202_observation_01,customer_0202,33.96754200,60.04485500,3,21.15001100,monthly,0
customer_0202_observation_02,customer_0202,34.83889800,61.05881900,1,18.63712800,monthly,0
customer_0202_observation_03,customer_0202,34.69852100,64.09605400,1,20.21684100,monthly,0
customer_0202_observation_04,customer_0202,34.55328400,59.37186500,3,19.83069300,monthly,0
customer_0202_observation_05,customer_0202,35.61316400,59.67335700,2,20.45339700,monthly,0
customer_0203_observation_00,customer_0203,15.91419200,68.42461800,2,12.84079300,monthly,0
customer_0203_observation_01,customer_0203,17.20335000,66.24106100,1,9.60454900,monthly,0
customer_0203_observation_02,customer_0203,18.30070000,68.02109400,1,10.76983600,monthly,0
customer_0203_observation_03,customer_0203,17.13173000,68.51016200,1,12.13179200,monthly,0
customer_0203_observation_04,customer_0203,19.05031000,68.50535800,2,14.12197900,monthly,0
customer_0203_observation_05,customer_0203,18.05957100,68.94198300,1,11.05040600,monthly,0
customer_0204_observation_00,customer_0204,54.67324300,72.08027700,4,15.34270400,annual,1
customer_0204_observation_01,customer_0204,53.04995100,73.08219400,4,18.02809900,annual,1
customer_0204_observation_02,customer_0204,55.41507300,67.61269500,5,15.53885000,annual,1
customer_0204_observation_03,customer_0204,55.83098200,71.70388700,5,15.88811900,annual,1
customer_0204_observation_04,customer_0204,54.70010500,73.13783300,3,18.44424500,annual,1
customer_0204_observation_05,customer_0204,56.75730200,70.92103000,5,15.33648000,annual,1
customer_0205_observation_00,customer_0205,39.73824200,82.79305500,1,21.58671900,annual,1
customer_0205_observation_01,customer_0205,40.85584300,81.64371100,3,21.24452500,annual,1
customer_0205_observation_02,customer_0205,41.33499700,83.79241100,2,22.51341500,annual,1
customer_0205_observation_03,customer_0205,40.01274200,81.59294600,1,21.73929000,annual,1
customer_0205_observation_04,customer_0205,41.12521200,80.57389700,3,20.26022200,annual,1
customer_0205_observation_05,customer_0205,41.76752100,81.91770500,2,22.43393100,annual,1
customer_0206_observation_00,customer_0206,16.54009300,55.76324300,2,21.71598400,annual,0
customer_0206_observation_01,customer_0206,16.15637400,51.40948800,1,21.87444900,annual,0
customer_0206_observation_02,customer_0206,15.87789800,51.05618700,1,20.53003300,annual,0
customer_0206_observation_03,customer_0206,17.17644800,47.80880000,1,20.28408800,annual,0
customer_0206_observation_04,customer_0206,17.97268200,53.21679500,1,21.92348900,annual,0
customer_0206_observation_05,customer_0206,18.15424900,50.99429400,2,21.39094700,annual,0
customer_0207_observation_00,customer_0207,15.47645900,81.80591800,4,4.59969300,two_year,1
customer_0207_observation_01,customer_0207,15.59982200,80.09137400,3,7.80431400,two_year,1
customer_0207_observation_02,customer_0207,17.59426700,76.93641100,4,4.91021300,two_year,1
customer_0207_observation_03,customer_0207,17.38103400,81.71060000,4,6.32101400,two_year,1
customer_0207_observation_04,customer_0207,16.90826500,76.73618900,5,7.69994500,two_year,1
customer_0207_observation_05,customer_0207,17.81815600,77.59786400,3,6.70611300,two_year,1
customer_0208_observation_00,customer_0208,62.94168500,100.07089500,1,14.11649300,two_year,0
customer_0208_observation_01,customer_0208,63.12655400,98.75491900,2,16.20392000,two_year,0
customer_0208_observation_02,customer_0208,63.33842100,101.11603800,2,16.88233200,two_year,0
customer_0208_observation_03,customer_0208,64.79297200,101.56592700,1,15.20532500,two_year,0
customer_0208_observation_04,customer_0208,66.07818200,97.23165200,1,16.02350300,two_year,0
customer_0208_observation_05,customer_0208,65.93115500,103.07151400,1,18.95899100,two_year,0
customer_0209_observation_00,customer_0209,59.64684500,84.12809800,1,12.88280300,monthly,0
customer_0209_observation_01,customer_0209,60.55734100,83.42510100,2,11.62471100,monthly,0
customer_0209_observation_02,customer_0209,61.10473500,85.07288900,1,11.15378700,monthly,0
customer_0209_observation_03,customer_0209,61.91237900,89.07898600,2,11.77633900,monthly,0
customer_0209_observation_04,customer_0209,61.93015700,81.12067900,3,11.22868700,monthly,0
customer_0209_observation_05,customer_0209,61.20156700,84.69380200,2,12.96928000,monthly,0
customer_0210_observation_00,customer_0210,24.10438500,102.46998600,3,13.63198800,annual,1
customer_0210_observation_01,customer_0210,25.53838300,102.48326600,3,12.83993800,annual,1
customer_0210_observation_02,customer_0210,25.61567500,102.70221800,2,14.96427900,annual,1
customer_0210_observation_03,customer_0210,25.64479700,102.30017300,3,12.57132400,annual,0
customer_0210_observation_04,customer_0210,26.69425600,99.58026900,4,11.86437200,annual,1
customer_0210_observation_05,customer_0210,27.00536000,104.70388100,2,13.96033200,annual,1
customer_0211_observation_00,customer_0211,27.73200000,74.38862300,3,15.82565300,monthly,0
customer_0211_observation_01,customer_0211,28.80336400,68.22844500,3,18.96205600,monthly,0
customer_0211_observation_02,customer_0211,28.73551600,71.21492800,1,18.42725100,monthly,0
customer_0211_observation_03,customer_0211,29.15585100,76.89480400,3,16.71768400,monthly,0
customer_0211_observation_04,customer_0211,29.90183800,71.00271800,2,18.39756500,monthly,0
customer_0211_observation_05,customer_0211,30.34405500,73.22342900,2,17.32721500,monthly,0
customer_0212_observation_00,customer_0212,29.14766500,43.83803300,3,12.64963200,annual,0
customer_0212_observation_01,customer_0212,27.85106100,45.34307900,3,15.01494100,annual,0
customer_0212_observation_02,customer_0212,28.99866800,45.31589900,3,11.80277600,annual,0
customer_0212_observation_03,customer_0212,29.28910500,45.74794300,2,14.05970200,annual,0
customer_0212_observation_04,customer_0212,30.56225500,43.30505000,4,13.75556800,annual,0
customer_0212_observation_05,customer_0212,30.55576300,41.45616700,4,14.01402500,annual,0
customer_0213_observation_00,customer_0213,17.98381300,68.58075000,3,15.89096000,monthly,1
customer_0213_observation_01,customer_0213,17.25003700,73.50923500,4,14.96594200,monthly,1
customer_0213_observation_02,customer_0213,17.17174300,73.81104100,4,15.75991200,monthly,1
customer_0213_observation_03,customer_0213,18.42033300,73.37804200,4,13.99897700,monthly,1
customer_0213_observation_04,customer_0213,18.41151000,76.35549400,3,17.11448500,monthly,1
customer_0213_observation_05,customer_0213,18.37997500,72.40674800,4,13.67578500,monthly,1
customer_0214_observation_00,customer_0214,8.23397800,56.11980500,3,17.61563500,monthly,1
customer_0214_observation_01,customer_0214,10.31094700,60.33887000,3,18.46570500,monthly,1
customer_0214_observation_02,customer_0214,10.23468400,57.79748700,3,17.39528300,monthly,1
customer_0214_observation_03,customer_0214,10.63659100,59.55378900,2,18.16892700,monthly,1
customer_0214_observation_04,customer_0214,10.76899600,59.09226400,2,18.17376100,monthly,1
customer_0214_observation_05,customer_0214,13.18874300,54.69863200,3,16.61116400,monthly,1
customer_0215_observation_00,customer_0215,22.91053200,80.17352200,3,14.57793200,annual,0
customer_0215_observation_01,customer_0215,22.81504000,76.66851600,2,14.24904000,annual,0
customer_0215_observation_02,customer_0215,23.95065000,77.59253500,2,13.72072200,annual,0
customer_0215_observation_03,customer_0215,24.93758300,75.80818400,4,13.45253600,annual,0
customer_0215_observation_04,customer_0215,24.49087400,74.24430600,3,16.39096800,annual,0
customer_0215_observation_05,customer_0215,25.85565900,75.81128900,3,13.08773000,annual,0
customer_0216_observation_00,customer_0216,55.64642500,79.15901200,1,12.29166400,monthly,0
customer_0216_observation_01,customer_0216,56.61452800,76.15012800,0,12.12402700,monthly,0
customer_0216_observation_02,customer_0216,57.09305700,76.16415800,0,13.42057900,monthly,0
customer_0216_observation_03,customer_0216,57.30550800,73.92012000,0,11.21908900,monthly,0
customer_0216_observation_04,customer_0216,58.32556600,77.98419900,1,13.23819100,monthly,0
customer_0216_observation_05,customer_0216,58.21949900,77.26764100,0,12.10540400,monthly,0
customer_0217_observation_00,customer_0217,12.77997800,75.19661200,2,10.28120300,annual,0
customer_0217_observation_01,customer_0217,13.48967700,74.45145700,2,11.66887300,annual,0
customer_0217_observation_02,customer_0217,14.65938200,70.29889900,3,10.79424800,annual,0
customer_0217_observation_03,customer_0217,13.79516300,73.87732400,2,9.36827500,annual,0
customer_0217_observation_04,customer_0217,14.84048500,72.09080800,1,12.01345700,annual,0
customer_0217_observation_05,customer_0217,15.14098300,75.29170400,2,10.59653400,annual,0
customer_0218_observation_00,customer_0218,29.11651400,80.75335800,3,8.33932900,monthly,1
customer_0218_observation_01,customer_0218,30.53644300,81.69569600,3,7.13386600,monthly,1
customer_0218_observation_02,customer_0218,30.23303100,79.73909900,2,11.31405500,monthly,1
customer_0218_observation_03,customer_0218,30.65909300,84.07174200,4,11.25896100,monthly,1
customer_0218_observation_04,customer_0218,32.02044800,79.68533400,3,10.62786800,monthly,1
customer_0218_observation_05,customer_0218,32.95908800,78.92915200,4,11.66025100,monthly,1
customer_0219_observation_00,customer_0219,62.60436200,51.65892100,1,26.42104400,monthly,0
customer_0219_observation_01,customer_0219,62.16969100,51.75483000,2,25.63738500,monthly,0
customer_0219_observation_02,customer_0219,64.01733100,51.46918800,1,23.46761600,monthly,0
customer_0219_observation_03,customer_0219,63.95390200,50.55521300,2,26.79649200,monthly,0
customer_0219_observation_04,customer_0219,64.07301400,49.29629500,1,25.22461500,monthly,0
customer_0219_observation_05,customer_0219,63.52922800,50.27811900,1,26.07893500,monthly,0
customer_0220_observation_00,customer_0220,33.89224100,61.47259600,2,13.16708900,monthly,0
customer_0220_observation_01,customer_0220,33.45477100,58.21993300,1,15.42364300,monthly,0
customer_0220_observation_02,customer_0220,35.12090200,65.57268000,2,13.83656900,monthly,0
customer_0220_observation_03,customer_0220,34.47002100,63.24512500,1,15.21571100,monthly,0
customer_0220_observation_04,customer_0220,34.84636400,60.22979600,0,14.65039100,monthly,0
customer_0220_observation_05,customer_0220,35.88701200,59.63887400,0,15.20674100,monthly,1
customer_0221_observation_00,customer_0221,57.22085900,69.99586800,0,22.22797800,monthly,0
customer_0221_observation_01,customer_0221,56.99484400,65.99315500,0,22.95093300,monthly,0
customer_0221_observation_02,customer_0221,57.18106000,69.24992000,0,22.37093000,monthly,0
customer_0221_observation_03,customer_0221,57.07759500,70.14886200,0,22.50499800,monthly,0
customer_0221_observation_04,customer_0221,57.96544000,67.44953300,0,21.09520900,monthly,0
customer_0221_observation_05,customer_0221,58.49827000,68.35956000,0,21.72915500,monthly,0
customer_0222_observation_00,customer_0222,48.22116900,78.14633500,1,3.42537300,monthly,1
customer_0222_observation_01,customer_0222,48.37721700,79.54085900,1,5.06000900,monthly,1
customer_0222_observation_02,customer_0222,48.29605200,79.25112500,1,6.36918400,monthly,1
customer_0222_observation_03,customer_0222,48.83289600,78.61559300,1,6.02231000,monthly,1
customer_0222_observation_04,customer_0222,50.38388500,81.93624000,1,7.43413900,monthly,1
customer_0222_observation_05,customer_0222,49.52226300,79.56471800,1,7.68000700,monthly,1
customer_0223_observation_00,customer_0223,11.55876700,83.84460000,1,8.41299800,two_year,1
customer_0223_observation_01,customer_0223,12.67604100,85.81425700,1,6.42018400,two_year,1
customer_0223_observation_02,customer_0223,12.56028800,82.89528300,1,6.14198300,two_year,1
customer_0223_observation_03,customer_0223,14.06313900,84.40345800,0,6.97601900,two_year,1
customer_0223_observation_04,customer_0223,14.62814000,84.09504000,0,6.02981800,two_year,1
customer_0223_observation_05,customer_0223,14.38534700,83.20637900,1,8.67761400,two_year,1
customer_0224_observation_00,customer_0224,48.81549600,69.52788200,2,30.00000000,monthly,0
customer_0224_observation_01,customer_0224,48.59724100,68.30187100,2,29.74495700,monthly,0
customer_0224_observation_02,customer_0224,48.59319800,72.99276800,2,30.00000000,monthly,0
customer_0224_observation_03,customer_0224,50.08882200,70.51407800,2,30.00000000,monthly,0
customer_0224_observation_04,customer_0224,50.22544600,69.77910800,2,28.58807500,monthly,0
customer_0224_observation_05,customer_0224,50.20403500,72.13747900,1,30.00000000,monthly,0
customer_0225_observation_00,customer_0225,32.74115800,55.13853600,2,13.66573200,annual,0
customer_0225_observation_01,customer_0225,32.84367200,54.24507300,2,11.74315900,annual,0
customer_0225_observation_02,customer_0225,34.13122800,54.36375200,2,11.22414900,annual,0
customer_0225_observation_03,customer_0225,32.69783800,55.93118400,2,10.54504200,annual,0
customer_0225_observation_04,customer_0225,35.17126500,54.58543500,2,13.44327300,annual,0
customer_0225_observation_05,customer_0225,36.39800600,54.58725000,2,13.72652100,annual,0
customer_0226_observation_00,customer_0226,53.16113800,70.80197600,0,15.29983900,monthly,1
customer_0226_observation_01,customer_0226,53.66861300,73.00494500,0,15.76745600,monthly,1
customer_0226_observation_02,customer_0226,53.86801400,69.19499100,0,19.34947500,monthly,1
customer_0226_observation_03,customer_0226,54.15444400,68.56440500,0,15.80769600,monthly,1
customer_0226_observation_04,customer_0226,54.99487900,69.52531900,0,17.66719300,monthly,1
customer_0226_observation_05,customer_0226,56.09685000,69.03103600,0,17.42207600,monthly,1
customer_0227_observation_00,customer_0227,44.63991600,63.45925300,1,18.01093500,monthly,1
customer_0227_observation_01,customer_0227,44.93309000,68.26855000,2,18.14666400,monthly,1
customer_0227_observation_02,customer_0227,44.64198300,66.77378600,2,18.69465000,monthly,1
customer_0227_observation_03,customer_0227,44.61299100,65.86005800,2,18.17168700,monthly,1
customer_0227_observation_04,customer_0227,45.70059200,68.46555000,1,20.34074200,monthly,1
customer_0227_observation_05,customer_0227,47.02657300,69.33907700,1,17.88940500,monthly,1
customer_0228_observation_00,customer_0228,21.23642500,94.94061300,3,25.68126500,annual,0
customer_0228_observation_01,customer_0228,22.90480900,97.82959200,3,22.88158400,annual,0
customer_0228_observation_02,customer_0228,21.12506700,98.08149500,3,25.93351900,annual,0
customer_0228_observation_03,customer_0228,23.91392800,96.30268600,3,22.05491700,annual,0
customer_0228_observation_04,customer_0228,25.16555500,94.85393600,3,23.20765400,annual,0
customer_0228_observation_05,customer_0228,24.02853200,96.88859600,4,23.59085100,annual,0
customer_0229_observation_00,customer_0229,10.45946200,82.67705000,1,24.59832000,monthly,0
customer_0229_observation_01,customer_0229,11.58279500,77.88636300,1,22.42710800,monthly,0
customer_0229_observation_02,customer_0229,10.95618400,84.62424300,0,26.10772400,monthly,0
customer_0229_observation_03,customer_0229,12.08910900,83.97700600,1,21.85550600,monthly,0
customer_0229_observation_04,customer_0229,11.93086200,77.83643200,1,24.18404400,monthly,0
customer_0229_observation_05,customer_0229,13.40522100,83.66513600,1,23.56838500,monthly,0
customer_0230_observation_00,customer_0230,53.48419100,73.45438800,6,18.74103700,monthly,1
customer_0230_observation_01,customer_0230,55.60444000,71.81121800,5,21.98383400,monthly,1
customer_0230_observation_02,customer_0230,55.59506100,70.66222000,5,22.42381800,monthly,1
customer_0230_observation_03,customer_0230,55.00240400,70.32553100,5,17.10826100,monthly,1
customer_0230_observation_04,customer_0230,55.05260500,71.01378200,5,20.66756300,monthly,1
customer_0230_observation_05,customer_0230,56.04741100,69.95066000,6,17.90221400,monthly,1
customer_0231_observation_00,customer_0231,68.10225200,64.76274800,3,19.67693800,annual,0
customer_0231_observation_01,customer_0231,68.06739200,68.83008700,3,19.69064200,annual,0
customer_0231_observation_02,customer_0231,69.13131500,66.68823100,4,20.08092800,annual,0
customer_0231_observation_03,customer_0231,68.84345800,69.46047300,2,20.40937400,annual,0
customer_0231_observation_04,customer_0231,68.91173000,68.10664000,3,18.38986500,annual,0
customer_0231_observation_05,customer_0231,70.08314400,67.97373700,3,21.25080800,annual,0
customer_0232_observation_00,customer_0232,26.06003600,82.42888500,4,26.82822400,two_year,0
customer_0232_observation_01,customer_0232,27.27809500,78.60322000,3,26.09737800,two_year,0
customer_0232_observation_02,customer_0232,28.57105300,79.85881600,3,25.07964100,two_year,0
customer_0232_observation_03,customer_0232,27.44217500,78.73002800,5,25.56580500,two_year,0
customer_0232_observation_04,customer_0232,28.06572500,81.39782200,3,25.68941900,two_year,0
customer_0232_observation_05,customer_0232,26.59687600,82.11882700,4,25.58150400,two_year,0
customer_0233_observation_00,customer_0233,10.75857100,58.19917800,3,19.86740100,monthly,1
customer_0233_observation_01,customer_0233,10.32139300,61.04238300,3,18.13745500,monthly,1
customer_0233_observation_02,customer_0233,10.78275000,57.46215800,4,19.33236200,monthly,1
customer_0233_observation_03,customer_0233,12.61654600,59.08375700,3,20.03042300,monthly,1
customer_0233_observation_04,customer_0233,12.35751600,59.48837700,3,18.94275100,monthly,1
customer_0233_observation_05,customer_0233,13.13058000,55.43137400,2,18.36077200,monthly,1
customer_0234_observation_00,customer_0234,12.07782200,82.23616900,1,17.85582500,monthly,0
customer_0234_observation_01,customer_0234,12.15409500,81.35243900,2,19.43715100,monthly,0
customer_0234_observation_02,customer_0234,13.56457200,83.33146000,3,16.75090400,monthly,0
customer_0234_observation_03,customer_0234,12.78440400,79.45729900,2,17.99888900,monthly,0
customer_0234_observation_04,customer_0234,14.14353200,83.87758900,1,16.57881100,monthly,0
customer_0234_observation_05,customer_0234,13.81485200,83.62836800,1,17.21519800,monthly,0
customer_0235_observation_00,customer_0235,53.54426700,93.62123000,2,24.32879600,two_year,0
customer_0235_observation_01,customer_0235,53.62658500,93.58489700,2,24.50845200,two_year,0
customer_0235_observation_02,customer_0235,55.53493300,92.80257600,2,24.79575600,two_year,0
customer_0235_observation_03,customer_0235,55.93202600,95.37801200,2,22.44067400,two_year,0
customer_0235_observation_04,customer_0235,56.59343800,91.27247700,1,23.06188900,two_year,0
customer_0235_observation_05,customer_0235,56.34201100,91.55672700,2,22.84600800,two_year,0
customer_0236_observation_00,customer_0236,37.88518800,68.29496200,7,20.49344100,monthly,1
customer_0236_observation_01,customer_0236,38.11243300,73.37196500,7,20.68977000,monthly,1
customer_0236_observation_02,customer_0236,38.09973400,67.20833800,7,20.19204800,monthly,1
customer_0236_observation_03,customer_0236,39.70932500,69.01626300,7,20.72572400,monthly,1
customer_0236_observation_04,customer_0236,40.07298000,69.76979700,7,20.32760900,monthly,1
customer_0236_observation_05,customer_0236,40.17945100,69.54103200,7,20.59732400,monthly,1
customer_0237_observation_00,customer_0237,64.60197800,84.05215500,4,17.38799900,monthly,0
customer_0237_observation_01,customer_0237,67.06154600,85.87200800,4,16.49622400,monthly,0
customer_0237_observation_02,customer_0237,66.39870600,82.71558800,4,21.45272500,monthly,0
customer_0237_observation_03,customer_0237,66.79457100,84.63472500,4,20.78666400,monthly,0
customer_0237_observation_04,customer_0237,66.54938400,84.93110100,4,20.80204900,monthly,0
customer_0237_observation_05,customer_0237,68.23367200,81.33231500,4,20.73165000,monthly,0
customer_0238_observation_00,customer_0238,22.75317100,64.30189900,3,22.29636400,monthly,0
customer_0238_observation_01,customer_0238,22.89987700,62.28503500,2,22.90585700,monthly,0
customer_0238_observation_02,customer_0238,24.16281300,65.20816100,4,21.37709300,monthly,0
customer_0238_observation_03,customer_0238,22.94156600,64.12710000,3,20.88332000,monthly,0
customer_0238_observation_04,customer_0238,24.73375000,65.53805700,3,21.52043800,monthly,0
customer_0238_observation_05,customer_0238,24.62638100,62.30954200,3,20.03160500,monthly,0
customer_0239_observation_00,customer_0239,33.11765200,71.03202100,2,13.30095600,monthly,0
customer_0239_observation_01,customer_0239,35.27396000,74.99333100,3,14.59762700,monthly,0
customer_0239_observation_02,customer_0239,34.30283100,75.51381200,4,12.08343000,monthly,0
customer_0239_observation_03,customer_0239,35.28781500,74.93310900,3,15.64504800,monthly,0
customer_0239_observation_04,customer_0239,35.57344400,78.70541000,3,15.91628000,monthly,0
customer_0239_observation_05,customer_0239,35.73984900,70.83779300,3,14.00574100,monthly,0
customer_0240_observation_00,customer_0240,71.59878000,71.85636400,3,24.83370700,two_year,0
customer_0240_observation_01,customer_0240,69.57932600,69.76115400,4,25.46666800,two_year,0
customer_0240_observation_02,customer_0240,72.13328500,68.41807300,2,24.32260200,two_year,0
customer_0240_observation_03,customer_0240,72.35148200,68.18644500,3,25.01218800,two_year,0
customer_0240_observation_04,customer_0240,72.57954200,67.73491100,3,26.65198500,two_year,0
customer_0240_observation_05,customer_0240,73.00905500,69.31046700,3,24.54836500,two_year,0
customer_0241_observation_00,customer_0241,72.05777000,69.34106400,2,14.67700800,monthly,1
customer_0241_observation_01,customer_0241,72.22330000,70.90447000,2,14.41533700,monthly,1
customer_0241_observation_02,customer_0241,71.04685800,68.45931000,2,15.00896000,monthly,1
customer_0241_observation_03,customer_0241,73.44183500,67.33798500,1,12.17081800,monthly,1
customer_0241_observation_04,customer_0241,72.98775900,69.20846100,2,16.62954100,monthly,1
customer_0241_observation_05,customer_0241,75.16466400,71.45004100,1,11.73557100,monthly,1
customer_0242_observation_00,customer_0242,28.32189600,106.04158400,0,19.43825900,monthly,0
customer_0242_observation_01,customer_0242,30.61067200,105.23115600,0,16.43961100,monthly,0
customer_0242_observation_02,customer_0242,30.77846900,110.16553800,0,18.02865200,monthly,0
customer_0242_observation_03,customer_0242,30.60005700,106.94256900,1,16.55081900,monthly,0
customer_0242_observation_04,customer_0242,30.18465900,108.09294500,0,17.54257800,monthly,0
customer_0242_observation_05,customer_0242,30.49259300,107.63216400,0,16.46687700,monthly,0
customer_0243_observation_00,customer_0243,3.74830000,98.67826200,0,19.05284700,monthly,1
customer_0243_observation_01,customer_0243,3.85296400,98.05962800,0,19.78384500,monthly,1
customer_0243_observation_02,customer_0243,5.25265300,95.37335000,0,17.61776300,monthly,1
customer_0243_observation_03,customer_0243,6.48981600,97.88871100,0,22.50029100,monthly,1
customer_0243_observation_04,customer_0243,6.22009700,100.15802800,1,19.47192300,monthly,1
customer_0243_observation_05,customer_0243,7.11414900,92.80114300,0,20.44591600,monthly,1
customer_0244_observation_00,customer_0244,70.07514200,81.77287900,0,17.03661600,annual,0
customer_0244_observation_01,customer_0244,71.47787300,83.74398500,0,14.09623500,annual,0
customer_0244_observation_02,customer_0244,70.67523500,83.06651000,0,15.22449900,annual,0
customer_0244_observation_03,customer_0244,72.23017900,83.41607000,0,15.54782100,annual,0
customer_0244_observation_04,customer_0244,73.50497100,85.87578700,0,15.42994300,annual,0
customer_0244_observation_05,customer_0244,73.21357400,84.96617600,1,19.22479500,annual,0
customer_0245_observation_00,customer_0245,60.26067200,57.56283100,3,16.37861800,annual,0
customer_0245_observation_01,customer_0245,59.77559400,54.25379500,3,14.42944500,annual,0
customer_0245_observation_02,customer_0245,61.86833700,56.50656300,1,14.45057700,annual,0
customer_0245_observation_03,customer_0245,61.72604000,58.25116400,1,15.24323200,annual,0
customer_0245_observation_04,customer_0245,61.17094500,51.51671800,2,15.67851000,annual,0
customer_0245_observation_05,customer_0245,61.06700400,56.84265900,3,15.10069900,annual,0
customer_0246_observation_00,customer_0246,32.96687500,81.13713300,2,20.14051500,two_year,0
customer_0246_observation_01,customer_0246,33.98096500,79.87298600,2,20.25822200,two_year,0
customer_0246_observation_02,customer_0246,35.29887200,84.77214400,3,20.87719100,two_year,0
customer_0246_observation_03,customer_0246,36.00269300,85.07949600,4,19.72432100,two_year,0
customer_0246_observation_04,customer_0246,36.35126900,84.96961700,4,21.61623400,two_year,0
customer_0246_observation_05,customer_0246,35.66477600,81.43100000,4,20.54408000,two_year,0
customer_0247_observation_00,customer_0247,16.16194600,66.86728700,2,22.55795500,two_year,0
customer_0247_observation_01,customer_0247,16.59720600,71.48364500,1,22.39575100,two_year,0
customer_0247_observation_02,customer_0247,16.97170100,73.56906900,2,22.19724200,two_year,0
customer_0247_observation_03,customer_0247,17.53549000,67.24215800,2,22.27103700,two_year,0
customer_0247_observation_04,customer_0247,18.04385000,70.36212400,2,24.22200300,two_year,0
customer_0247_observation_05,customer_0247,18.96669900,68.14735400,2,23.17684700,two_year,0
customer_0248_observation_00,customer_0248,14.06333500,82.42483900,4,6.05728900,monthly,1
customer_0248_observation_01,customer_0248,14.01137000,80.91724700,4,6.86338800,monthly,1
customer_0248_observation_02,customer_0248,13.71643300,85.70396800,5,9.02523100,monthly,1
customer_0248_observation_03,customer_0248,13.79210700,77.30270600,5,6.91350900,monthly,1
customer_0248_observation_04,customer_0248,14.69838900,81.38926200,5,8.18494800,monthly,1
customer_0248_observation_05,customer_0248,14.09182500,84.86140900,6,5.66767000,monthly,1
customer_0249_observation_00,customer_0249,18.66976900,75.89218200,4,14.12836000,annual,0
customer_0249_observation_01,customer_0249,19.76191400,74.96660200,4,16.43358700,annual,0
customer_0249_observation_02,customer_0249,20.27358100,74.87806200,5,16.32925900,annual,0
customer_0249_observation_03,customer_0249,20.03442600,78.67461200,4,16.54832200,annual,0
customer_0249_observation_04,customer_0249,20.75801700,75.37240500,4,15.32121700,annual,0
customer_0249_observation_05,customer_0249,19.93592000,75.11041100,4,13.90176500,annual,0
customer_0250_observation_00,customer_0250,25.42538900,99.91601500,3,19.99131700,annual,0
customer_0250_observation_01,customer_0250,26.68652500,94.54184400,2,22.21234100,annual,0
customer_0250_observation_02,customer_0250,24.32195400,95.69860400,3,21.04061400,annual,0
customer_0250_observation_03,customer_0250,27.46693600,91.63121600,3,19.42906700,annual,0
customer_0250_observation_04,customer_0250,26.65280500,97.09749200,3,22.40128400,annual,0
customer_0250_observation_05,customer_0250,28.79864500,96.41139100,3,22.22464700,annual,0
customer_0251_observation_00,customer_0251,28.56653500,77.05022100,7,13.87131500,monthly,1
customer_0251_observation_01,customer_0251,29.11195300,78.14071800,7,10.37876400,monthly,1
customer_0251_observation_02,customer_0251,29.96835900,76.72039900,7,12.94893300,monthly,0
customer_0251_observation_03,customer_0251,30.04588600,78.87604400,6,12.82813600,monthly,1
customer_0251_observation_04,customer_0251,29.81440100,80.03693000,7,14.23528400,monthly,1
customer_0251_observation_05,customer_0251,31.00024300,77.45232300,5,13.03189000,monthly,1
customer_0252_observation_00,customer_0252,59.65105000,76.52849100,2,16.18336500,monthly,0
customer_0252_observation_01,customer_0252,61.71120200,81.07519300,2,14.90372800,monthly,0
customer_0252_observation_02,customer_0252,61.80754800,80.93789200,2,15.30885800,monthly,0
customer_0252_observation_03,customer_0252,63.15156900,80.21312800,3,15.43460400,monthly,0
customer_0252_observation_04,customer_0252,62.01643100,79.91350100,1,15.26122600,monthly,0
customer_0252_observation_05,customer_0252,62.50571300,79.07609800,2,16.97573900,monthly,0
customer_0253_observation_00,customer_0253,48.15982500,72.26260900,1,16.26207000,monthly,0
customer_0253_observation_01,customer_0253,48.23412300,70.82129800,0,18.29273400,monthly,0
customer_0253_observation_02,customer_0253,48.61445400,75.40728700,0,15.84231200,monthly,0
customer_0253_observation_03,customer_0253,49.70192300,69.53101400,0,18.43711300,monthly,0
customer_0253_observation_04,customer_0253,48.80291300,68.71179200,1,19.13746100,monthly,0
customer_0253_observation_05,customer_0253,49.95158900,69.35753900,1,19.46387500,monthly,0
customer_0254_observation_00,customer_0254,37.28870600,66.26608300,4,16.11881200,annual,1
customer_0254_observation_01,customer_0254,39.06681300,62.34587100,4,16.87234400,annual,1
customer_0254_observation_02,customer_0254,40.21273800,67.03392700,5,15.42659500,annual,1
customer_0254_observation_03,customer_0254,39.83610100,64.89259700,4,18.58853200,annual,1
customer_0254_observation_04,customer_0254,40.45201100,63.95648400,4,17.93160100,annual,1
customer_0254_observation_05,customer_0254,41.13628300,65.46231200,3,17.59028400,annual,1
customer_0255_observation_00,customer_0255,35.99854500,115.00045300,2,25.25764200,monthly,0
customer_0255_observation_01,customer_0255,36.90555100,116.63873000,1,28.40523300,monthly,0
customer_0255_observation_02,customer_0255,37.26535000,111.91824600,2,24.94062700,monthly,0
customer_0255_observation_03,customer_0255,37.26795400,111.16471800,3,25.40301300,monthly,0
customer_0255_observation_04,customer_0255,37.71150400,117.52780900,2,25.89320200,monthly,0
customer_0255_observation_05,customer_0255,36.70616700,114.42418700,2,26.57701900,monthly,0
customer_0256_observation_00,customer_0256,55.55563000,85.95078100,2,13.90460100,monthly,1
customer_0256_observation_01,customer_0256,56.90037400,87.87203300,1,14.98056400,monthly,0
customer_0256_observation_02,customer_0256,58.11803300,85.64448700,2,13.43649900,monthly,1
customer_0256_observation_03,customer_0256,58.56872900,86.95898100,2,15.16723100,monthly,1
customer_0256_observation_04,customer_0256,57.52960700,83.01445400,2,13.99067200,monthly,1
customer_0256_observation_05,customer_0256,59.17336200,90.33298800,2,16.11470000,monthly,1
customer_0257_observation_00,customer_0257,18.28637200,72.11590900,7,15.14741700,monthly,1
customer_0257_observation_01,customer_0257,18.98577700,67.85456900,7,14.33253700,monthly,1
customer_0257_observation_02,customer_0257,19.48098200,67.39782600,6,14.32707600,monthly,1
customer_0257_observation_03,customer_0257,20.81044600,70.20947900,6,13.71870600,monthly,1
customer_0257_observation_04,customer_0257,21.53664200,71.16419200,6,13.81210200,monthly,1
customer_0257_observation_05,customer_0257,21.01982500,69.64463100,5,13.42837400,monthly,1
customer_0258_observation_00,customer_0258,64.70815300,55.48670900,3,12.58338800,monthly,0
customer_0258_observation_01,customer_0258,64.20646000,57.02117800,3,10.17633700,monthly,0
customer_0258_observation_02,customer_0258,64.53887300,52.68707700,3,12.01581500,monthly,0
customer_0258_observation_03,customer_0258,66.05635500,50.11807600,2,10.54797000,monthly,0
customer_0258_observation_04,customer_0258,65.76119300,54.28008500,3,12.37384800,monthly,0
customer_0258_observation_05,customer_0258,66.41840600,56.63606900,3,12.22686900,monthly,0
customer_0259_observation_00,customer_0259,47.16894700,79.34674700,0,6.55884100,monthly,0
customer_0259_observation_01,customer_0259,48.81422000,80.41282400,1,5.60863400,monthly,0
customer_0259_observation_02,customer_0259,47.94540800,82.41741800,0,7.72246000,monthly,0
customer_0259_observation_03,customer_0259,48.15286900,79.56777100,0,5.71348100,monthly,0
customer_0259_observation_04,customer_0259,48.39755600,77.71882500,0,7.28923800,monthly,0
customer_0259_observation_05,customer_0259,50.14530900,80.37693100,0,4.46880100,monthly,0
customer_0260_observation_00,customer_0260,36.18804100,58.45623000,2,25.57012000,two_year,1
customer_0260_observation_01,customer_0260,36.23574200,58.93766900,1,26.16528000,two_year,1
customer_0260_observation_02,customer_0260,37.17454700,55.58525300,3,24.59925400,two_year,1
customer_0260_observation_03,customer_0260,37.41568300,57.91894900,3,26.94483100,two_year,1
customer_0260_observation_04,customer_0260,38.93846400,59.24274900,3,27.35184000,two_year,1
customer_0260_observation_05,customer_0260,37.54382700,55.79082400,2,27.42729800,two_year,1
customer_0261_observation_00,customer_0261,67.94637600,86.46451900,2,19.93451100,annual,0
customer_0261_observation_01,customer_0261,68.48877200,85.38922700,3,17.00979300,annual,0
customer_0261_observation_02,customer_0261,67.93767600,83.80850200,3,17.44435200,annual,0
customer_0261_observation_03,customer_0261,68.49749900,86.52871900,2,17.25177900,annual,0
customer_0261_observation_04,customer_0261,70.62981500,87.17655000,2,17.19330300,annual,0
customer_0261_observation_05,customer_0261,71.18897000,83.01763300,2,18.53441500,annual,0
customer_0262_observation_00,customer_0262,14.25779600,95.18912800,0,10.31612600,annual,1
customer_0262_observation_01,customer_0262,13.41142400,96.44141200,1,12.51241400,annual,1
customer_0262_observation_02,customer_0262,14.46109400,93.17108900,1,15.41246100,annual,1
customer_0262_observation_03,customer_0262,16.09776100,94.93858400,2,12.31283200,annual,1
customer_0262_observation_04,customer_0262,14.54495600,96.68879200,2,10.74429800,annual,1
customer_0262_observation_05,customer_0262,17.66404400,95.91421200,0,12.61599200,annual,1
customer_0263_observation_00,customer_0263,43.76810800,100.74137900,0,12.81661700,annual,0
customer_0263_observation_01,customer_0263,44.10499200,96.47848600,1,14.92307700,annual,0
customer_0263_observation_02,customer_0263,43.59861700,96.00206400,1,13.16657800,annual,0
customer_0263_observation_03,customer_0263,44.52495900,96.52415600,1,14.26336300,annual,0
customer_0263_observation_04,customer_0263,43.93949000,105.12963000,2,14.04628600,annual,0
customer_0263_observation_05,customer_0263,45.44617300,104.80013800,1,11.64185200,annual,0
customer_0264_observation_00,customer_0264,55.42799400,77.21664200,1,9.84875700,monthly,0
customer_0264_observation_01,customer_0264,55.30491600,72.89470900,1,10.52892800,monthly,0
customer_0264_observation_02,customer_0264,56.80066000,75.00703200,1,9.81582900,monthly,0
customer_0264_observation_03,customer_0264,57.36723500,75.69384500,1,8.83339600,monthly,1
customer_0264_observation_04,customer_0264,58.54965000,79.20528900,0,10.34001500,monthly,0
customer_0264_observation_05,customer_0264,58.44427900,75.57069100,1,9.92449100,monthly,0
customer_0265_observation_00,customer_0265,64.68514200,54.44920900,0,16.93621700,annual,1
customer_0265_observation_01,customer_0265,65.30536400,51.88006600,1,15.01327200,annual,1
customer_0265_observation_02,customer_0265,63.63469500,53.88964400,1,16.27984400,annual,1
customer_0265_observation_03,customer_0265,66.25202400,56.32177600,0,17.25701800,annual,1
customer_0265_observation_04,customer_0265,65.68467400,58.83426300,2,16.98674000,annual,1
customer_0265_observation_05,customer_0265,66.60424100,57.98704300,2,16.23879500,annual,1
customer_0266_observation_00,customer_0266,63.45083100,42.61314700,2,2.38391000,monthly,0
customer_0266_observation_01,customer_0266,64.00037000,41.84032200,3,2.86213100,monthly,0
customer_0266_observation_02,customer_0266,64.71824100,44.72973000,3,2.82103100,monthly,0
customer_0266_observation_03,customer_0266,64.15352200,43.47219800,3,7.31800200,monthly,0
customer_0266_observation_04,customer_0266,64.19865500,43.29947200,4,2.48618600,monthly,0
customer_0266_observation_05,customer_0266,64.76011300,42.87458400,3,2.80871200,monthly,0
customer_0267_observation_00,customer_0267,40.92314300,78.07227100,3,17.15448300,two_year,1
customer_0267_observation_01,customer_0267,41.94796800,81.90466300,2,14.95363500,two_year,1
customer_0267_observation_02,customer_0267,40.78795100,78.99134100,3,15.80211200,two_year,1
customer_0267_observation_03,customer_0267,42.38666300,83.65773300,3,16.35944200,two_year,1
customer_0267_observation_04,customer_0267,43.21271600,81.62302300,4,14.61230700,two_year,1
customer_0267_observation_05,customer_0267,44.00847800,82.53651900,4,17.37699800,two_year,1
customer_0268_observation_00,customer_0268,2.68523100,63.94512200,0,22.48870300,two_year,0
customer_0268_observation_01,customer_0268,2.53658300,62.86533300,0,25.98217700,two_year,1
customer_0268_observation_02,customer_0268,3.58187200,67.52332700,0,24.44290500,two_year,0
customer_0268_observation_03,customer_0268,3.80888200,63.87790900,0,22.53983400,two_year,0
customer_0268_observation_04,customer_0268,4.58754900,62.19143000,0,23.11861300,two_year,0
customer_0268_observation_05,customer_0268,5.48975700,63.80517300,0,23.86620800,two_year,0
customer_0269_observation_00,customer_0269,34.28679100,82.78750000,2,12.30688600,monthly,1
customer_0269_observation_01,customer_0269,33.33188100,81.56953400,3,13.92770400,monthly,1
customer_0269_observation_02,customer_0269,33.80206400,83.80201200,2,13.88433800,monthly,1
customer_0269_observation_03,customer_0269,33.50660100,84.92191300,1,15.62862600,monthly,1
customer_0269_observation_04,customer_0269,35.83518800,78.82880200,2,14.30314600,monthly,1
customer_0269_observation_05,customer_0269,35.97477100,78.27069500,2,14.69524100,monthly,1
customer_0270_observation_00,customer_0270,33.69238600,77.13732400,2,9.36588700,monthly,1
customer_0270_observation_01,customer_0270,35.25047000,79.38708200,1,11.22530800,monthly,1
customer_0270_observation_02,customer_0270,35.83090800,76.83173300,1,12.84359900,monthly,1
customer_0270_observation_03,customer_0270,36.39561900,80.48954700,2,10.18076900,monthly,1
customer_0270_observation_04,customer_0270,35.79292800,73.09984900,1,11.57477600,monthly,1
customer_0270_observation_05,customer_0270,37.54473800,76.25020300,1,9.13575800,monthly,1
customer_0271_observation_00,customer_0271,71.27596900,81.11993900,1,14.60810300,annual,0
customer_0271_observation_01,customer_0271,71.54816800,81.91554000,2,15.00967300,annual,0
customer_0271_observation_02,customer_0271,72.63715600,84.88784500,3,13.72689500,annual,0
customer_0271_observation_03,customer_0271,72.21688700,85.81977100,3,15.84777300,annual,0
customer_0271_observation_04,customer_0271,72.08867000,79.46436500,2,17.21103800,annual,0
customer_0271_observation_05,customer_0271,72.72365700,84.35373300,3,16.35688400,annual,0
customer_0272_observation_00,customer_0272,27.97100100,81.75914000,2,15.28083300,monthly,1
customer_0272_observation_01,customer_0272,28.01683300,85.43485800,4,13.93768700,monthly,1
customer_0272_observation_02,customer_0272,29.10031000,78.38649800,3,12.90045600,monthly,1
customer_0272_observation_03,customer_0272,28.03345800,79.60615400,2,14.41110400,monthly,1
customer_0272_observation_04,customer_0272,29.40854600,82.20300600,3,14.85121900,monthly,1
customer_0272_observation_05,customer_0272,30.08817100,81.64148500,3,14.64705600,monthly,1
customer_0273_observation_00,customer_0273,35.86968700,80.62596300,2,15.38983400,monthly,1
customer_0273_observation_01,customer_0273,36.74706800,84.85544700,3,15.80930900,monthly,1
customer_0273_observation_02,customer_0273,36.25809200,82.18722500,2,14.70654700,monthly,1
customer_0273_observation_03,customer_0273,36.38184600,79.88882600,2,16.75302900,monthly,1
customer_0273_observation_04,customer_0273,37.41024700,80.10052500,2,17.84129700,monthly,1
customer_0273_observation_05,customer_0273,37.93524000,80.45123200,1,15.29468700,monthly,1
customer_0274_observation_00,customer_0274,9.38099100,61.61961700,1,18.63456500,monthly,1
customer_0274_observation_01,customer_0274,9.34411600,64.57182900,0,16.06462100,monthly,1
customer_0274_observation_02,customer_0274,10.27589000,61.87382500,1,15.18077700,monthly,1
customer_0274_observation_03,customer_0274,10.48621000,63.84331000,0,16.89267400,monthly,1
customer_0274_observation_04,customer_0274,11.44043100,62.70063200,0,15.30346400,monthly,1
customer_0274_observation_05,customer_0274,11.26429400,65.54116600,2,15.05706500,monthly,1
customer_0275_observation_00,customer_0275,27.19339300,52.22714000,3,14.08915900,monthly,1
customer_0275_observation_01,customer_0275,27.93686400,57.28832300,3,16.07387700,monthly,1
customer_0275_observation_02,customer_0275,27.67889800,57.21928800,3,14.02822900,monthly,1
customer_0275_observation_03,customer_0275,27.88781000,57.67506100,3,15.47918500,monthly,1
customer_0275_observation_04,customer_0275,29.73602300,54.37422200,3,14.16196800,monthly,1
customer_0275_observation_05,customer_0275,28.06636400,54.44832900,3,16.14735800,monthly,1
customer_0276_observation_00,customer_0276,38.63286700,71.70280700,1,20.08546700,monthly,0
customer_0276_observation_01,customer_0276,39.18850000,70.85591800,2,18.13977200,monthly,0
customer_0276_observation_02,customer_0276,39.21967800,69.35754700,1,21.20910600,monthly,0
customer_0276_observation_03,customer_0276,39.99959600,72.34966000,2,20.41749000,monthly,0
customer_0276_observation_04,customer_0276,38.78632900,69.33713100,2,20.82564000,monthly,0
customer_0276_observation_05,customer_0276,39.71780400,72.08271800,0,20.60126400,monthly,0
customer_0277_observation_00,customer_0277,52.25431800,58.37576200,2,18.17073600,monthly,0
customer_0277_observation_01,customer_0277,52.30881600,55.47583200,1,17.30141400,monthly,0
customer_0277_observation_02,customer_0277,52.89347500,52.10868300,1,18.07138600,monthly,0
customer_0277_observation_03,customer_0277,52.33662100,52.56309900,0,17.42251200,monthly,0
customer_0277_observation_04,customer_0277,53.98870800,56.51533100,0,18.69708800,monthly,0
customer_0277_observation_05,customer_0277,54.69114700,56.71592000,2,17.52156600,monthly,0
customer_0278_observation_00,customer_0278,13.54037300,78.81277800,0,4.01551800,monthly,1
customer_0278_observation_01,customer_0278,14.23065700,78.28794700,0,5.78822200,monthly,1
customer_0278_observation_02,customer_0278,15.00043200,79.63440200,0,6.85368100,monthly,1
customer_0278_observation_03,customer_0278,15.75305900,78.86926500,1,4.24941700,monthly,1
customer_0278_observation_04,customer_0278,14.27304300,72.06560800,0,4.47509000,monthly,1
customer_0278_observation_05,customer_0278,15.96056200,76.21243200,0,3.76676500,monthly,1
customer_0279_observation_00,customer_0279,38.68759300,95.82710500,1,23.50890100,monthly,0
customer_0279_observation_01,customer_0279,39.21975100,95.23108600,2,23.61414100,monthly,0
customer_0279_observation_02,customer_0279,40.12004000,95.48619900,1,21.42114200,monthly,0
customer_0279_observation_03,customer_0279,40.05963800,92.46027200,1,22.56581600,monthly,0
customer_0279_observation_04,customer_0279,41.88068800,95.68020400,1,22.55681300,monthly,0
customer_0279_observation_05,customer_0279,39.93093400,96.45703400,1,22.97109500,monthly,0
customer_0280_observation_00,customer_0280,27.99703100,102.54984200,4,21.14612800,monthly,1
customer_0280_observation_01,customer_0280,28.01302500,103.01281800,5,16.54474200,monthly,1
customer_0280_observation_02,customer_0280,28.54417700,101.02278200,5,19.34432300,monthly,1
customer_0280_observation_03,customer_0280,29.78319100,102.12296500,4,16.32213700,monthly,1
customer_0280_observation_04,customer_0280,31.43245100,103.28595000,6,18.49090300,monthly,1
customer_0280_observation_05,customer_0280,31.05765800,104.35386400,5,21.48393400,monthly,1
customer_0281_observation_00,customer_0281,41.24142700,45.79005200,2,14.82722400,monthly,0
customer_0281_observation_01,customer_0281,41.64651800,47.09377600,2,13.94407300,monthly,0
customer_0281_observation_02,customer_0281,41.03741200,40.95112200,3,12.04915900,monthly,0
customer_0281_observation_03,customer_0281,42.26970000,46.67945800,3,13.69389800,monthly,0
customer_0281_observation_04,customer_0281,42.50909400,41.27325000,3,16.71475600,monthly,0
customer_0281_observation_05,customer_0281,41.73795900,42.75099000,3,14.92795200,monthly,0
customer_0282_observation_00,customer_0282,18.16102600,82.40825600,2,14.21472300,monthly,1
customer_0282_observation_01,customer_0282,20.18588200,88.74075600,2,14.74272600,monthly,1
customer_0282_observation_02,customer_0282,19.53114700,87.10327000,2,14.19077800,monthly,1
customer_0282_observation_03,customer_0282,21.03219400,89.24300200,2,15.01812500,monthly,1
customer_0282_observation_04,customer_0282,22.02193500,86.24871500,3,14.19767300,monthly,1
customer_0282_observation_05,customer_0282,21.40824100,85.54278700,2,15.01093300,monthly,1
customer_0283_observation_00,customer_0283,8.54043900,79.32523000,2,19.32835200,annual,0
customer_0283_observation_01,customer_0283,8.48664600,80.04161000,2,19.97946100,annual,0
customer_0283_observation_02,customer_0283,9.86131200,79.62141800,2,19.11534500,annual,0
customer_0283_observation_03,customer_0283,10.05340300,81.02970800,2,19.32462400,annual,0
customer_0283_observation_04,customer_0283,10.96185300,80.24497200,2,17.61329700,annual,0
customer_0283_observation_05,customer_0283,11.37488000,79.04090600,1,18.68780100,annual,0
customer_0284_observation_00,customer_0284,72.82075200,74.07169200,2,21.30724900,annual,0
customer_0284_observation_01,customer_0284,72.37831700,76.57297600,3,22.00596200,annual,0
customer_0284_observation_02,customer_0284,72.95905300,69.49251900,1,22.73600300,annual,0
customer_0284_observation_03,customer_0284,73.44634500,71.99832700,3,21.10206700,annual,0
customer_0284_observation_04,customer_0284,74.02954700,75.15605300,2,24.01894900,annual,0
customer_0284_observation_05,customer_0284,73.84118100,66.07513900,2,21.99597600,annual,0
customer_0285_observation_00,customer_0285,55.89201400,56.90353600,0,15.41118600,two_year,0
customer_0285_observation_01,customer_0285,55.95445900,56.96562000,0,19.85943400,two_year,0
customer_0285_observation_02,customer_0285,56.03837200,54.52123200,0,18.98438500,two_year,0
customer_0285_observation_03,customer_0285,55.97682800,57.69794400,1,17.03207500,two_year,1
customer_0285_observation_04,customer_0285,57.23883300,58.35054200,0,16.38735000,two_year,0
customer_0285_observation_05,customer_0285,58.33344400,55.72871200,0,19.24209500,two_year,0
customer_0286_observation_00,customer_0286,5.52152600,92.65317400,3,19.04108900,monthly,1
customer_0286_observation_01,customer_0286,6.86596900,90.95578600,2,18.34061800,monthly,1
customer_0286_observation_02,customer_0286,7.45579900,93.08630900,1,20.79210700,monthly,1
customer_0286_observation_03,customer_0286,8.29591100,95.27234000,1,21.77279900,monthly,1
customer_0286_observation_04,customer_0286,8.61991100,89.44573600,1,17.28732100,monthly,1
customer_0286_observation_05,customer_0286,9.02286100,87.76917900,1,19.43306600,monthly,1
customer_0287_observation_00,customer_0287,17.12333300,57.64116700,0,14.70762800,annual,0
customer_0287_observation_01,customer_0287,17.78597700,57.72537500,0,15.22647800,annual,0
customer_0287_observation_02,customer_0287,17.25347900,55.50580300,1,17.18767600,annual,0
customer_0287_observation_03,customer_0287,19.03423100,55.66161100,1,14.97518800,annual,0
customer_0287_observation_04,customer_0287,17.94596100,55.39573800,1,14.50710100,annual,0
customer_0287_observation_05,customer_0287,18.54200000,53.59702800,2,14.10372500,annual,0
customer_0288_observation_00,customer_0288,66.99511600,55.94547300,2,21.64197200,monthly,0
customer_0288_observation_01,customer_0288,67.01574300,56.08398300,3,18.90242100,monthly,0
customer_0288_observation_02,customer_0288,68.23572800,54.81046000,3,20.04611900,monthly,0
customer_0288_observation_03,customer_0288,67.16151300,56.82253700,3,21.83779000,monthly,0
customer_0288_observation_04,customer_0288,67.21413300,56.54908500,4,21.23645000,monthly,0
customer_0288_observation_05,customer_0288,69.03364600,53.87835100,4,22.15131500,monthly,0
customer_0289_observation_00,customer_0289,67.00260900,95.37796400,4,21.08471600,monthly,0
customer_0289_observation_01,customer_0289,66.07810400,95.65982100,3,16.41212200,monthly,0
customer_0289_observation_02,customer_0289,67.32856400,97.37586000,5,21.34464900,monthly,0
customer_0289_observation_03,customer_0289,68.48639200,97.89697700,3,18.32631000,monthly,0
customer_0289_observation_04,customer_0289,67.98152700,96.69136700,3,18.76536000,monthly,0
customer_0289_observation_05,customer_0289,69.21065200,92.83415300,5,18.23638600,monthly,0
customer_0290_observation_00,customer_0290,5.20796900,85.96365900,1,22.07133500,monthly,0
customer_0290_observation_01,customer_0290,4.71043900,92.86508400,2,22.70613300,monthly,0
customer_0290_observation_02,customer_0290,5.49461500,91.51376000,1,23.82925800,monthly,0
customer_0290_observation_03,customer_0290,6.44096900,92.92501200,1,23.43877100,monthly,0
customer_0290_observation_04,customer_0290,6.97627100,86.72452700,1,23.72020200,monthly,0
customer_0290_observation_05,customer_0290,8.24703500,87.18494100,1,21.74007000,monthly,0
customer_0291_observation_00,customer_0291,69.08471700,83.41976300,2,17.40540900,monthly,1
customer_0291_observation_01,customer_0291,68.99294800,80.45789600,2,15.60616900,monthly,1
customer_0291_observation_02,customer_0291,68.60445000,79.29418700,1,15.40841300,monthly,1
customer_0291_observation_03,customer_0291,69.43151800,85.64989900,3,16.67688300,monthly,1
customer_0291_observation_04,customer_0291,70.39243100,78.86557500,2,17.37225300,monthly,1
customer_0291_observation_05,customer_0291,70.17969600,80.45020000,1,16.82653500,monthly,0
customer_0292_observation_00,customer_0292,8.92138800,62.77128300,5,16.53290900,annual,0
customer_0292_observation_01,customer_0292,9.68013600,63.67332100,4,16.96563600,annual,0
customer_0292_observation_02,customer_0292,9.94394900,63.35557600,3,16.48709400,annual,0
customer_0292_observation_03,customer_0292,12.42151500,64.17327100,4,15.55132600,annual,0
customer_0292_observation_04,customer_0292,10.88081800,60.56946700,4,18.44041100,annual,0
customer_0292_observation_05,customer_0292,12.19096100,65.74566000,4,18.41962900,annual,0
customer_0293_observation_00,customer_0293,9.05514600,130.91857000,3,3.33790500,monthly,1
customer_0293_observation_01,customer_0293,9.89273800,130.30998800,2,6.31295500,monthly,1
customer_0293_observation_02,customer_0293,10.52722400,126.87855700,4,4.54225500,monthly,1
customer_0293_observation_03,customer_0293,10.89502300,125.93790400,3,8.30502800,monthly,1
customer_0293_observation_04,customer_0293,11.56680900,132.96426600,4,4.82167100,monthly,1
customer_0293_observation_05,customer_0293,12.51424200,128.89579500,3,4.86374700,monthly,1
customer_0294_observation_00,customer_0294,12.90142100,95.39057600,2,26.13539100,monthly,1
customer_0294_observation_01,customer_0294,12.33788300,96.00329100,3,26.27213500,monthly,1
customer_0294_observation_02,customer_0294,13.21129500,95.73807300,2,23.81734300,monthly,1
customer_0294_observation_03,customer_0294,13.50107100,99.20630700,1,23.89107500,monthly,1
customer_0294_observation_04,customer_0294,13.89496200,92.15718700,2,23.04447900,monthly,1
customer_0294_observation_05,customer_0294,14.21900700,97.91894500,2,23.09779600,monthly,1
customer_0295_observation_00,customer_0295,36.53115200,96.22919100,4,18.74503100,two_year,1
customer_0295_observation_01,customer_0295,37.42137900,96.84984700,4,17.15810700,two_year,1
customer_0295_observation_02,customer_0295,39.04266400,94.32455800,4,16.31246100,two_year,1
customer_0295_observation_03,customer_0295,37.89443800,92.91383400,4,18.69958300,two_year,1
customer_0295_observation_04,customer_0295,38.78085300,99.75287100,5,20.82425500,two_year,1
customer_0295_observation_05,customer_0295,39.35656700,92.91435500,5,19.86816700,two_year,1
customer_0296_observation_00,customer_0296,46.76041600,89.95379100,1,27.59393000,two_year,1
customer_0296_observation_01,customer_0296,45.80315800,84.77791300,2,25.72794100,two_year,1
customer_0296_observation_02,customer_0296,46.95410900,86.28290400,3,25.29472000,two_year,1
customer_0296_observation_03,customer_0296,46.09992800,87.38322600,2,26.15505200,two_year,1
customer_0296_observation_04,customer_0296,49.26525800,87.90774600,2,24.88784100,two_year,1
customer_0296_observation_05,customer_0296,48.51101100,88.41744300,2,25.91245800,two_year,1
customer_0297_observation_00,customer_0297,54.75988900,109.43033800,1,25.60634800,annual,0
customer_0297_observation_01,customer_0297,55.28839700,106.53011400,1,25.07332400,annual,0
customer_0297_observation_02,customer_0297,55.73430000,106.70488500,1,26.91123500,annual,0
customer_0297_observation_03,customer_0297,56.40697500,105.99514700,1,28.34300900,annual,0
customer_0297_observation_04,customer_0297,56.78049800,104.39156000,1,25.81944400,annual,0
customer_0297_observation_05,customer_0297,57.06908900,104.83974200,1,24.44711400,annual,0
customer_0298_observation_00,customer_0298,38.87407700,54.55745800,0,21.12962300,monthly,0
customer_0298_observation_01,customer_0298,37.08123800,55.00380600,1,21.06287000,monthly,0
customer_0298_observation_02,customer_0298,40.16568900,57.70189200,0,19.69052900,monthly,0
customer_0298_observation_03,customer_0298,39.63689500,57.09619400,0,19.17264700,monthly,0
customer_0298_observation_04,customer_0298,40.96582200,58.59182900,0,19.61333800,monthly,0
customer_0298_observation_05,customer_0298,41.16953800,53.22839900,0,18.35300400,monthly,1
customer_0299_observation_00,customer_0299,37.26052100,57.92172400,2,17.25504600,monthly,0
customer_0299_observation_01,customer_0299,39.02066800,58.89687800,1,14.70637300,monthly,0
customer_0299_observation_02,customer_0299,38.27743100,54.52181300,2,15.07005600,monthly,0
customer_0299_observation_03,customer_0299,37.35922600,58.25705900,1,14.85095000,monthly,0
customer_0299_observation_04,customer_0299,39.95035100,57.96991200,2,16.40132400,monthly,0
customer_0299_observation_05,customer_0299,40.63695900,58.52179700,3,15.27796700,monthly,0
customer_0300_observation_00,customer_0300,19.72960900,93.63082000,3,11.73667200,monthly,1
customer_0300_observation_01,customer_0300,19.95965200,97.09080500,5,13.27050700,monthly,1
customer_0300_observation_02,customer_0300,21.27922500,91.74082100,4,11.63556500,monthly,0
customer_0300_observation_03,customer_0300,21.16359700,96.34046800,4,13.37963200,monthly,1
customer_0300_observation_04,customer_0300,21.67517600,93.14228800,3,11.87456100,monthly,1
customer_0300_observation_05,customer_0300,23.42456500,93.22436500,3,12.17079000,monthly,1
customer_0301_observation_00,customer_0301,66.44976700,96.70515700,4,11.82717300,annual,1
customer_0301_observation_01,customer_0301,66.64775500,96.92513200,3,10.96325200,annual,1
customer_0301_observation_02,customer_0301,68.03332400,94.31486500,5,10.24705400,annual,1
customer_0301_observation_03,customer_0301,68.50947000,93.65011400,5,9.12218000,annual,1
customer_0301_observation_04,customer_0301,69.57086800,95.32687700,4,9.58688700,annual,1
customer_0301_observation_05,customer_0301,69.96576300,94.54764900,4,13.59089600,annual,1
customer_0302_observation_00,customer_0302,65.26359100,64.27473800,7,19.63029100,monthly,1
customer_0302_observation_01,customer_0302,66.28119600,68.06316800,7,22.75979500,monthly,1
customer_0302_observation_02,customer_0302,66.07588400,65.36186100,5,21.95427900,monthly,1
customer_0302_observation_03,customer_0302,67.79647900,65.91000000,7,21.11490300,monthly,1
customer_0302_observation_04,customer_0302,68.86898900,64.74876300,7,22.10223900,monthly,1
customer_0302_observation_05,customer_0302,66.97165000,64.97228100,6,21.76594800,monthly,1
customer_0303_observation_00,customer_0303,50.79905900,53.36453200,0,17.41210800,annual,0
customer_0303_observation_01,customer_0303,50.39960200,55.84541100,0,17.03893000,annual,0
customer_0303_observation_02,customer_0303,51.28103700,52.96112900,0,18.62696700,annual,0
customer_0303_observation_03,customer_0303,51.04810400,48.46929100,1,16.99065900,annual,0
customer_0303_observation_04,customer_0303,52.03947400,52.48570000,0,16.28316500,annual,0
customer_0303_observation_05,customer_0303,51.57065400,52.88633100,0,19.29870100,annual,0
customer_0304_observation_00,customer_0304,26.42633600,114.05465700,5,12.57142400,annual,1
customer_0304_observation_01,customer_0304,27.06881600,108.83569300,4,14.80627300,annual,1
customer_0304_observation_02,customer_0304,28.26624900,111.39831600,5,15.07724300,annual,1
customer_0304_observation_03,customer_0304,29.18247800,117.26498000,5,15.46623200,annual,1
customer_0304_observation_04,customer_0304,28.31174400,112.20215700,5,16.02539300,annual,1
customer_0304_observation_05,customer_0304,28.44170600,114.67356700,5,16.13541700,annual,1
customer_0305_observation_00,customer_0305,34.19585300,109.52788200,0,13.05751500,two_year,1
customer_0305_observation_01,customer_0305,34.84870000,108.27123800,0,11.81042300,two_year,1
customer_0305_observation_02,customer_0305,34.43927400,109.97362100,0,11.30108800,two_year,1
customer_0305_observation_03,customer_0305,35.28836100,112.54332500,0,12.77957900,two_year,1
customer_0305_observation_04,customer_0305,35.64679300,108.07658900,0,12.68284000,two_year,1
customer_0305_observation_05,customer_0305,34.69000100,106.26978900,0,11.45521300,two_year,0
customer_0306_observation_00,customer_0306,19.80581000,79.02448400,4,20.69265400,monthly,1
customer_0306_observation_01,customer_0306,20.73646500,80.30919400,5,23.22549700,monthly,1
customer_0306_observation_02,customer_0306,20.45663900,80.12097700,5,20.31555500,monthly,1
customer_0306_observation_03,customer_0306,20.90788300,82.41277400,4,22.15795900,monthly,1
customer_0306_observation_04,customer_0306,21.74209800,80.24195900,5,23.79804700,monthly,1
customer_0306_observation_05,customer_0306,22.16664100,80.78059800,5,23.63460600,monthly,1
customer_0307_observation_00,customer_0307,6.36900600,91.40133400,5,19.90554200,two_year,1
customer_0307_observation_01,customer_0307,6.81293100,92.51386500,5,18.84210000,two_year,1
customer_0307_observation_02,customer_0307,7.05444700,91.49948700,5,19.98555500,two_year,1
customer_0307_observation_03,customer_0307,7.71832500,93.87459400,4,19.63935000,two_year,1
customer_0307_observation_04,customer_0307,8.96616300,92.61643500,5,20.89858200,two_year,1
customer_0307_observation_05,customer_0307,8.00379500,94.00010800,5,17.93601200,two_year,1
customer_0308_observation_00,customer_0308,26.90915400,99.39219500,1,23.54417100,monthly,0
customer_0308_observation_01,customer_0308,26.81284500,99.91015800,2,21.39134400,monthly,0
customer_0308_observation_02,customer_0308,29.07036800,98.17072300,2,22.31021400,monthly,0
customer_0308_observation_03,customer_0308,28.72802800,95.65994400,1,20.65436700,monthly,0
customer_0308_observation_04,customer_0308,28.92482800,98.01897100,2,21.83960700,monthly,0
customer_0308_observation_05,customer_0308,29.62555500,95.07247400,1,22.63680000,monthly,0
customer_0309_observation_00,customer_0309,65.24260500,61.16634200,3,29.82687900,monthly,0
customer_0309_observation_01,customer_0309,66.19672500,61.22122100,3,30.00000000,monthly,0
customer_0309_observation_02,customer_0309,66.96454100,61.21306900,3,28.32685400,monthly,0
customer_0309_observation_03,customer_0309,67.82219200,61.46839900,2,30.00000000,monthly,0
customer_0309_observation_04,customer_0309,67.15287700,65.17370100,4,27.95341200,monthly,0
customer_0309_observation_05,customer_0309,67.26037800,62.07962700,3,30.00000000,monthly,0
customer_0310_observation_00,customer_0310,3.52895500,55.05144200,2,17.64675700,monthly,1
customer_0310_observation_01,customer_0310,5.21429500,53.63976700,2,16.81725000,monthly,1
customer_0310_observation_02,customer_0310,4.43464900,52.06619000,1,17.58263400,monthly,1
customer_0310_observation_03,customer_0310,5.28281300,60.94227600,3,17.05682200,monthly,1
customer_0310_observation_04,customer_0310,6.57577400,54.45030000,2,15.91960800,monthly,1
customer_0310_observation_05,customer_0310,5.75933500,50.82696900,2,17.69028100,monthly,1
customer_0311_observation_00,customer_0311,15.03035700,78.96390400,0,12.79145300,monthly,1
customer_0311_observation_01,customer_0311,16.44774300,81.40286300,0,10.83133700,monthly,1
customer_0311_observation_02,customer_0311,16.50537200,77.56439000,0,9.62350200,monthly,1
customer_0311_observation_03,customer_0311,18.15859700,78.17311500,0,11.18864000,monthly,1
customer_0311_observation_04,customer_0311,18.13894600,77.43206100,0,10.86637100,monthly,1
customer_0311_observation_05,customer_0311,17.51079100,79.78866400,0,12.21761300,monthly,1
customer_0312_observation_00,customer_0312,14.84417300,96.23282100,1,21.31343600,monthly,1
customer_0312_observation_01,customer_0312,15.34131900,97.56203300,2,19.20784600,monthly,1
customer_0312_observation_02,customer_0312,16.15225900,93.31230200,1,22.21683800,monthly,1
customer_0312_observation_03,customer_0312,16.70743300,97.94562100,2,20.47474600,monthly,1
customer_0312_observation_04,customer_0312,16.96476800,97.05454500,2,21.07381700,monthly,1
customer_0312_observation_05,customer_0312,16.40398400,96.85371200,1,21.43786900,monthly,1
customer_0313_observation_00,customer_0313,44.09892700,96.33317600,0,17.26368000,annual,0
customer_0313_observation_01,customer_0313,45.26250500,92.52053100,0,18.20771800,annual,0
customer_0313_observation_02,customer_0313,45.77598300,95.19982400,1,17.30833800,annual,0
customer_0313_observation_03,customer_0313,46.50827600,93.24120500,0,16.06635400,annual,0
customer_0313_observation_04,customer_0313,46.49265900,94.97518600,0,19.07655100,annual,0
customer_0313_observation_05,customer_0313,46.78141900,97.68011400,1,14.63750700,annual,0
customer_0314_observation_00,customer_0314,8.92197000,77.84575800,4,20.66396800,annual,1
customer_0314_observation_01,customer_0314,10.67544500,74.55618500,4,18.22019800,annual,1
customer_0314_observation_02,customer_0314,10.21253900,82.29416700,3,18.99988200,annual,1
customer_0314_observation_03,customer_0314,10.21238400,74.80832000,4,19.19196100,annual,1
customer_0314_observation_04,customer_0314,10.17546300,74.00911500,3,19.87930000,annual,1
customer_0314_observation_05,customer_0314,10.68229700,73.58245100,4,18.70774000,annual,1
customer_0315_observation_00,customer_0315,22.11140000,62.79138900,1,20.02662300,monthly,1
customer_0315_observation_01,customer_0315,22.62561000,65.37521100,1,21.63842500,monthly,1
customer_0315_observation_02,customer_0315,23.40953100,62.74423200,3,18.97099600,monthly,1
customer_0315_observation_03,customer_0315,23.52246700,63.20576500,3,20.06200600,monthly,1
customer_0315_observation_04,customer_0315,24.05923300,62.94628900,2,19.41508700,monthly,1
customer_0315_observation_05,customer_0315,24.68482500,63.83069600,1,22.03514000,monthly,1
customer_0316_observation_00,customer_0316,31.92005200,58.43099600,5,7.00981800,monthly,1
customer_0316_observation_01,customer_0316,32.24630700,56.28850400,4,9.93867600,monthly,1
customer_0316_observation_02,customer_0316,32.67933200,60.96795100,4,7.64145000,monthly,1
customer_0316_observation_03,customer_0316,32.66960700,57.65288400,4,8.50658200,monthly,1
customer_0316_observation_04,customer_0316,33.60366400,55.58576200,5,8.74299700,monthly,1
customer_0316_observation_05,customer_0316,33.69859900,58.58980300,3,8.17801200,monthly,1
customer_0317_observation_00,customer_0317,68.76324000,98.43154900,0,16.85354000,monthly,0
customer_0317_observation_01,customer_0317,68.96835600,98.00592100,1,16.79633800,monthly,0
customer_0317_observation_02,customer_0317,68.18195800,100.15664200,1,15.49121200,monthly,0
customer_0317_observation_03,customer_0317,68.65093800,99.38867300,1,17.48893000,monthly,0
customer_0317_observation_04,customer_0317,70.49901400,97.26770100,2,18.57044500,monthly,0
customer_0317_observation_05,customer_0317,70.70386300,99.13787400,0,16.53777500,monthly,0
customer_0318_observation_00,customer_0318,39.67937900,106.16521800,3,22.85511400,annual,1
customer_0318_observation_01,customer_0318,39.76827200,107.77830000,3,20.02682200,annual,1
customer_0318_observation_02,customer_0318,39.65356000,106.82626100,3,20.07347200,annual,1
customer_0318_observation_03,customer_0318,40.47210000,107.76935900,3,21.63191400,annual,1
customer_0318_observation_04,customer_0318,40.54300300,111.10753600,2,20.25988400,annual,1
customer_0318_observation_05,customer_0318,41.24032000,101.49305700,2,19.00821900,annual,1
customer_0319_observation_00,customer_0319,48.29535400,90.22163800,1,18.21965200,monthly,1
customer_0319_observation_01,customer_0319,48.90248600,87.56012400,1,18.10717800,monthly,1
customer_0319_observation_02,customer_0319,49.46888100,87.32024500,1,17.89899600,monthly,1
customer_0319_observation_03,customer_0319,50.08961500,89.08386900,2,17.93993300,monthly,1
customer_0319_observation_04,customer_0319,50.05280800,86.27282500,1,18.35502000,monthly,1
customer_0319_observation_05,customer_0319,51.09577800,85.17209700,0,17.88834300,monthly,1
customer_0320_observation_00,customer_0320,18.47503300,54.67845400,2,14.31282600,monthly,1
customer_0320_observation_01,customer_0320,18.19475000,53.50858900,1,13.65167200,monthly,1
customer_0320_observation_02,customer_0320,20.30287900,51.97220100,2,13.38010800,monthly,1
customer_0320_observation_03,customer_0320,19.58648700,52.87366600,1,14.86121400,monthly,1
customer_0320_observation_04,customer_0320,20.08979700,55.19996100,2,14.93571400,monthly,1
customer_0320_observation_05,customer_0320,20.17207800,52.51516200,1,15.04961200,monthly,1
customer_0321_observation_00,customer_0321,65.09766200,76.98090700,1,13.50340800,monthly,0
customer_0321_observation_01,customer_0321,65.48677200,75.99465400,1,11.75180600,monthly,0
customer_0321_observation_02,customer_0321,65.70003700,80.47057300,1,14.23582800,monthly,0
customer_0321_observation_03,customer_0321,67.48787200,76.28541200,1,12.23641700,monthly,0
customer_0321_observation_04,customer_0321,67.97165500,78.05639200,2,14.07353200,monthly,0
customer_0321_observation_05,customer_0321,67.68551900,76.20469500,1,12.63745500,monthly,0
customer_0322_observation_00,customer_0322,24.76042200,101.23216600,4,14.03487600,monthly,1
customer_0322_observation_01,customer_0322,25.31333300,104.41297200,3,15.13110300,monthly,0
customer_0322_observation_02,customer_0322,25.57038700,102.00210100,4,13.72082600,monthly,1
customer_0322_observation_03,customer_0322,26.53374900,99.22680600,4,13.63980100,monthly,1
customer_0322_observation_04,customer_0322,25.62013700,99.10679000,4,12.98970300,monthly,1
customer_0322_observation_05,customer_0322,27.78647600,100.61137000,5,15.21946000,monthly,1
customer_0323_observation_00,customer_0323,65.81825900,74.20818900,2,18.79723000,monthly,0
customer_0323_observation_01,customer_0323,64.81440000,72.80298900,2,18.01585100,monthly,0
customer_0323_observation_02,customer_0323,65.40207400,75.46997600,3,17.63596600,monthly,0
customer_0323_observation_03,customer_0323,66.48186100,74.41795700,2,17.31424800,monthly,0
customer_0323_observation_04,customer_0323,66.87807700,72.64001700,1,18.54504500,monthly,0
customer_0323_observation_05,customer_0323,66.49492100,77.67455200,3,18.33580200,monthly,0
customer_0324_observation_00,customer_0324,20.79550700,103.27172000,3,10.30183700,monthly,1
customer_0324_observation_01,customer_0324,22.06125400,104.01769500,2,8.56317000,monthly,1
customer_0324_observation_02,customer_0324,21.03688700,106.15085800,4,10.34772900,monthly,1
customer_0324_observation_03,customer_0324,23.10882000,104.90215700,4,11.91338300,monthly,1
customer_0324_observation_04,customer_0324,23.33854000,104.72688400,3,13.05016200,monthly,1
customer_0324_observation_05,customer_0324,22.97305300,106.03180700,4,11.02063400,monthly,1
customer_0325_observation_00,customer_0325,29.67714300,74.97400100,1,12.96875000,monthly,1
customer_0325_observation_01,customer_0325,30.81774300,68.32880700,1,12.43859700,monthly,1
customer_0325_observation_02,customer_0325,30.72959300,70.37090800,0,10.76750600,monthly,1
customer_0325_observation_03,customer_0325,31.28485900,69.16584900,1,11.56895100,monthly,1
customer_0325_observation_04,customer_0325,31.46634500,73.65061100,2,12.90430600,monthly,1
customer_0325_observation_05,customer_0325,31.98046400,73.00609200,2,9.54687000,monthly,1
customer_0326_observation_00,customer_0326,64.43907100,93.80797800,0,10.35626100,two_year,0
customer_0326_observation_01,customer_0326,64.98946300,94.87864000,0,9.76810700,two_year,0
customer_0326_observation_02,customer_0326,65.32609200,99.00685500,0,10.49955100,two_year,0
customer_0326_observation_03,customer_0326,65.76473500,96.59208100,0,10.57802200,two_year,0
customer_0326_observation_04,customer_0326,65.85443700,94.26731300,0,9.06777500,two_year,0
customer_0326_observation_05,customer_0326,67.73130300,93.46161600,0,10.98547700,two_year,0
customer_0327_observation_00,customer_0327,52.84269200,95.11004100,3,15.16998600,monthly,1
customer_0327_observation_01,customer_0327,52.33030100,94.88241100,4,17.07115500,monthly,1
customer_0327_observation_02,customer_0327,52.36146900,95.28456400,3,16.46239100,monthly,1
customer_0327_observation_03,customer_0327,54.06191400,96.81867900,4,15.86255200,monthly,1
customer_0327_observation_04,customer_0327,53.86054900,96.12179900,3,15.49698100,monthly,1
customer_0327_observation_05,customer_0327,54.21027800,95.01652300,4,16.56609000,monthly,1
customer_0328_observation_00,customer_0328,28.29932700,84.38499900,0,18.50569700,monthly,1
customer_0328_observation_01,customer_0328,30.62689600,85.23982100,0,18.37255600,monthly,1
customer_0328_observation_02,customer_0328,29.32122600,85.94465200,0,20.83792800,monthly,1
customer_0328_observation_03,customer_0328,30.92813600,83.46713800,0,18.50048600,monthly,1
customer_0328_observation_04,customer_0328,30.99797100,82.69924900,0,17.31755600,monthly,1
customer_0328_observation_05,customer_0328,32.28482100,85.73570400,0,19.54287700,monthly,1
customer_0329_observation_00,customer_0329,45.69787700,63.74910100,0,20.49522000,annual,0
customer_0329_observation_01,customer_0329,45.64491300,67.11561500,2,22.65835500,annual,1
customer_0329_observation_02,customer_0329,45.39194700,68.48899200,1,22.28386700,annual,0
customer_0329_observation_03,customer_0329,46.35248300,67.98765900,1,20.77005400,annual,0
customer_0329_observation_04,customer_0329,46.58637200,62.47290700,0,21.51796700,annual,0
customer_0329_observation_05,customer_0329,48.27820300,64.48676900,1,20.22341200,annual,0
customer_0330_observation_00,customer_0330,25.19362200,58.20604500,3,18.25053700,two_year,0
customer_0330_observation_01,customer_0330,23.40989300,57.02397300,2,18.05174100,two_year,0
customer_0330_observation_02,customer_0330,26.08763300,57.44277500,4,20.19733600,two_year,0
customer_0330_observation_03,customer_0330,25.89222400,54.95534100,3,17.80945200,two_year,0
customer_0330_observation_04,customer_0330,27.15858000,60.55063300,3,19.28421500,two_year,0
customer_0330_observation_05,customer_0330,26.19452500,57.36758200,4,19.03264500,two_year,0
customer_0331_observation_00,customer_0331,33.68930500,49.59053300,2,20.59439800,annual,1
customer_0331_observation_01,customer_0331,33.92859600,47.52432800,1,19.21347300,annual,1
customer_0331_observation_02,customer_0331,34.08635800,40.15131700,1,22.93842200,annual,1
customer_0331_observation_03,customer_0331,33.45708800,45.45480600,3,20.32588500,annual,1
customer_0331_observation_04,customer_0331,34.72284000,43.82420100,2,22.27911500,annual,1
customer_0331_observation_05,customer_0331,34.79181200,44.94781200,2,19.76588700,annual,1
customer_0332_observation_00,customer_0332,4.67060700,86.73240000,1,27.07916500,two_year,1
customer_0332_observation_01,customer_0332,5.18732000,87.84571500,0,29.79103600,two_year,1
customer_0332_observation_02,customer_0332,3.15300300,90.08750600,0,28.57915400,two_year,1
customer_0332_observation_03,customer_0332,5.66892300,88.97640500,0,25.67257000,two_year,1
customer_0332_observation_04,customer_0332,5.25577900,90.34114500,1,26.30811400,two_year,1
customer_0332_observation_05,customer_0332,6.68245200,86.08503100,1,28.46660700,two_year,1
customer_0333_observation_00,customer_0333,27.90207200,82.45505700,2,8.47894300,monthly,1
customer_0333_observation_01,customer_0333,27.84673800,81.58689200,2,8.24457100,monthly,1
customer_0333_observation_02,customer_0333,27.87541400,79.98360600,2,7.29102800,monthly,1
customer_0333_observation_03,customer_0333,29.55570900,81.09600500,2,6.73565900,monthly,1
customer_0333_observation_04,customer_0333,29.38939300,79.23880400,2,6.24009500,monthly,1
customer_0333_observation_05,customer_0333,29.23269500,77.98786200,2,7.57469300,monthly,1
customer_0334_observation_00,customer_0334,67.82679700,80.22533100,3,12.82091200,annual,0
customer_0334_observation_01,customer_0334,67.70427300,78.86704900,3,12.91699900,annual,0
customer_0334_observation_02,customer_0334,69.61392400,77.68908500,2,14.95100700,annual,0
customer_0334_observation_03,customer_0334,69.10158200,77.45245900,4,14.11544500,annual,0
customer_0334_observation_04,customer_0334,70.14318700,80.03368000,4,13.92607500,annual,0
customer_0334_observation_05,customer_0334,69.13864400,80.52257900,3,14.52877900,annual,0
customer_0335_observation_00,customer_0335,56.05764400,69.20564200,3,11.48889800,monthly,1
customer_0335_observation_01,customer_0335,57.35804100,65.16503200,3,12.57654900,monthly,1
customer_0335_observation_02,customer_0335,56.79468500,67.74609600,3,11.70319600,monthly,1
customer_0335_observation_03,customer_0335,56.52507400,67.95963700,3,11.52655000,monthly,1
customer_0335_observation_04,customer_0335,58.69505100,66.50633100,3,12.52387600,monthly,1
customer_0335_observation_05,customer_0335,58.19603300,65.28861200,4,10.55612300,monthly,1
customer_0336_observation_00,customer_0336,8.09488600,59.37204800,0,21.32133300,monthly,0
customer_0336_observation_01,customer_0336,8.80372300,65.02247400,1,19.10494100,monthly,0
customer_0336_observation_02,customer_0336,9.03464600,62.59094300,1,17.87030200,monthly,0
customer_0336_observation_03,customer_0336,9.08963700,64.00530200,1,17.77192100,monthly,0
customer_0336_observation_04,customer_0336,10.20911300,65.88047600,1,20.00666200,monthly,0
customer_0336_observation_05,customer_0336,9.96014600,61.18806400,1,19.68997000,monthly,0
customer_0337_observation_00,customer_0337,10.91074900,45.49645000,3,19.81158600,monthly,1
customer_0337_observation_01,customer_0337,11.50472500,47.07899200,4,19.45812900,monthly,1
customer_0337_observation_02,customer_0337,12.53680100,44.91446600,4,20.39984800,monthly,1
customer_0337_observation_03,customer_0337,11.93076300,47.93228900,3,16.31433400,monthly,1
customer_0337_observation_04,customer_0337,12.56314000,51.48587300,3,17.31095200,monthly,1
customer_0337_observation_05,customer_0337,13.15969600,49.45605900,3,19.10628000,monthly,1
customer_0338_observation_00,customer_0338,49.78518100,112.54055000,5,16.74671900,monthly,1
customer_0338_observation_01,customer_0338,50.16683000,109.63924500,3,19.23844500,monthly,1
customer_0338_observation_02,customer_0338,51.05103800,108.85625800,4,16.97255600,monthly,1
customer_0338_observation_03,customer_0338,51.70903000,111.55206100,4,18.44188200,monthly,1
customer_0338_observation_04,customer_0338,53.10147700,111.40842600,4,15.95003700,monthly,1
customer_0338_observation_05,customer_0338,53.05079200,105.87160800,4,17.85601900,monthly,1
customer_0339_observation_00,customer_0339,18.13987900,73.90767800,4,10.86538700,two_year,1
customer_0339_observation_01,customer_0339,18.84403000,77.27969300,3,11.77362500,two_year,1
customer_0339_observation_02,customer_0339,18.97459100,78.04184000,3,11.80828200,two_year,1
customer_0339_observation_03,customer_0339,19.66589900,74.19485300,3,12.04439500,two_year,1
customer_0339_observation_04,customer_0339,19.63312600,77.65736400,3,12.99652400,two_year,1
customer_0339_observation_05,customer_0339,19.75132600,78.71377800,2,11.51674500,two_year,1
customer_0340_observation_00,customer_0340,20.89809600,54.29592400,1,12.99187800,monthly,0
customer_0340_observation_01,customer_0340,23.48695100,54.96841500,2,16.23852000,monthly,0
customer_0340_observation_02,customer_0340,21.53022000,52.34026600,2,15.46365700,monthly,0
customer_0340_observation_03,customer_0340,21.99542800,57.96681300,2,14.17257300,monthly,0
customer_0340_observation_04,customer_0340,23.61006100,57.60204700,1,13.78705500,monthly,0
customer_0340_observation_05,customer_0340,25.40713300,52.31358100,2,14.62347500,monthly,0
customer_0341_observation_00,customer_0341,3.41474500,60.95946400,2,14.21505100,annual,1
customer_0341_observation_01,customer_0341,4.38197000,56.79540600,0,17.34104100,annual,1
customer_0341_observation_02,customer_0341,3.80728400,56.34648600,1,14.38670600,annual,1
customer_0341_observation_03,customer_0341,5.03798100,54.44466300,1,15.80913000,annual,1
customer_0341_observation_04,customer_0341,5.11251600,55.02206500,1,14.95356900,annual,1
customer_0341_observation_05,customer_0341,5.11285800,58.26746100,0,15.64563100,annual,1
customer_0342_observation_00,customer_0342,43.94215000,51.86456800,3,10.83386300,annual,0
customer_0342_observation_01,customer_0342,44.47026400,58.23656900,4,8.93979300,annual,0
customer_0342_observation_02,customer_0342,44.91918000,54.53054900,4,12.39565200,annual,0
customer_0342_observation_03,customer_0342,45.14684700,57.31900000,3,10.00759800,annual,0
customer_0342_observation_04,customer_0342,45.40994500,56.23866000,3,8.35408300,annual,0
customer_0342_observation_05,customer_0342,46.73295600,54.29648500,3,9.56161200,annual,0
customer_0343_observation_00,customer_0343,38.09587800,77.40436400,4,14.86025100,monthly,1
customer_0343_observation_01,customer_0343,37.94041200,75.03930900,3,16.65687300,monthly,1
customer_0343_observation_02,customer_0343,37.66654200,76.08986700,5,15.18568800,monthly,1
customer_0343_observation_03,customer_0343,37.99522900,73.71201500,4,14.25811400,monthly,1
customer_0343_observation_04,customer_0343,38.48277800,76.05420200,4,16.50946500,monthly,1
customer_0343_observation_05,customer_0343,38.70957900,73.79627700,4,14.84680300,monthly,1
customer_0344_observation_00,customer_0344,70.81181500,95.11399700,5,9.15371600,annual,1
customer_0344_observation_01,customer_0344,70.14099700,99.11113500,4,11.07827500,annual,1
customer_0344_observation_02,customer_0344,71.04136800,92.34194000,4,7.55841000,annual,1
customer_0344_observation_03,customer_0344,72.66278100,97.34242600,4,10.75733500,annual,1
customer_0344_observation_04,customer_0344,72.98561300,97.82150200,4,10.75337200,annual,1
customer_0344_observation_05,customer_0344,73.43098900,97.82572600,4,12.74482000,annual,1
customer_0345_observation_00,customer_0345,40.74301400,81.92109300,3,15.49696000,monthly,0
customer_0345_observation_01,customer_0345,41.33181200,77.60981500,2,16.34116300,monthly,1
customer_0345_observation_02,customer_0345,41.58832100,77.32547800,2,17.87859200,monthly,1
customer_0345_observation_03,customer_0345,40.29630000,78.45845500,2,14.99844600,monthly,1
customer_0345_observation_04,customer_0345,42.43509500,78.16972000,2,18.39910400,monthly,1
customer_0345_observation_05,customer_0345,43.81605300,78.65322600,2,19.72224600,monthly,1
customer_0346_observation_00,customer_0346,29.21397100,85.13182200,1,14.35549300,annual,1
customer_0346_observation_01,customer_0346,29.08604700,84.02935400,1,12.73364800,annual,1
customer_0346_observation_02,customer_0346,29.94067700,77.29572800,1,15.99022500,annual,1
customer_0346_observation_03,customer_0346,30.76283100,77.48457700,1,15.88503100,annual,1
customer_0346_observation_04,customer_0346,31.89427100,80.65680000,1,13.05784500,annual,1
customer_0346_observation_05,customer_0346,30.81978600,79.62324400,0,13.19502100,annual,1
customer_0347_observation_00,customer_0347,51.90286400,92.54920000,3,26.44396300,monthly,0
customer_0347_observation_01,customer_0347,51.30109900,91.59569000,4,25.83478900,monthly,0
customer_0347_observation_02,customer_0347,51.65315100,93.03699800,3,26.57340200,monthly,0
customer_0347_observation_03,customer_0347,51.96878500,90.99194300,3,25.20900900,monthly,0
customer_0347_observation_04,customer_0347,54.00119700,90.86878900,2,26.31671400,monthly,0
customer_0347_observation_05,customer_0347,53.73595300,90.41371100,2,27.18430200,monthly,0
customer_0348_observation_00,customer_0348,30.22090100,82.82386000,1,18.63471900,monthly,1
customer_0348_observation_01,customer_0348,31.54106500,83.74849200,1,19.27553900,monthly,1
customer_0348_observation_02,customer_0348,31.27557200,88.65532000,1,17.24404900,monthly,1
customer_0348_observation_03,customer_0348,31.12097500,81.70834500,2,18.50541800,monthly,1
customer_0348_observation_04,customer_0348,33.31939500,80.98814400,1,16.81256300,monthly,1
customer_0348_observation_05,customer_0348,32.22491300,80.74084400,1,16.00001900,monthly,1
customer_0349_observation_00,customer_0349,19.22323900,52.52995300,1,10.30243300,monthly,0
customer_0349_observation_01,customer_0349,21.37917600,56.73012700,1,10.07847700,monthly,0
customer_0349_observation_02,customer_0349,19.75578700,53.13265700,1,11.42900700,monthly,0
customer_0349_observation_03,customer_0349,21.60940800,54.29619500,1,11.51971800,monthly,0
customer_0349_observation_04,customer_0349,21.17741800,54.11790600,1,10.04979000,monthly,0
customer_0349_observation_05,customer_0349,22.07816100,51.70785100,2,11.56148500,monthly,0
customer_0350_observation_00,customer_0350,19.37206900,99.49327800,0,14.44299000,two_year,0
customer_0350_observation_01,customer_0350,20.55291500,100.01366000,0,12.10617300,two_year,0
customer_0350_observation_02,customer_0350,20.97394300,101.35803500,1,12.77669800,two_year,0
customer_0350_observation_03,customer_0350,20.35412200,98.20077500,0,14.77587300,two_year,0
customer_0350_observation_04,customer_0350,20.42533100,100.51527200,0,12.47348300,two_year,0
customer_0350_observation_05,customer_0350,21.13827400,102.18097100,1,14.64391700,two_year,0
customer_0351_observation_00,customer_0351,64.31497300,91.17664400,1,17.47774400,monthly,0
customer_0351_observation_01,customer_0351,65.23021800,91.18621500,1,14.70337300,monthly,0
customer_0351_observation_02,customer_0351,64.79175300,89.76424500,1,14.14542000,monthly,0
customer_0351_observation_03,customer_0351,64.78557900,84.37648400,2,11.77527500,monthly,0
customer_0351_observation_04,customer_0351,65.93661600,89.48689500,1,12.97079300,monthly,0
customer_0351_observation_05,customer_0351,65.89168700,89.87880500,1,16.56233800,monthly,0
customer_0352_observation_00,customer_0352,31.11374700,105.09733500,1,8.37486800,monthly,1
customer_0352_observation_01,customer_0352,31.61807200,108.00166100,2,9.31017100,monthly,1
customer_0352_observation_02,customer_0352,31.24760300,105.51034400,0,8.79800600,monthly,1
customer_0352_observation_03,customer_0352,32.51158800,103.27505800,1,9.63940900,monthly,1
customer_0352_observation_04,customer_0352,33.25373100,104.82543900,2,8.64384100,monthly,1
customer_0352_observation_05,customer_0352,33.14021400,108.57073500,1,8.16315600,monthly,1
customer_0353_observation_00,customer_0353,17.89698000,81.40954000,3,4.60393300,annual,1
customer_0353_observation_01,customer_0353,18.27748900,88.64303500,4,2.51360500,annual,1
customer_0353_observation_02,customer_0353,18.57059800,85.57461300,3,4.18108200,annual,1
customer_0353_observation_03,customer_0353,18.53606800,82.26217600,4,1.11457400,annual,1
customer_0353_observation_04,customer_0353,20.12123700,89.36508900,4,1.11726700,annual,1
customer_0353_observation_05,customer_0353,19.35810500,86.38877300,5,1.76005200,annual,1
customer_0354_observation_00,customer_0354,59.73006000,55.00875600,5,23.86995700,monthly,1
customer_0354_observation_01,customer_0354,61.49125000,56.52899300,5,24.54979700,monthly,1
customer_0354_observation_02,customer_0354,61.02886500,60.48035300,5,22.18654600,monthly,1
customer_0354_observation_03,customer_0354,60.74774100,58.98791300,5,23.99567300,monthly,1
customer_0354_observation_04,customer_0354,62.37522800,56.79786700,6,22.59427200,monthly,1
customer_0354_observation_05,customer_0354,62.40466300,57.83582100,5,23.13591200,monthly,1
customer_0355_observation_00,customer_0355,38.44045700,76.53325600,4,19.82954300,annual,1
customer_0355_observation_01,customer_0355,37.97439800,70.89791200,4,17.09075100,annual,1
customer_0355_observation_02,customer_0355,39.22517500,70.33127000,3,17.27896200,annual,1
customer_0355_observation_03,customer_0355,39.22307700,74.70862800,5,16.74133900,annual,1
customer_0355_observation_04,customer_0355,39.46001400,74.33871500,3,17.81476900,annual,1
customer_0355_observation_05,customer_0355,39.95180400,69.70791200,5,17.00217000,annual,1
customer_0356_observation_00,customer_0356,57.53966500,89.85983800,3,8.89251100,annual,1
customer_0356_observation_01,customer_0356,56.63978100,87.90270400,4,10.34892400,annual,1
customer_0356_observation_02,customer_0356,58.98273800,90.53139300,3,8.36968900,annual,1
customer_0356_observation_03,customer_0356,57.73702400,88.62741300,4,9.81390500,annual,1
customer_0356_observation_04,customer_0356,58.66629000,88.31998900,5,10.48070000,annual,1
customer_0356_observation_05,customer_0356,59.74312000,86.18388200,5,7.28707400,annual,1
customer_0357_observation_00,customer_0357,28.60049100,71.52820900,1,10.08918000,monthly,1
customer_0357_observation_01,customer_0357,29.56561200,73.54561400,2,10.37500200,monthly,1
customer_0357_observation_02,customer_0357,30.16579700,73.39775400,1,6.66984300,monthly,1
customer_0357_observation_03,customer_0357,29.11771200,72.10359700,0,8.44363600,monthly,1
customer_0357_observation_04,customer_0357,30.97143300,74.71888500,1,9.16247800,monthly,1
customer_0357_observation_05,customer_0357,32.29913200,73.13121000,1,8.54120800,monthly,1
customer_0358_observation_00,customer_0358,57.36003400,111.75998500,0,12.53189500,annual,0
customer_0358_observation_01,customer_0358,58.78655900,110.58992100,0,12.17786700,annual,0
customer_0358_observation_02,customer_0358,58.36738200,116.51578200,0,11.93579400,annual,0
customer_0358_observation_03,customer_0358,58.56667700,113.01238400,0,9.62345400,annual,0
customer_0358_observation_04,customer_0358,59.34758000,112.16372000,0,10.96445500,annual,0
customer_0358_observation_05,customer_0358,60.96998000,112.18333000,0,11.85516600,annual,0
customer_0359_observation_00,customer_0359,49.90742000,82.87104200,5,18.66916700,monthly,1
customer_0359_observation_01,customer_0359,50.38095800,86.61133000,4,18.43783600,monthly,1
customer_0359_observation_02,customer_0359,51.27584400,84.23694700,4,18.87999200,monthly,1
customer_0359_observation_03,customer_0359,51.52879000,87.18549100,3,19.60525100,monthly,1
customer_0359_observation_04,customer_0359,53.09270200,88.33979900,4,19.23832400,monthly,1
customer_0359_observation_05,customer_0359,52.88950100,90.92136500,4,18.54173700,monthly,1
customer_0360_observation_00,customer_0360,33.45139800,89.03754900,3,21.11915300,annual,1
customer_0360_observation_01,customer_0360,32.27242500,87.53451000,3,21.17418500,annual,1
customer_0360_observation_02,customer_0360,33.63642100,85.80549300,2,20.40671200,annual,1
customer_0360_observation_03,customer_0360,33.08760300,86.86036400,3,20.56489100,annual,1
customer_0360_observation_04,customer_0360,34.20994600,84.74402500,3,20.84453100,annual,1
customer_0360_observation_05,customer_0360,34.27305100,85.24205700,4,22.24512900,annual,1
customer_0361_observation_00,customer_0361,47.95680600,84.93694700,5,19.61632200,annual,0
customer_0361_observation_01,customer_0361,48.51806300,80.54603400,5,18.68549900,annual,0
customer_0361_observation_02,customer_0361,48.30792600,83.10508900,3,16.68849100,annual,0
customer_0361_observation_03,customer_0361,48.47671100,86.06253200,3,18.84474400,annual,0
customer_0361_observation_04,customer_0361,49.41017900,79.81032700,3,17.58796700,annual,0
customer_0361_observation_05,customer_0361,50.74353200,80.62389900,3,19.63658200,annual,0
customer_0362_observation_00,customer_0362,34.05025200,77.68163400,2,17.82945700,monthly,0
customer_0362_observation_01,customer_0362,35.02034500,82.63718000,1,18.25960700,monthly,0
customer_0362_observation_02,customer_0362,35.40695600,85.18984600,0,15.47957000,monthly,0
customer_0362_observation_03,customer_0362,35.61576100,86.79221100,1,18.08389100,monthly,0
customer_0362_observation_04,customer_0362,36.16683900,87.00279400,2,17.47207600,monthly,0
customer_0362_observation_05,customer_0362,36.70959300,79.32724300,0,19.73411000,monthly,0
customer_0363_observation_00,customer_0363,7.41601900,62.84580600,4,17.05141300,monthly,1
customer_0363_observation_01,customer_0363,8.18838700,61.93071200,3,19.34969500,monthly,1
customer_0363_observation_02,customer_0363,9.69329100,65.13075300,4,18.29538000,monthly,1
customer_0363_observation_03,customer_0363,8.53854200,63.67060600,4,17.47954500,monthly,1
customer_0363_observation_04,customer_0363,10.01340100,63.70881600,4,18.98782800,monthly,1
customer_0363_observation_05,customer_0363,10.03447700,61.47264000,3,18.17094900,monthly,1
customer_0364_observation_00,customer_0364,71.00367900,63.36434300,2,7.77236600,monthly,1
customer_0364_observation_01,customer_0364,71.74318400,67.45540700,4,8.12492400,monthly,1
customer_0364_observation_02,customer_0364,69.41718300,64.50822300,3,9.81431300,monthly,1
customer_0364_observation_03,customer_0364,72.65673900,66.65351300,2,9.08464400,monthly,1
customer_0364_observation_04,customer_0364,71.55487200,67.06949900,3,10.61284400,monthly,1
customer_0364_observation_05,customer_0364,71.51806300,65.59029100,3,8.74263100,monthly,1
customer_0365_observation_00,customer_0365,2.25392500,81.74695300,1,18.23074200,monthly,1
customer_0365_observation_01,customer_0365,3.64620400,85.53728000,3,15.80235500,monthly,1
customer_0365_observation_02,customer_0365,3.68124000,79.98971900,1,17.71892100,monthly,1
customer_0365_observation_03,customer_0365,3.35100700,84.65336900,3,18.88085900,monthly,1
customer_0365_observation_04,customer_0365,3.56745500,82.84018100,2,16.66206600,monthly,1
customer_0365_observation_05,customer_0365,6.43275800,86.14984500,3,15.60419700,monthly,1
customer_0366_observation_00,customer_0366,24.76397800,78.36567000,1,16.19585700,monthly,0
customer_0366_observation_01,customer_0366,25.54317700,83.63790600,1,18.22466000,monthly,0
customer_0366_observation_02,customer_0366,25.16507400,83.36322600,1,17.28418500,monthly,0
customer_0366_observation_03,customer_0366,25.31893800,81.46209800,1,16.18011100,monthly,0
customer_0366_observation_04,customer_0366,25.80909500,79.48836100,0,16.52062500,monthly,0
customer_0366_observation_05,customer_0366,26.55122200,85.49302300,0,14.18657200,monthly,0
customer_0367_observation_00,customer_0367,31.56983500,51.17529600,1,22.69161700,two_year,0
customer_0367_observation_01,customer_0367,31.43569100,51.68991000,1,21.36043000,two_year,0
customer_0367_observation_02,customer_0367,30.85274900,50.85632700,1,20.37236000,two_year,0
customer_0367_observation_03,customer_0367,32.91026400,53.04811300,1,21.39500000,two_year,0
customer_0367_observation_04,customer_0367,32.98949300,48.04447000,0,19.63433200,two_year,0
customer_0367_observation_05,customer_0367,34.10065100,52.87270800,2,21.03910200,two_year,0
customer_0368_observation_00,customer_0368,52.15999000,84.61449700,3,23.12227100,monthly,0
customer_0368_observation_01,customer_0368,52.45663200,79.16580200,2,23.76667600,monthly,0
customer_0368_observation_02,customer_0368,53.00308300,80.51334500,4,21.30939100,monthly,0
customer_0368_observation_03,customer_0368,52.56761100,81.04538200,2,24.15297000,monthly,0
customer_0368_observation_04,customer_0368,52.83209900,76.41892500,4,21.09247700,monthly,0
customer_0368_observation_05,customer_0368,55.09338700,84.43424400,2,22.88654200,monthly,0
customer_0369_observation_00,customer_0369,54.76748500,102.10494600,1,11.05372400,monthly,0
customer_0369_observation_01,customer_0369,54.60192100,96.98759200,1,10.66024100,monthly,1
customer_0369_observation_02,customer_0369,55.50462800,98.75590800,1,11.98506100,monthly,1
customer_0369_observation_03,customer_0369,55.91962200,103.33752400,1,7.97690800,monthly,1
customer_0369_observation_04,customer_0369,55.73594800,100.12356000,1,9.81164100,monthly,1
customer_0369_observation_05,customer_0369,57.13200800,102.58510800,2,12.83112200,monthly,1
customer_0370_observation_00,customer_0370,10.97228600,33.28525500,4,26.47824400,monthly,0
customer_0370_observation_01,customer_0370,12.76829800,34.17889000,6,28.55321100,monthly,0
customer_0370_observation_02,customer_0370,13.54095700,33.32755300,5,27.11484000,monthly,0
customer_0370_observation_03,customer_0370,12.31103800,32.79505500,5,27.61854800,monthly,0
customer_0370_observation_04,customer_0370,14.22460700,32.91529000,5,26.64475000,monthly,0
customer_0370_observation_05,customer_0370,16.14321100,34.78848200,5,27.89035600,monthly,0
customer_0371_observation_00,customer_0371,51.77938700,104.85971100,3,15.61336200,annual,1
customer_0371_observation_01,customer_0371,51.12237400,106.95328400,2,14.99660300,annual,1
customer_0371_observation_02,customer_0371,50.94055500,102.55181900,1,14.12075500,annual,1
customer_0371_observation_03,customer_0371,52.19989400,107.02407000,2,15.92406300,annual,1
customer_0371_observation_04,customer_0371,52.20439900,105.57066200,2,13.37242700,annual,1
customer_0371_observation_05,customer_0371,52.64559300,104.53807400,1,14.46197700,annual,1
customer_0372_observation_00,customer_0372,32.36386500,71.05384300,1,15.36260500,annual,1
customer_0372_observation_01,customer_0372,33.49813500,68.10814000,2,18.97802000,annual,1
customer_0372_observation_02,customer_0372,35.00565200,68.66746100,0,14.82799200,annual,1
customer_0372_observation_03,customer_0372,34.12864500,66.85837000,1,19.17224300,annual,1
customer_0372_observation_04,customer_0372,34.40100000,67.95958200,1,14.98017800,annual,1
customer_0372_observation_05,customer_0372,35.69916800,67.20970100,1,14.91681400,annual,1
customer_0373_observation_00,customer_0373,22.28771800,82.17965600,3,21.86747700,annual,1
customer_0373_observation_01,customer_0373,24.12845200,86.10131400,3,21.21447700,annual,1
customer_0373_observation_02,customer_0373,22.97864800,81.85755300,3,23.67316400,annual,1
customer_0373_observation_03,customer_0373,23.33750800,87.00328700,3,22.48145400,annual,1
customer_0373_observation_04,customer_0373,26.24941200,86.72965900,3,20.54837900,annual,1
customer_0373_observation_05,customer_0373,25.90527600,85.73683200,3,20.92115500,annual,1
customer_0374_observation_00,customer_0374,8.42554400,76.73056300,2,12.04985000,monthly,1
customer_0374_observation_01,customer_0374,9.27450200,77.75337700,2,13.40178200,monthly,1
customer_0374_observation_02,customer_0374,8.94920100,72.67910600,3,12.17048400,monthly,1
customer_0374_observation_03,customer_0374,9.85694200,76.53725200,3,12.79182600,monthly,1
customer_0374_observation_04,customer_0374,9.24705300,75.24093800,3,13.09048500,monthly,1
customer_0374_observation_05,customer_0374,11.29261200,77.26251100,2,12.16970000,monthly,1
customer_0375_observation_00,customer_0375,29.85110200,92.83811300,3,10.79103400,annual,1
customer_0375_observation_01,customer_0375,30.53705000,96.09622600,3,10.81037400,annual,1
customer_0375_observation_02,customer_0375,31.48862200,92.16094000,3,10.45428300,annual,1
customer_0375_observation_03,customer_0375,32.28102400,91.78233700,4,10.02050800,annual,1
customer_0375_observation_04,customer_0375,31.49545600,90.24289900,4,7.62810400,annual,1
customer_0375_observation_05,customer_0375,32.49967600,94.68314500,3,11.74741900,annual,1
customer_0376_observation_00,customer_0376,45.28349500,44.63192800,3,16.33174800,monthly,0
customer_0376_observation_01,customer_0376,47.15385800,40.48384600,3,14.88504300,monthly,0
customer_0376_observation_02,customer_0376,48.10811400,41.65757500,3,17.96780400,monthly,0
customer_0376_observation_03,customer_0376,47.59738600,41.71435400,2,14.90456700,monthly,0
customer_0376_observation_04,customer_0376,48.32085200,44.44255500,2,14.14313100,monthly,0
customer_0376_observation_05,customer_0376,48.47542300,43.55092100,1,15.39394900,monthly,0
customer_0377_observation_00,customer_0377,27.37314600,45.34295000,3,21.23160900,monthly,0
customer_0377_observation_01,customer_0377,26.65326500,45.60270000,3,20.38106200,monthly,0
customer_0377_observation_02,customer_0377,28.89945100,49.10038100,2,21.47778000,monthly,0
customer_0377_observation_03,customer_0377,28.41435900,47.44964700,2,20.32614000,monthly,0
customer_0377_observation_04,customer_0377,29.03709900,46.57849800,2,21.60209300,monthly,0
customer_0377_observation_05,customer_0377,29.91725800,49.25702400,3,19.77845300,monthly,0
customer_0378_observation_00,customer_0378,39.80312400,83.46922300,4,18.37313500,monthly,1
customer_0378_observation_01,customer_0378,39.92970600,80.05333800,3,19.20343700,monthly,1
customer_0378_observation_02,customer_0378,39.71908800,80.80719100,3,19.82921500,monthly,1
customer_0378_observation_03,customer_0378,40.96143900,80.34014400,3,20.24790700,monthly,1
customer_0378_observation_04,customer_0378,41.17173600,81.63746300,3,18.06148600,monthly,1
customer_0378_observation_05,customer_0378,42.20882100,77.74681500,3,17.53654100,monthly,1
customer_0379_observation_00,customer_0379,2.65128000,89.22543200,2,11.07748500,monthly,1
customer_0379_observation_01,customer_0379,2.40409800,97.43878300,2,11.03962100,monthly,1
customer_0379_observation_02,customer_0379,3.67530700,88.02422600,3,10.54467400,monthly,1
customer_0379_observation_03,customer_0379,4.84385700,93.55405200,1,11.71111200,monthly,1
customer_0379_observation_04,customer_0379,3.09560700,93.61090800,3,11.12035700,monthly,1
customer_0379_observation_05,customer_0379,4.23182600,94.16373900,2,9.41742000,monthly,1
customer_0380_observation_00,customer_0380,14.22850200,75.89186800,1,19.70908000,monthly,0
customer_0380_observation_01,customer_0380,15.30693700,81.07881500,1,19.52281600,monthly,0
customer_0380_observation_02,customer_0380,14.38004700,75.87156100,2,18.53213700,monthly,0
customer_0380_observation_03,customer_0380,15.96282400,80.30839500,1,18.33855800,monthly,0
customer_0380_observation_04,customer_0380,14.56664100,75.30762400,1,18.46845200,monthly,0
customer_0380_observation_05,customer_0380,15.15301500,82.17716800,1,17.04797300,monthly,0
customer_0381_observation_00,customer_0381,55.77757300,73.09486700,2,18.91989700,two_year,0
customer_0381_observation_01,customer_0381,56.48466900,72.62380200,3,18.55877600,two_year,0
customer_0381_observation_02,customer_0381,56.48276900,75.64365000,3,19.84680200,two_year,0
customer_0381_observation_03,customer_0381,56.91559600,74.69908000,2,18.83113100,two_year,0
customer_0381_observation_04,customer_0381,58.23540100,71.22310800,2,17.81844000,two_year,0
customer_0381_observation_05,customer_0381,56.41860900,76.66233700,1,17.97360300,two_year,0
customer_0382_observation_00,customer_0382,34.72664900,89.96585100,1,17.69393900,monthly,1
customer_0382_observation_01,customer_0382,36.01225900,84.49083300,2,15.09869800,monthly,1
customer_0382_observation_02,customer_0382,36.09332800,79.76379300,2,18.21228600,monthly,1
customer_0382_observation_03,customer_0382,35.69799000,80.45502400,2,17.40231500,monthly,1
customer_0382_observation_04,customer_0382,36.97712600,83.75544500,2,17.87059900,monthly,1
customer_0382_observation_05,customer_0382,37.14403600,82.44584700,1,17.32245200,monthly,1
customer_0383_observation_00,customer_0383,29.89009700,93.57120200,3,19.55245100,annual,1
customer_0383_observation_01,customer_0383,29.55300500,88.82570800,4,18.85526200,annual,1
customer_0383_observation_02,customer_0383,31.04123800,93.32910400,4,17.22624200,annual,1
customer_0383_observation_03,customer_0383,32.02657200,85.16001300,4,17.72452100,annual,1
customer_0383_observation_04,customer_0383,31.34410800,88.67583900,4,17.58231500,annual,1
customer_0383_observation_05,customer_0383,31.65773800,92.05356100,3,18.37774600,annual,1
customer_0384_observation_00,customer_0384,28.00084300,59.53375800,6,11.13663500,annual,1
customer_0384_observation_01,customer_0384,28.59982300,59.77756800,7,11.85269500,annual,1
customer_0384_observation_02,customer_0384,30.03203100,59.99061500,7,13.91200600,annual,1
customer_0384_observation_03,customer_0384,30.45653300,62.08952400,7,10.72025900,annual,1
customer_0384_observation_04,customer_0384,30.20438200,59.73030300,5,13.30940500,annual,1
customer_0384_observation_05,customer_0384,29.90409100,60.65616300,6,12.15077600,annual,1
customer_0385_observation_00,customer_0385,55.51213300,131.03868300,5,25.66597900,annual,1
customer_0385_observation_01,customer_0385,55.73436200,133.46022600,4,25.10916700,annual,1
customer_0385_observation_02,customer_0385,56.96329800,130.71014800,4,25.86259400,annual,1
customer_0385_observation_03,customer_0385,55.61568300,127.29367300,4,26.29950600,annual,1
customer_0385_observation_04,customer_0385,57.36781500,128.21300700,5,24.85422200,annual,1
customer_0385_observation_05,customer_0385,59.06420800,134.02196700,3,26.74577200,annual,1
customer_0386_observation_00,customer_0386,10.49203700,75.03363600,3,11.38026000,annual,1
customer_0386_observation_01,customer_0386,11.24312800,76.74803900,2,9.59066000,annual,1
customer_0386_observation_02,customer_0386,10.84806100,78.37284900,4,8.83701400,annual,1
customer_0386_observation_03,customer_0386,12.38128300,75.49914800,2,9.68931500,annual,1
customer_0386_observation_04,customer_0386,12.97408700,75.93638000,4,10.84457000,annual,1
customer_0386_observation_05,customer_0386,13.62889900,75.91061500,3,8.72445600,annual,1
customer_0387_observation_00,customer_0387,28.20930400,53.34579000,1,15.94678300,annual,1
customer_0387_observation_01,customer_0387,28.92749400,54.72746100,1,14.54744900,annual,1
customer_0387_observation_02,customer_0387,29.53146900,50.92884000,1,13.89403600,annual,1
customer_0387_observation_03,customer_0387,31.57856800,55.64292500,3,14.47038400,annual,1
customer_0387_observation_04,customer_0387,31.06919500,57.81747900,1,15.85225100,annual,1
customer_0387_observation_05,customer_0387,31.27640700,53.80789900,2,15.07585700,annual,1
customer_0388_observation_00,customer_0388,66.81670000,57.49779800,2,17.51087700,monthly,1
customer_0388_observation_01,customer_0388,66.75790400,65.14187000,1,14.59646000,monthly,1
customer_0388_observation_02,customer_0388,66.26439700,61.92800900,2,15.15903100,monthly,0
customer_0388_observation_03,customer_0388,67.31120800,62.63270200,2,14.39053700,monthly,1
customer_0388_observation_04,customer_0388,68.56659300,65.81760100,2,15.73067500,monthly,1
customer_0388_observation_05,customer_0388,68.81199900,61.60919500,2,18.46606800,monthly,1
customer_0389_observation_00,customer_0389,62.95762600,52.82353500,1,22.82099600,monthly,1
customer_0389_observation_01,customer_0389,64.40922000,53.05299500,1,21.12106000,monthly,1
customer_0389_observation_02,customer_0389,65.75516500,49.19738800,0,20.90281600,monthly,1
customer_0389_observation_03,customer_0389,65.21037200,51.26578500,0,20.53977800,monthly,1
customer_0389_observation_04,customer_0389,66.79300800,51.84523000,0,22.65600800,monthly,1
customer_0389_observation_05,customer_0389,66.67153000,54.01213300,1,23.54681300,monthly,1
customer_0390_observation_00,customer_0390,55.78270200,81.86436800,4,18.54086000,monthly,1
customer_0390_observation_01,customer_0390,55.98371800,87.33165100,5,18.00371900,monthly,1
customer_0390_observation_02,customer_0390,55.78241700,83.69401600,4,19.01925200,monthly,1
customer_0390_observation_03,customer_0390,56.59713700,84.19957000,4,19.20186900,monthly,1
customer_0390_observation_04,customer_0390,57.66920100,86.18124500,4,19.21722800,monthly,1
customer_0390_observation_05,customer_0390,57.77346400,82.50008800,4,17.51347300,monthly,1
customer_0391_observation_00,customer_0391,24.74513600,66.57894900,3,24.20977200,annual,0
customer_0391_observation_01,customer_0391,25.36193600,66.63129000,3,22.36278900,annual,0
customer_0391_observation_02,customer_0391,26.53813800,65.84515600,4,24.00678200,annual,0
customer_0391_observation_03,customer_0391,27.58721600,66.53391800,3,23.38000500,annual,0
customer_0391_observation_04,customer_0391,27.69845900,66.85745600,3,20.86154800,annual,0
customer_0391_observation_05,customer_0391,27.63555400,64.35415000,2,21.89279100,annual,0
customer_0392_observation_00,customer_0392,23.17045500,66.77708500,2,15.01961900,two_year,0
customer_0392_observation_01,customer_0392,23.67901000,68.68488800,2,13.82480400,two_year,0
customer_0392_observation_02,customer_0392,24.22509100,63.25706100,2,13.34410600,two_year,0
customer_0392_observation_03,customer_0392,24.71611500,72.76263500,2,13.70538300,two_year,0
customer_0392_observation_04,customer_0392,25.32445000,67.90272600,2,13.54772100,two_year,0
customer_0392_observation_05,customer_0392,25.78109400,67.28352700,2,13.55511200,two_year,0
customer_0393_observation_00,customer_0393,57.92132300,98.89221500,1,14.75334500,monthly,0
customer_0393_observation_01,customer_0393,58.61659700,96.46731500,1,14.22063800,monthly,0
customer_0393_observation_02,customer_0393,59.79252700,95.06797200,3,11.39902600,monthly,0
customer_0393_observation_03,customer_0393,59.97749500,93.65974100,2,14.24773800,monthly,0
customer_0393_observation_04,customer_0393,59.02591800,97.55159300,2,11.80774500,monthly,0
customer_0393_observation_05,customer_0393,61.07408300,96.69278100,1,15.17012700,monthly,0
customer_0394_observation_00,customer_0394,46.33123000,83.60659300,5,9.43458600,monthly,1
customer_0394_observation_01,customer_0394,46.92862900,84.58943600,5,9.62040500,monthly,1
customer_0394_observation_02,customer_0394,47.88638500,80.51590500,4,8.28750900,monthly,1
customer_0394_observation_03,customer_0394,47.49698500,82.65390700,4,8.42832300,monthly,1
customer_0394_observation_04,customer_0394,48.12758500,80.98766400,4,7.08000800,monthly,1
customer_0394_observation_05,customer_0394,48.45868200,80.87336400,4,8.15713400,monthly,1
customer_0395_observation_00,customer_0395,54.41404100,61.27969300,2,18.34803300,monthly,0
customer_0395_observation_01,customer_0395,54.93679200,56.64140900,1,16.64174200,monthly,0
customer_0395_observation_02,customer_0395,54.79166300,59.05591100,2,17.90488800,monthly,0
customer_0395_observation_03,customer_0395,55.10822900,62.89757600,1,17.98740500,monthly,0
customer_0395_observation_04,customer_0395,56.81102100,60.79852400,3,16.63888900,monthly,0
customer_0395_observation_05,customer_0395,56.48005500,60.34848300,2,18.28952300,monthly,0
customer_0396_observation_00,customer_0396,11.35384300,93.65747700,3,5.41638100,monthly,1
customer_0396_observation_01,customer_0396,12.43506400,95.56331100,2,7.61050100,monthly,1
customer_0396_observation_02,customer_0396,13.63630300,92.89844000,2,6.10064700,monthly,1
customer_0396_observation_03,customer_0396,12.49941500,93.50176400,2,6.53974400,monthly,1
customer_0396_observation_04,customer_0396,15.57826500,90.54195400,1,4.32124100,monthly,1
customer_0396_observation_05,customer_0396,14.70058000,95.58488100,1,6.28372300,monthly,1
customer_0397_observation_00,customer_0397,52.74734000,61.94432500,3,15.13169700,monthly,1
customer_0397_observation_01,customer_0397,51.77148300,63.18719300,3,15.86950000,monthly,1
customer_0397_observation_02,customer_0397,53.58783600,59.25365200,3,15.41728400,monthly,1
customer_0397_observation_03,customer_0397,53.41415000,58.35998600,2,16.53135300,monthly,1
customer_0397_observation_04,customer_0397,54.61333300,58.34965000,4,15.05840000,monthly,1
customer_0397_observation_05,customer_0397,53.88310000,58.83986300,3,14.64811100,monthly,1
customer_0398_observation_00,customer_0398,36.19334700,55.87402600,2,17.52651000,annual,0
customer_0398_observation_01,customer_0398,36.99732200,57.69416700,2,16.99875800,annual,0
customer_0398_observation_02,customer_0398,37.11858300,55.80333300,2,19.37739000,annual,0
customer_0398_observation_03,customer_0398,37.75987500,54.50167600,2,18.67549900,annual,0
customer_0398_observation_04,customer_0398,38.60935100,54.06133900,2,17.46662500,annual,0
customer_0398_observation_05,customer_0398,39.94412700,60.82955300,2,18.69925500,annual,0
customer_0399_observation_00,customer_0399,42.27444700,63.67810600,2,20.01081600,two_year,1
customer_0399_observation_01,customer_0399,41.93857000,66.78348500,2,19.23863700,two_year,1
customer_0399_observation_02,customer_0399,43.11881600,65.71449200,2,19.99110700,two_year,1
customer_0399_observation_03,customer_0399,44.15537100,67.62299800,3,20.43004700,two_year,1
customer_0399_observation_04,customer_0399,44.97633600,65.71943300,1,18.68459500,two_year,1
customer_0399_observation_05,customer_0399,44.21685700,70.18749400,2,21.62863300,two_year,1
customer_0400_observation_00,customer_0400,64.04392700,68.95262000,2,8.45079500,monthly,0
customer_0400_observation_01,customer_0400,64.72666400,69.82933000,2,9.23048200,monthly,0
customer_0400_observation_02,customer_0400,63.70744200,73.26729000,2,10.15898800,monthly,0
customer_0400_observation_03,customer_0400,64.68890200,74.21323400,2,10.05269700,monthly,0
customer_0400_observation_04,customer_0400,65.34881400,73.37025200,3,9.07140100,monthly,0
customer_0400_observation_05,customer_0400,66.85719400,71.93797300,1,9.46177700,monthly,0
customer_0401_observation_00,customer_0401,48.83038600,79.36347800,2,27.21712200,monthly,0
customer_0401_observation_01,customer_0401,49.38798100,80.58295100,3,26.65583200,monthly,0
customer_0401_observation_02,customer_0401,49.83075400,76.82621200,2,27.48417200,monthly,0
customer_0401_observation_03,customer_0401,50.63340800,80.36030100,3,24.78119400,monthly,0
customer_0401_observation_04,customer_0401,51.72596200,82.10348500,3,26.94683000,monthly,0
customer_0401_observation_05,customer_0401,52.65023600,75.95722100,1,26.73672000,monthly,0
customer_0402_observation_00,customer_0402,20.30387800,59.48448800,0,9.15129600,annual,1
customer_0402_observation_01,customer_0402,19.64771500,59.77017400,1,12.84046300,annual,1
customer_0402_observation_02,customer_0402,21.14404300,62.04723900,1,9.36044500,annual,1
customer_0402_observation_03,customer_0402,20.78655700,64.02970500,2,11.97193400,annual,1
customer_0402_observation_04,customer_0402,20.36313600,61.75256600,1,10.56688900,annual,1
customer_0402_observation_05,customer_0402,21.91724900,64.49629900,1,10.58773500,annual,1
customer_0403_observation_00,customer_0403,11.29286800,87.60077600,2,20.14184300,monthly,1
customer_0403_observation_01,customer_0403,11.28137500,87.81625900,2,17.17125500,monthly,1
customer_0403_observation_02,customer_0403,11.07787300,87.95793900,3,17.06453500,monthly,1
customer_0403_observation_03,customer_0403,12.62597700,93.40795600,2,19.32398600,monthly,1
customer_0403_observation_04,customer_0403,12.45565900,88.69704700,2,17.36640000,monthly,1
customer_0403_observation_05,customer_0403,12.45159600,88.39825700,3,16.42711800,monthly,1
customer_0404_observation_00,customer_0404,9.11775000,80.63356900,0,17.48186100,monthly,0
customer_0404_observation_01,customer_0404,9.94178300,81.77689400,0,14.71941000,monthly,0
customer_0404_observation_02,customer_0404,11.79700700,80.65830300,0,15.51964900,monthly,0
customer_0404_observation_03,customer_0404,11.30413500,77.59692100,1,18.30841000,monthly,0
customer_0404_observation_04,customer_0404,11.65837400,75.34597000,0,14.29040600,monthly,0
customer_0404_observation_05,customer_0404,11.13979700,83.71267000,0,14.48675900,monthly,0
customer_0405_observation_00,customer_0405,21.59446200,83.67539000,1,18.64772500,monthly,1
customer_0405_observation_01,customer_0405,22.62975000,80.79361800,2,19.30823200,monthly,1
customer_0405_observation_02,customer_0405,22.92072000,80.49627100,1,18.10270200,monthly,1
customer_0405_observation_03,customer_0405,24.24184400,81.64811900,2,18.72593600,monthly,1
customer_0405_observation_04,customer_0405,25.82230400,79.20785400,1,18.88787300,monthly,1
customer_0405_observation_05,customer_0405,23.60831900,84.62178900,0,19.78091200,monthly,1
customer_0406_observation_00,customer_0406,11.17766100,29.10881300,0,9.75659400,monthly,0
customer_0406_observation_01,customer_0406,11.29292700,27.89069600,1,8.95201200,monthly,0
customer_0406_observation_02,customer_0406,13.17040000,30.07079900,1,9.98904200,monthly,0
customer_0406_observation_03,customer_0406,13.28377800,34.08926500,1,11.34059100,monthly,0
customer_0406_observation_04,customer_0406,13.69758600,30.64892500,1,10.36573900,monthly,0
customer_0406_observation_05,customer_0406,14.09409600,29.69427000,2,9.97062300,monthly,0
customer_0407_observation_00,customer_0407,25.28268100,105.68136900,2,21.12670600,annual,1
customer_0407_observation_01,customer_0407,26.03556900,104.59349900,1,23.71983200,annual,0
customer_0407_observation_02,customer_0407,26.59409100,108.19299200,1,22.71646000,annual,0
customer_0407_observation_03,customer_0407,25.67249000,111.93607600,1,22.19483900,annual,0
customer_0407_observation_04,customer_0407,25.97499000,106.94060500,1,22.22568600,annual,0
customer_0407_observation_05,customer_0407,27.51191600,108.98339400,1,21.63037800,annual,0
customer_0408_observation_00,customer_0408,32.99637800,73.47992700,2,19.72707700,annual,0
customer_0408_observation_01,customer_0408,32.32381400,77.88935500,1,19.17115300,annual,0
customer_0408_observation_02,customer_0408,33.46372600,78.14083900,2,18.35997700,annual,0
customer_0408_observation_03,customer_0408,33.32073300,77.37800500,2,18.21909500,annual,0
customer_0408_observation_04,customer_0408,32.90682000,73.10531200,2,17.91352900,annual,0
customer_0408_observation_05,customer_0408,35.55213500,74.80294000,2,17.05145600,annual,0
customer_0409_observation_00,customer_0409,30.88423700,61.41217100,3,8.93756800,annual,1
customer_0409_observation_01,customer_0409,33.30863600,59.46968900,2,10.37808900,annual,1
customer_0409_observation_02,customer_0409,32.41177100,62.06423500,1,10.71076200,annual,1
customer_0409_observation_03,customer_0409,31.74004500,58.82670200,2,7.53140500,annual,1
customer_0409_observation_04,customer_0409,33.24802300,57.71430600,2,7.90442600,annual,1
customer_0409_observation_05,customer_0409,33.92786900,59.81380700,3,9.38586900,annual,1
customer_0410_observation_00,customer_0410,38.12206400,72.12158300,0,25.70533000,monthly,0
customer_0410_observation_01,customer_0410,37.71851200,71.81406500,0,24.94871500,monthly,0
customer_0410_observation_02,customer_0410,39.44767900,70.77838600,0,27.21640400,monthly,0
customer_0410_observation_03,customer_0410,39.63172200,70.58217100,0,27.64048800,monthly,0
customer_0410_observation_04,customer_0410,38.76438400,74.63647900,0,26.20559200,monthly,0
customer_0410_observation_05,customer_0410,41.26764300,74.37451900,0,26.36091900,monthly,0
customer_0411_observation_00,customer_0411,25.61915800,62.47644800,1,20.00406600,two_year,0
customer_0411_observation_01,customer_0411,26.10262600,57.83958900,1,22.05109400,two_year,0
customer_0411_observation_02,customer_0411,26.83497600,61.07840800,1,20.58760100,two_year,0
customer_0411_observation_03,customer_0411,26.01688400,59.39676800,1,18.64078100,two_year,0
customer_0411_observation_04,customer_0411,26.69866200,60.77238200,2,16.76173900,two_year,0
customer_0411_observation_05,customer_0411,28.78087600,58.73095900,1,18.73251000,two_year,0
customer_0412_observation_00,customer_0412,43.99626100,68.35510100,2,6.16474800,annual,0
customer_0412_observation_01,customer_0412,43.65541100,69.45515900,1,5.30374300,annual,0
customer_0412_observation_02,customer_0412,44.25163100,68.25704800,2,5.70516300,annual,0
customer_0412_observation_03,customer_0412,44.24592200,67.43831500,1,7.12601400,annual,0
customer_0412_observation_04,customer_0412,44.02329200,68.77704500,2,4.60510300,annual,1
customer_0412_observation_05,customer_0412,43.63697000,64.66808900,2,7.87446000,annual,0
customer_0413_observation_00,customer_0413,48.56011800,73.87603000,2,19.49630600,monthly,1
customer_0413_observation_01,customer_0413,47.30878100,73.32733500,3,21.53414700,monthly,1
customer_0413_observation_02,customer_0413,49.26581400,75.83681400,1,20.60352800,monthly,1
customer_0413_observation_03,customer_0413,49.56272000,71.60928800,3,18.91332100,monthly,1
customer_0413_observation_04,customer_0413,50.49190000,73.14482400,1,20.74119900,monthly,1
customer_0413_observation_05,customer_0413,51.26039200,74.31998900,1,20.65680200,monthly,1
customer_0414_observation_00,customer_0414,71.34260000,75.36910200,2,28.84994100,annual,0
customer_0414_observation_01,customer_0414,72.21455000,74.36003400,2,30.00000000,annual,0
customer_0414_observation_02,customer_0414,71.94256700,75.20364300,2,30.00000000,annual,0
customer_0414_observation_03,customer_0414,72.69486300,74.17814500,2,30.00000000,annual,0
customer_0414_observation_04,customer_0414,72.77864500,73.39331000,3,30.00000000,annual,0
customer_0414_observation_05,customer_0414,73.93722700,72.13150200,2,29.73277900,annual,0
customer_0415_observation_00,customer_0415,48.98449400,99.89433700,3,17.61264200,annual,0
customer_0415_observation_01,customer_0415,50.24954000,103.47116000,3,22.51137200,annual,0
customer_0415_observation_02,customer_0415,50.29765500,97.31660600,2,20.89050300,annual,0
customer_0415_observation_03,customer_0415,50.45863500,98.82881900,4,22.69515900,annual,0
customer_0415_observation_04,customer_0415,52.51764000,104.77328400,3,18.67319500,annual,0
customer_0415_observation_05,customer_0415,51.66784300,102.60504200,2,19.88997200,annual,0
customer_0416_observation_00,customer_0416,54.48121300,65.62351300,1,7.84967400,annual,1
customer_0416_observation_01,customer_0416,55.25157500,75.94515600,1,8.51606700,annual,1
customer_0416_observation_02,customer_0416,55.76555900,71.22902300,2,5.92173400,annual,1
customer_0416_observation_03,customer_0416,55.92771300,70.74617200,0,5.76254700,annual,1
customer_0416_observation_04,customer_0416,55.78926500,69.62863000,1,6.80275700,annual,1
customer_0416_observation_05,customer_0416,55.85597800,69.84116300,0,8.04011500,annual,1
customer_0417_observation_00,customer_0417,54.71950900,54.81097100,4,15.96281000,monthly,0
customer_0417_observation_01,customer_0417,55.17133900,51.82769200,3,13.35945200,monthly,0
customer_0417_observation_02,customer_0417,57.18556100,50.45802200,4,16.17695500,monthly,0
customer_0417_observation_03,customer_0417,55.03564700,53.18681800,3,17.10977700,monthly,0
customer_0417_observation_04,customer_0417,57.10288300,52.28778300,3,17.39347700,monthly,0
customer_0417_observation_05,customer_0417,57.35183300,53.75647100,3,16.74693600,monthly,0
customer_0418_observation_00,customer_0418,2.45477600,65.05850100,3,15.13525700,monthly,1
customer_0418_observation_01,customer_0418,2.86285700,68.07680800,3,14.43610400,monthly,1
customer_0418_observation_02,customer_0418,3.64210300,67.09451200,3,14.23362600,monthly,1
customer_0418_observation_03,customer_0418,4.00481100,65.15066400,2,12.10321000,monthly,1
customer_0418_observation_04,customer_0418,4.27400100,66.90248000,3,13.62861500,monthly,1
customer_0418_observation_05,customer_0418,5.06548900,67.63275900,4,14.27340400,monthly,1
customer_0419_observation_00,customer_0419,64.94823900,59.29417200,4,17.03147500,monthly,0
customer_0419_observation_01,customer_0419,64.35104600,57.65020800,2,16.91159600,monthly,0
customer_0419_observation_02,customer_0419,64.36098700,55.57114300,3,15.41128100,monthly,0
customer_0419_observation_03,customer_0419,64.99075700,53.07276500,3,16.86245100,monthly,0
customer_0419_observation_04,customer_0419,64.79372000,56.94384600,3,15.32013900,monthly,0
customer_0419_observation_05,customer_0419,66.03009300,58.47942900,4,16.68237700,monthly,0
customer_0420_observation_00,customer_0420,20.07017700,76.85650100,6,16.56772300,two_year,1
customer_0420_observation_01,customer_0420,17.70532900,75.00516300,7,13.84888500,two_year,1
customer_0420_observation_02,customer_0420,20.58758600,74.58328300,7,14.95983400,two_year,1
customer_0420_observation_03,customer_0420,19.52068700,81.40569500,6,14.27680500,two_year,1
customer_0420_observation_04,customer_0420,21.08461300,77.35440200,6,15.01802400,two_year,1
customer_0420_observation_05,customer_0420,20.21250900,76.52990500,6,17.37109500,two_year,1
customer_0421_observation_00,customer_0421,69.20566700,62.22910800,1,23.22415100,annual,0
customer_0421_observation_01,customer_0421,69.06680800,67.64731000,0,23.32842600,annual,0
customer_0421_observation_02,customer_0421,70.32984800,64.38042200,1,21.74908900,annual,0
customer_0421_observation_03,customer_0421,71.05546400,64.77891400,1,24.00259300,annual,0
customer_0421_observation_04,customer_0421,71.44373600,63.75290400,1,22.39138200,annual,0
customer_0421_observation_05,customer_0421,71.73210100,67.23811200,1,21.61568100,annual,0
customer_0422_observation_00,customer_0422,64.57345300,59.73495500,4,20.81600900,two_year,0
customer_0422_observation_01,customer_0422,64.44627000,56.26592100,3,21.47382800,two_year,0
customer_0422_observation_02,customer_0422,65.48535400,61.03937900,3,18.98190300,two_year,0
customer_0422_observation_03,customer_0422,65.77517900,59.67376000,4,20.00618000,two_year,0
customer_0422_observation_04,customer_0422,66.21636900,58.92091700,3,20.91501600,two_year,0
customer_0422_observation_05,customer_0422,67.91338900,60.26971100,2,18.61789500,two_year,0
customer_0423_observation_00,customer_0423,68.42253700,65.23582100,2,8.40172300,monthly,0
customer_0423_observation_01,customer_0423,69.87486600,64.34471100,2,9.00777400,monthly,0
customer_0423_observation_02,customer_0423,70.44200500,66.20148300,3,8.05437200,monthly,0
customer_0423_observation_03,customer_0423,70.78128600,67.20024100,2,7.65968200,monthly,0
customer_0423_observation_04,customer_0423,70.93009600,70.05482500,2,9.35193000,monthly,0
customer_0423_observation_05,customer_0423,71.40204800,63.66752700,2,10.40735700,monthly,0
customer_0424_observation_00,customer_0424,59.22053000,79.19967800,2,24.35704500,monthly,1
customer_0424_observation_01,customer_0424,60.03128500,77.23574700,2,23.98107100,monthly,1
customer_0424_observation_02,customer_0424,60.32841800,78.55217900,3,24.18360100,monthly,1
customer_0424_observation_03,customer_0424,59.77388700,73.15273500,2,25.15420800,monthly,1
customer_0424_observation_04,customer_0424,59.59636500,80.64271700,2,23.26976500,monthly,1
customer_0424_observation_05,customer_0424,61.05507200,75.06049900,3,22.90792000,monthly,1
customer_0425_observation_00,customer_0425,35.37541800,47.10855200,3,20.17406700,monthly,0
customer_0425_observation_01,customer_0425,34.00104100,46.32576200,2,18.98141700,monthly,0
customer_0425_observation_02,customer_0425,35.63349900,48.97895500,2,17.15546500,monthly,0
customer_0425_observation_03,customer_0425,36.45554800,52.30068700,2,16.15396300,monthly,0
customer_0425_observation_04,customer_0425,36.75313600,49.31106900,1,17.99098600,monthly,0
customer_0425_observation_05,customer_0425,36.58019300,53.15310800,2,17.57374500,monthly,0
customer_0426_observation_00,customer_0426,39.81947900,68.04810900,4,15.39375400,monthly,1
customer_0426_observation_01,customer_0426,40.40712500,69.08592500,4,16.80058400,monthly,1
customer_0426_observation_02,customer_0426,41.46698300,66.30646700,5,15.47866700,monthly,1
customer_0426_observation_03,customer_0426,43.36868700,67.85380700,3,16.51100000,monthly,1
customer_0426_observation_04,customer_0426,43.18187600,71.77308700,4,16.87084600,monthly,1
customer_0426_observation_05,customer_0426,42.78496100,67.27333700,4,16.65261300,monthly,1
customer_0427_observation_00,customer_0427,19.42103900,67.32871900,0,17.43679800,monthly,1
customer_0427_observation_01,customer_0427,18.84533800,64.77731600,1,15.43161000,monthly,1
customer_0427_observation_02,customer_0427,19.81745000,72.70201400,2,13.24587500,monthly,1
customer_0427_observation_03,customer_0427,19.87767300,67.28867200,0,12.84199700,monthly,1
customer_0427_observation_04,customer_0427,18.63240600,65.79122700,1,16.03857300,monthly,1
customer_0427_observation_05,customer_0427,21.20381200,70.52554000,2,17.14088400,monthly,1
customer_0428_observation_00,customer_0428,45.42853600,75.47621700,3,13.66446300,annual,0
customer_0428_observation_01,customer_0428,46.06846100,76.87815400,4,10.70348500,annual,0
customer_0428_observation_02,customer_0428,45.89562100,70.79716500,4,12.03441900,annual,0
customer_0428_observation_03,customer_0428,45.71299500,73.91456600,4,11.99471700,annual,0
customer_0428_observation_04,customer_0428,48.17236200,77.97759800,2,12.57324400,annual,0
customer_0428_observation_05,customer_0428,47.03048800,74.33222700,4,14.09877900,annual,0
customer_0429_observation_00,customer_0429,19.02589300,89.05407000,4,16.08032900,annual,1
customer_0429_observation_01,customer_0429,18.88715000,85.04843500,3,13.08490900,annual,1
customer_0429_observation_02,customer_0429,18.84122400,88.94889900,2,15.59386700,annual,1
customer_0429_observation_03,customer_0429,19.52963600,85.78475100,3,15.93937600,annual,1
customer_0429_observation_04,customer_0429,19.47732200,87.47861800,4,14.27430000,annual,1
customer_0429_observation_05,customer_0429,20.12983600,92.54101000,4,14.59639000,annual,1
customer_0430_observation_00,customer_0430,50.26083300,94.25016700,2,8.31047500,monthly,1
customer_0430_observation_01,customer_0430,50.09885300,95.94681100,3,9.49131800,monthly,1
customer_0430_observation_02,customer_0430,50.83703700,96.06326100,2,8.77513500,monthly,1
customer_0430_observation_03,customer_0430,51.20785600,94.32552900,2,8.21634200,monthly,1
customer_0430_observation_04,customer_0430,52.04098400,96.85032400,3,6.88076700,monthly,1
customer_0430_observation_05,customer_0430,52.91594300,96.95190400,2,6.82332400,monthly,1
customer_0431_observation_00,customer_0431,65.49210000,81.16811200,2,23.55099200,two_year,0
customer_0431_observation_01,customer_0431,67.39158900,81.55639100,1,24.67161300,two_year,0
customer_0431_observation_02,customer_0431,66.78256600,82.33254600,1,27.60363700,two_year,0
customer_0431_observation_03,customer_0431,68.49597700,82.15184100,1,24.13161800,two_year,0
customer_0431_observation_04,customer_0431,68.34608500,81.13607600,3,24.46666900,two_year,0
customer_0431_observation_05,customer_0431,69.17404000,82.15509900,2,24.77386800,two_year,0
customer_0432_observation_00,customer_0432,48.43931900,67.64645000,0,16.21964900,monthly,1
customer_0432_observation_01,customer_0432,49.70349900,62.99499900,0,13.70966100,monthly,1
customer_0432_observation_02,customer_0432,49.49626300,68.24820600,1,15.11363100,monthly,1
customer_0432_observation_03,customer_0432,50.63308600,65.15269500,0,13.59582500,monthly,1
customer_0432_observation_04,customer_0432,52.06447300,65.47708300,1,13.74216800,monthly,1
customer_0432_observation_05,customer_0432,52.28626900,65.76811600,0,15.87125300,monthly,1
customer_0433_observation_00,customer_0433,33.38897500,73.05317500,1,11.53214200,annual,0
customer_0433_observation_01,customer_0433,34.00782500,75.64532100,2,10.78651400,annual,0
customer_0433_observation_02,customer_0433,34.82289100,73.56383800,1,11.51960200,annual,0
customer_0433_observation_03,customer_0433,35.62743000,78.77765800,2,11.93104100,annual,0
customer_0433_observation_04,customer_0433,36.31136100,75.00725200,2,11.39306800,annual,0
customer_0433_observation_05,customer_0433,37.64238100,74.84425000,1,10.26351300,annual,0
customer_0434_observation_00,customer_0434,30.23517700,93.31954400,4,24.91085200,monthly,0
customer_0434_observation_01,customer_0434,30.41307500,92.02034700,2,22.92414700,monthly,1
customer_0434_observation_02,customer_0434,32.66860200,91.88783300,4,23.05080500,monthly,0
customer_0434_observation_03,customer_0434,32.53479100,93.78877000,2,23.56308100,monthly,0
customer_0434_observation_04,customer_0434,32.05894300,94.07842300,3,26.97636800,monthly,0
customer_0434_observation_05,customer_0434,32.08981600,88.30537800,3,25.70219100,monthly,0
customer_0435_observation_00,customer_0435,43.00631500,66.71830200,2,17.72930000,monthly,0
customer_0435_observation_01,customer_0435,44.11575200,64.05608600,1,19.74190500,monthly,0
customer_0435_observation_02,customer_0435,44.21701800,67.68892700,2,20.18309900,monthly,0
customer_0435_observation_03,customer_0435,44.65347700,63.59033800,2,20.87750500,monthly,0
customer_0435_observation_04,customer_0435,44.79093400,66.14443700,1,20.09302200,monthly,0
customer_0435_observation_05,customer_0435,46.44019100,62.24121800,2,20.02108500,monthly,0
customer_0436_observation_00,customer_0436,51.04917400,42.01356200,1,16.07180200,annual,0
customer_0436_observation_01,customer_0436,51.25973200,38.02201000,1,16.05596400,annual,0
customer_0436_observation_02,customer_0436,51.98074100,44.63193500,3,16.50948300,annual,0
customer_0436_observation_03,customer_0436,52.50866400,42.46036800,2,15.72206400,annual,0
customer_0436_observation_04,customer_0436,51.47863800,38.43497900,1,13.97334600,annual,0
customer_0436_observation_05,customer_0436,52.94842400,41.62581800,2,14.78584500,annual,0
customer_0437_observation_00,customer_0437,11.34482100,71.83150800,1,20.30946600,annual,0
customer_0437_observation_01,customer_0437,13.16799700,71.33745400,0,19.40169500,annual,0
customer_0437_observation_02,customer_0437,12.36583800,71.45574400,1,19.19226800,annual,0
customer_0437_observation_03,customer_0437,14.26844400,71.24244500,0,21.96645600,annual,0
customer_0437_observation_04,customer_0437,15.04294600,76.32879300,1,21.83093900,annual,0
customer_0437_observation_05,customer_0437,13.77354200,71.88431300,2,19.54982500,annual,0
customer_0438_observation_00,customer_0438,67.80971400,83.65119400,3,15.24405400,two_year,0
customer_0438_observation_01,customer_0438,69.77385600,89.06910700,2,16.88095400,two_year,0
customer_0438_observation_02,customer_0438,70.29869200,86.77079200,2,14.16159500,two_year,0
customer_0438_observation_03,customer_0438,70.93130800,88.72462700,3,16.52638000,two_year,0
customer_0438_observation_04,customer_0438,69.95647400,85.21161100,3,15.10544900,two_year,0
customer_0438_observation_05,customer_0438,70.48576100,86.29574400,2,16.79977600,two_year,0
customer_0439_observation_00,customer_0439,30.62221100,96.21547200,3,14.82418300,annual,1
customer_0439_observation_01,customer_0439,28.82105600,97.09422900,3,16.68573000,annual,1
customer_0439_observation_02,customer_0439,29.76960500,88.89964100,4,16.66531300,annual,1
customer_0439_observation_03,customer_0439,31.19428900,93.66662000,4,14.93325600,annual,1
customer_0439_observation_04,customer_0439,30.84737800,95.26719100,4,15.02407300,annual,1
customer_0439_observation_05,customer_0439,31.61548400,91.15542000,4,17.42619500,annual,1
customer_0440_observation_00,customer_0440,2.66557800,53.30853100,3,25.12491500,monthly,0
customer_0440_observation_01,customer_0440,2.75335500,52.04906400,2,25.41618300,monthly,0
customer_0440_observation_02,customer_0440,4.35806700,55.41863800,3,23.86344500,monthly,0
customer_0440_observation_03,customer_0440,3.35212300,53.39014400,3,24.67805700,monthly,0
customer_0440_observation_04,customer_0440,5.58121500,56.88511600,3,24.60029700,monthly,0
customer_0440_observation_05,customer_0440,6.23451500,53.21173800,3,23.10720300,monthly,0
customer_0441_observation_00,customer_0441,28.93281600,56.79728500,2,14.52638500,monthly,1
customer_0441_observation_01,customer_0441,30.43760600,58.50611700,1,13.56169900,monthly,1
customer_0441_observation_02,customer_0441,30.16552600,61.49504300,1,14.67736100,monthly,1
customer_0441_observation_03,customer_0441,30.23498000,57.36740800,2,13.48031300,monthly,1
customer_0441_observation_04,customer_0441,29.83160200,58.87348200,2,16.54830300,monthly,1
customer_0441_observation_05,customer_0441,31.05676500,53.81755400,2,15.95795300,monthly,1
customer_0442_observation_00,customer_0442,27.32888500,69.84104200,0,18.39100900,monthly,0
customer_0442_observation_01,customer_0442,26.96447000,69.37499900,1,18.66962300,monthly,0
customer_0442_observation_02,customer_0442,26.42986700,74.92031600,0,18.66983800,monthly,0
customer_0442_observation_03,customer_0442,28.74323700,75.08398000,0,19.06584800,monthly,0
customer_0442_observation_04,customer_0442,27.66931800,76.69783200,0,18.81096200,monthly,0
customer_0442_observation_05,customer_0442,28.49036600,72.83931100,0,18.97254200,monthly,0
customer_0443_observation_00,customer_0443,19.09674600,101.06748000,2,17.77525800,annual,1
customer_0443_observation_01,customer_0443,20.94271400,98.24934900,2,17.24065600,annual,1
customer_0443_observation_02,customer_0443,21.13285300,101.14312100,2,16.84973400,annual,1
customer_0443_observation_03,customer_0443,20.51307700,96.31464200,1,16.51838100,annual,1
customer_0443_observation_04,customer_0443,20.88993100,98.89926400,2,19.68693700,annual,1
customer_0443_observation_05,customer_0443,22.96098800,98.56462900,2,17.81412800,annual,1
customer_0444_observation_00,customer_0444,32.19097900,54.74330600,2,21.90767100,annual,1
customer_0444_observation_01,customer_0444,31.86000800,57.17149000,2,20.26733800,annual,1
customer_0444_observation_02,customer_0444,33.02371300,51.18258900,1,19.18410900,annual,1
customer_0444_observation_03,customer_0444,33.36158800,53.98623000,2,20.82638900,annual,1
customer_0444_observation_04,customer_0444,34.12364700,53.31150900,2,20.49996600,annual,1
customer_0444_observation_05,customer_0444,33.11623500,59.09161700,2,20.79832800,annual,1
customer_0445_observation_00,customer_0445,68.27806100,61.09893700,2,10.05718900,annual,1
customer_0445_observation_01,customer_0445,68.86417600,60.14678300,3,10.06750200,annual,1
customer_0445_observation_02,customer_0445,69.11810900,59.87535200,3,10.28920400,annual,1
customer_0445_observation_03,customer_0445,69.19795800,61.43023000,3,12.39690200,annual,1
customer_0445_observation_04,customer_0445,69.67479800,62.23028600,3,10.77847600,annual,1
customer_0445_observation_05,customer_0445,71.57836900,60.38148000,2,10.38320800,annual,1
customer_0446_observation_00,customer_0446,36.86687700,74.06992400,3,14.16906800,annual,0
customer_0446_observation_01,customer_0446,36.35272600,77.02572800,4,15.82533100,annual,0
customer_0446_observation_02,customer_0446,37.75027500,75.36140500,3,12.36978200,annual,0
customer_0446_observation_03,customer_0446,37.55272600,74.96315900,4,17.09113200,annual,0
customer_0446_observation_04,customer_0446,38.93133000,73.57823300,3,13.80568700,annual,0
customer_0446_observation_05,customer_0446,38.99502900,75.77053200,3,15.76922400,annual,0
customer_0447_observation_00,customer_0447,69.53940800,95.09869900,1,8.85027400,monthly,1
customer_0447_observation_01,customer_0447,69.84461200,91.49742500,1,10.45010900,monthly,1
customer_0447_observation_02,customer_0447,70.18604500,90.88299300,1,13.33373600,monthly,1
customer_0447_observation_03,customer_0447,71.65995600,95.76010900,1,9.12761200,monthly,1
customer_0447_observation_04,customer_0447,70.41970800,92.89156600,0,11.01327700,monthly,1
customer_0447_observation_05,customer_0447,71.60240600,88.94502100,2,10.80038900,monthly,1
customer_0448_observation_00,customer_0448,1.70307600,79.01396700,3,10.86308700,monthly,1
customer_0448_observation_01,customer_0448,1.89550200,75.94266800,4,13.46708100,monthly,1
customer_0448_observation_02,customer_0448,2.31855500,78.40748800,2,12.80604200,monthly,1
customer_0448_observation_03,customer_0448,4.33924800,81.53380200,4,15.13468600,monthly,0
customer_0448_observation_04,customer_0448,4.62180300,77.75514200,3,10.64666300,monthly,1
customer_0448_observation_05,customer_0448,4.66721300,71.33178700,3,10.74445200,monthly,1
customer_0449_observation_00,customer_0449,64.80239800,77.49883700,0,18.61430600,monthly,0
customer_0449_observation_01,customer_0449,65.18478300,78.17059300,0,17.88867900,monthly,0
customer_0449_observation_02,customer_0449,65.00669900,81.88341700,1,17.40784700,monthly,0
customer_0449_observation_03,customer_0449,67.10046200,78.23996200,0,17.00199300,monthly,0
customer_0449_observation_04,customer_0449,66.84988200,77.63368500,0,17.76769500,monthly,0
customer_0449_observation_05,customer_0449,66.92685900,77.59597900,0,19.49176900,monthly,0
customer_0450_observation_00,customer_0450,67.45906500,71.87473900,1,14.01244900,annual,0
customer_0450_observation_01,customer_0450,69.02940200,70.98201300,1,14.58226300,annual,0
customer_0450_observation_02,customer_0450,67.21613200,74.01892800,2,14.50676200,annual,0
customer_0450_observation_03,customer_0450,68.99927000,71.50905500,3,13.70082100,annual,0
customer_0450_observation_04,customer_0450,69.46900000,69.58597900,1,16.39523100,annual,0
customer_0450_observation_05,customer_0450,69.70524400,72.25676800,2,14.59398700,annual,0
customer_0451_observation_00,customer_0451,13.20830300,51.19784700,2,16.90448900,monthly,0
customer_0451_observation_01,customer_0451,13.16915700,52.81826500,1,16.73476300,monthly,0
customer_0451_observation_02,customer_0451,13.15221400,52.42180000,1,14.89441700,monthly,0
customer_0451_observation_03,customer_0451,14.67322200,52.38092400,1,14.52992000,monthly,0
customer_0451_observation_04,customer_0451,14.00492300,54.03751800,1,14.67449700,monthly,0
customer_0451_observation_05,customer_0451,14.98126800,56.43173700,1,17.17940700,monthly,0
customer_0452_observation_00,customer_0452,45.14800600,105.06228000,1,13.87771500,monthly,0
customer_0452_observation_01,customer_0452,46.51827500,103.98044200,1,12.45060300,monthly,0
customer_0452_observation_02,customer_0452,46.39977300,105.67514900,1,13.04511500,monthly,0
customer_0452_observation_03,customer_0452,47.91930300,99.76563400,1,9.71935500,monthly,0
customer_0452_observation_04,customer_0452,47.45266000,101.51815200,0,12.73535100,monthly,0
customer_0452_observation_05,customer_0452,47.75448900,102.52463500,1,10.65521600,monthly,0
customer_0453_observation_00,customer_0453,32.88156300,57.81117700,2,23.88800000,annual,1
customer_0453_observation_01,customer_0453,33.49832400,55.85892500,2,21.43415400,annual,1
customer_0453_observation_02,customer_0453,33.27333400,55.38537800,1,22.92594600,annual,1
customer_0453_observation_03,customer_0453,35.18509200,58.41564900,3,22.37372900,annual,1
customer_0453_observation_04,customer_0453,34.49288100,59.76854200,2,21.45822000,annual,1
customer_0453_observation_05,customer_0453,35.84479600,56.63085800,2,21.26224200,annual,1
customer_0454_observation_00,customer_0454,8.74046000,95.03955100,1,12.16137500,two_year,0
customer_0454_observation_01,customer_0454,9.70168900,93.75728600,1,12.65027100,two_year,0
customer_0454_observation_02,customer_0454,10.00665700,95.12157700,1,14.14648700,two_year,0
customer_0454_observation_03,customer_0454,11.16768200,93.23695000,0,13.18617800,two_year,0
customer_0454_observation_04,customer_0454,10.93048300,94.35925600,1,15.13706400,two_year,0
customer_0454_observation_05,customer_0454,12.17117400,94.98885300,2,15.14430800,two_year,0
customer_0455_observation_00,customer_0455,24.77076500,106.27887900,2,13.47044200,annual,1
customer_0455_observation_01,customer_0455,25.92851900,105.12974900,2,12.98265900,annual,1
customer_0455_observation_02,customer_0455,24.89057300,104.33562800,2,13.59545600,annual,1
customer_0455_observation_03,customer_0455,25.82497100,102.35113500,2,14.20440200,annual,1
customer_0455_observation_04,customer_0455,26.30041400,108.27675500,2,11.92203900,annual,1
customer_0455_observation_05,customer_0455,28.68290900,104.63231100,2,13.62901500,annual,1
customer_0456_observation_00,customer_0456,28.70742200,48.52928400,1,23.03275500,monthly,0
customer_0456_observation_01,customer_0456,28.25569000,46.58063400,3,25.72429000,monthly,0
customer_0456_observation_02,customer_0456,30.58808500,47.62472500,2,23.06113300,monthly,0
customer_0456_observation_03,customer_0456,30.27401600,48.37727800,1,24.10406200,monthly,0
customer_0456_observation_04,customer_0456,30.26994500,46.38964100,2,22.85701700,monthly,0
customer_0456_observation_05,customer_0456,31.48412700,42.78928400,1,23.96976300,monthly,0
customer_0457_observation_00,customer_0457,40.56162800,69.79720400,2,8.69017800,monthly,0
customer_0457_observation_01,customer_0457,40.63723000,64.94682700,2,7.99287700,monthly,0
customer_0457_observation_02,customer_0457,40.99868500,69.41741600,2,8.36590500,monthly,0
customer_0457_observation_03,customer_0457,41.66523700,71.29139400,2,8.01529000,monthly,0
customer_0457_observation_04,customer_0457,41.81997000,72.41167600,2,7.74317200,monthly,0
customer_0457_observation_05,customer_0457,42.60131500,71.92300800,1,8.31441100,monthly,0
customer_0458_observation_00,customer_0458,68.03915700,71.09012800,6,8.53745300,two_year,1
customer_0458_observation_01,customer_0458,69.30995300,72.01501500,5,9.51093500,two_year,1
customer_0458_observation_02,customer_0458,68.70617000,70.95368500,6,6.86163200,two_year,1
customer_0458_observation_03,customer_0458,69.73869500,69.05921300,5,11.51700800,two_year,1
customer_0458_observation_04,customer_0458,69.51198200,71.01475100,5,10.44853600,two_year,1
customer_0458_observation_05,customer_0458,71.04139800,69.36418000,6,9.51026900,two_year,1
customer_0459_observation_00,customer_0459,9.97380600,54.63128000,4,24.78878800,monthly,0
customer_0459_observation_01,customer_0459,10.45063400,52.17824700,4,26.08000000,monthly,0
customer_0459_observation_02,customer_0459,10.69291000,51.47072600,4,25.00209600,monthly,0
customer_0459_observation_03,customer_0459,10.80784700,55.53868300,4,25.36737700,monthly,0
customer_0459_observation_04,customer_0459,12.95429300,51.73159400,4,24.68334700,monthly,0
customer_0459_observation_05,customer_0459,12.41904300,56.34128600,4,26.48230600,monthly,0
customer_0460_observation_00,customer_0460,37.69861000,60.24034500,4,17.84444600,annual,0
customer_0460_observation_01,customer_0460,37.16183300,57.21949400,4,17.21162000,annual,0
customer_0460_observation_02,customer_0460,40.31490500,60.59502400,4,18.07353300,annual,0
customer_0460_observation_03,customer_0460,39.63284200,58.06496500,3,19.61697800,annual,0
customer_0460_observation_04,customer_0460,40.86645700,60.62722400,5,19.16278300,annual,0
customer_0460_observation_05,customer_0460,40.53533700,60.89151700,4,19.65799200,annual,0
customer_0461_observation_00,customer_0461,6.80437300,83.46716100,0,23.26177700,monthly,0
customer_0461_observation_01,customer_0461,8.25890600,81.15444100,1,21.42489100,monthly,0
customer_0461_observation_02,customer_0461,9.12012100,79.53167500,1,20.96626200,monthly,0
customer_0461_observation_03,customer_0461,9.77632000,79.27259700,0,23.05809500,monthly,0
customer_0461_observation_04,customer_0461,9.09152800,77.45608800,1,22.56804600,monthly,0
customer_0461_observation_05,customer_0461,9.38977200,78.30107200,2,21.42599900,monthly,0
customer_0462_observation_00,customer_0462,21.69871100,61.18104600,1,16.65347200,annual,0
customer_0462_observation_01,customer_0462,22.51959500,59.11200900,1,14.89429200,annual,0
customer_0462_observation_02,customer_0462,22.50339800,61.98508100,0,16.85817700,annual,0
customer_0462_observation_03,customer_0462,22.00426300,59.18937700,0,12.74532600,annual,0
customer_0462_observation_04,customer_0462,22.65911300,54.78452100,1,13.95664000,annual,0
customer_0462_observation_05,customer_0462,21.58584800,58.39364300,1,17.13555100,annual,0
customer_0463_observation_00,customer_0463,28.32603800,39.42213800,3,9.84831300,monthly,1
customer_0463_observation_01,customer_0463,28.22050400,40.29152700,2,8.04423100,monthly,1
customer_0463_observation_02,customer_0463,27.78639700,40.55388700,4,11.34739600,monthly,1
customer_0463_observation_03,customer_0463,28.83020200,34.67245700,3,10.64662400,monthly,1
customer_0463_observation_04,customer_0463,29.55269900,37.87533300,4,8.30582600,monthly,1
customer_0463_observation_05,customer_0463,29.20231400,37.05335300,3,10.48208600,monthly,1
customer_0464_observation_00,customer_0464,51.37954600,72.11073900,2,12.47199400,monthly,0
customer_0464_observation_01,customer_0464,52.59148200,73.51572600,1,15.34916400,monthly,0
customer_0464_observation_02,customer_0464,51.99956100,74.86743800,2,14.89143500,monthly,0
customer_0464_observation_03,customer_0464,52.59776100,73.17035400,2,16.39051300,monthly,0
customer_0464_observation_04,customer_0464,52.79573500,76.47747500,1,14.57611300,monthly,0
customer_0464_observation_05,customer_0464,53.40247100,73.83417100,2,15.95256200,monthly,0
customer_0465_observation_00,customer_0465,70.10349900,84.96795900,1,15.33358900,monthly,0
customer_0465_observation_01,customer_0465,70.64208900,86.48683400,1,15.26833400,monthly,0
customer_0465_observation_02,customer_0465,70.24025900,81.83328800,1,15.76961300,monthly,0
customer_0465_observation_03,customer_0465,70.63342900,76.98755700,0,13.97772800,monthly,0
customer_0465_observation_04,customer_0465,70.66519600,82.62656400,1,15.36086700,monthly,0
customer_0465_observation_05,customer_0465,70.90644800,79.11130300,1,13.32490400,monthly,0
customer_0466_observation_00,customer_0466,15.29721200,60.58606600,3,18.96109400,monthly,1
customer_0466_observation_01,customer_0466,14.14112600,62.90553600,3,16.46158200,monthly,1
customer_0466_observation_02,customer_0466,15.27664500,59.70083000,3,18.63258200,monthly,1
customer_0466_observation_03,customer_0466,15.22845100,61.45584000,3,19.17783100,monthly,1
customer_0466_observation_04,customer_0466,15.03966100,59.84879800,2,16.76256000,monthly,1
customer_0466_observation_05,customer_0466,16.84816800,59.51793800,3,17.74454100,monthly,1
customer_0467_observation_00,customer_0467,70.88840000,59.69869400,1,12.89094200,monthly,0
customer_0467_observation_01,customer_0467,72.11202100,52.91189300,1,12.84972200,monthly,0
customer_0467_observation_02,customer_0467,71.95642700,52.26334900,2,14.58014800,monthly,0
customer_0467_observation_03,customer_0467,71.40757200,51.63452600,1,13.21016700,monthly,0
customer_0467_observation_04,customer_0467,72.11724600,56.02265300,3,11.72617200,monthly,0
customer_0467_observation_05,customer_0467,73.03806600,56.21471400,1,11.37089300,monthly,0
customer_0468_observation_00,customer_0468,61.14223200,91.31760000,3,25.53436300,monthly,1
customer_0468_observation_01,customer_0468,62.89404300,90.51733500,2,25.88339700,monthly,1
customer_0468_observation_02,customer_0468,63.82198900,86.92416100,2,25.47729100,monthly,1
customer_0468_observation_03,customer_0468,64.00034800,88.41545500,3,24.66287800,monthly,1
customer_0468_observation_04,customer_0468,62.56477100,86.46369000,2,26.54473100,monthly,1
customer_0468_observation_05,customer_0468,64.78683100,95.43073400,2,25.61432200,monthly,1
customer_0469_observation_00,customer_0469,70.86214700,74.41530800,4,17.00424700,monthly,1
customer_0469_observation_01,customer_0469,71.60676100,71.70860400,5,16.18653700,monthly,1
customer_0469_observation_02,customer_0469,71.60398700,73.82940600,5,17.91474700,monthly,1
customer_0469_observation_03,customer_0469,71.68891900,73.66982800,5,18.27070300,monthly,1
customer_0469_observation_04,customer_0469,72.45606100,73.97734400,5,17.44885300,monthly,1
customer_0469_observation_05,customer_0469,73.31342600,70.59956400,4,17.18642500,monthly,1
customer_0470_observation_00,customer_0470,63.34790400,102.70693200,3,17.88052700,annual,0
customer_0470_observation_01,customer_0470,61.94201200,104.98588800,3,14.92801200,annual,0
customer_0470_observation_02,customer_0470,61.76156500,103.93937800,3,16.21005100,annual,0
customer_0470_observation_03,customer_0470,64.03394300,104.62359700,4,19.72624500,annual,0
customer_0470_observation_04,customer_0470,62.13067500,105.30256400,4,18.70043500,annual,0
customer_0470_observation_05,customer_0470,64.70723300,98.66414700,2,15.71046900,annual,0
customer_0471_observation_00,customer_0471,22.72280600,61.73992300,1,18.07007200,monthly,0
customer_0471_observation_01,customer_0471,23.72903600,55.42446200,1,21.50538100,monthly,0
customer_0471_observation_02,customer_0471,23.67553100,61.59611200,1,19.53989800,monthly,0
customer_0471_observation_03,customer_0471,23.38083900,56.09036400,2,18.30583800,monthly,0
customer_0471_observation_04,customer_0471,25.55520200,59.86246800,2,18.87547400,monthly,0
customer_0471_observation_05,customer_0471,25.19725600,57.91641800,1,20.27908200,monthly,0
customer_0472_observation_00,customer_0472,55.08040700,89.56951900,2,22.82471100,monthly,1
customer_0472_observation_01,customer_0472,54.86943500,95.54157200,2,24.72153400,monthly,1
customer_0472_observation_02,customer_0472,55.25628400,95.19961400,3,24.02048300,monthly,1
customer_0472_observation_03,customer_0472,55.51156400,91.00670000,1,21.42100800,monthly,1
customer_0472_observation_04,customer_0472,57.23441100,88.66524100,2,22.75148300,monthly,1
customer_0472_observation_05,customer_0472,55.01479300,92.77526900,1,22.08665300,monthly,1
customer_0473_observation_00,customer_0473,3.33609900,77.16322300,4,18.71109100,monthly,0
customer_0473_observation_01,customer_0473,3.81028300,80.36290900,3,19.40391400,monthly,0
customer_0473_observation_02,customer_0473,4.36619800,80.52126600,3,19.13593900,monthly,0
customer_0473_observation_03,customer_0473,4.67892800,79.25476800,2,18.38828800,monthly,0
customer_0473_observation_04,customer_0473,5.77710200,79.73485400,3,17.42629400,monthly,0
customer_0473_observation_05,customer_0473,4.49151000,77.05177700,3,17.86375500,monthly,0
customer_0474_observation_00,customer_0474,72.64773600,81.37264800,2,14.88755600,annual,0
customer_0474_observation_01,customer_0474,71.30768800,80.83354600,2,15.91078400,annual,0
customer_0474_observation_02,customer_0474,72.78320500,84.75226900,3,17.46058700,annual,0
customer_0474_observation_03,customer_0474,72.91197400,85.74559800,2,17.01722500,annual,0
customer_0474_observation_04,customer_0474,74.26786500,80.46158300,2,14.73356500,annual,0
customer_0474_observation_05,customer_0474,73.13809500,84.55842500,2,16.24885100,annual,0
customer_0475_observation_00,customer_0475,66.20463500,74.50737700,2,14.43899600,monthly,1
customer_0475_observation_01,customer_0475,67.83712800,73.06225300,2,15.70841400,monthly,1
customer_0475_observation_02,customer_0475,67.42432100,73.92193900,1,14.76931900,monthly,1
customer_0475_observation_03,customer_0475,66.46561800,72.36675100,2,14.10322800,monthly,1
customer_0475_observation_04,customer_0475,68.57907500,73.01305400,2,16.25704800,monthly,0
customer_0475_observation_05,customer_0475,69.07087400,74.01796900,2,12.16327600,monthly,1
customer_0476_observation_00,customer_0476,10.70350100,103.71027000,1,24.89280800,annual,1
customer_0476_observation_01,customer_0476,10.76820000,101.11686600,2,22.39834400,annual,1
customer_0476_observation_02,customer_0476,10.45858500,100.41703200,2,24.15073600,annual,1
customer_0476_observation_03,customer_0476,12.08026200,101.42388800,3,23.48620800,annual,1
customer_0476_observation_04,customer_0476,12.06977400,103.74573000,2,24.96867600,annual,1
customer_0476_observation_05,customer_0476,11.72257400,102.39738100,1,23.68838000,annual,1
customer_0477_observation_00,customer_0477,49.59506100,63.51380900,2,17.60403000,annual,0
customer_0477_observation_01,customer_0477,50.66121400,63.75665200,1,18.74502700,annual,0
customer_0477_observation_02,customer_0477,49.38227600,65.65985300,1,19.64532200,annual,0
customer_0477_observation_03,customer_0477,49.82506900,64.28005900,2,18.88079400,annual,0
customer_0477_observation_04,customer_0477,51.14972100,63.02241200,1,17.00650000,annual,0
customer_0477_observation_05,customer_0477,51.13025700,68.15082900,1,18.28692100,annual,0
customer_0478_observation_00,customer_0478,10.97737300,71.45473100,1,18.72954800,monthly,1
customer_0478_observation_01,customer_0478,11.38991700,67.68490500,1,21.04769200,monthly,1
customer_0478_observation_02,customer_0478,10.28115300,73.82260200,2,21.25441400,monthly,1
customer_0478_observation_03,customer_0478,11.35007800,70.52943600,2,21.09919900,monthly,1
customer_0478_observation_04,customer_0478,11.50391400,72.62065400,1,19.77061700,monthly,1
customer_0478_observation_05,customer_0478,11.50505300,70.23639700,2,19.39365200,monthly,1
customer_0479_observation_00,customer_0479,45.95244100,89.76394000,2,14.71067100,two_year,0
customer_0479_observation_01,customer_0479,46.13509200,91.06288200,2,14.00329700,two_year,0
customer_0479_observation_02,customer_0479,46.09947200,90.97009900,1,16.00416900,two_year,0
customer_0479_observation_03,customer_0479,45.89238300,91.78529700,1,14.36790600,two_year,0
customer_0479_observation_04,customer_0479,46.78375300,90.29343100,1,16.79428500,two_year,0
customer_0479_observation_05,customer_0479,47.44743300,93.77096600,1,16.51717600,two_year,0
