case_id,amount,account_age_days,velocity_24h,device_trust_score,prior_chargebacks,risk_score,channel,fraud
case_000000,64.054968,353.334816,4,0.683949,0,0.012096205364,in_store,0
case_000001,28.996253,411.146338,0,0.743874,0,0.001010858401,in_store,0
case_000002,114.904981,273.266928,3,0.763406,0,0.010030434013,web,0
case_000003,22.671998,126.677138,4,0.620557,0,0.016049607602,web,0
case_000004,32.182112,500.047986,3,0.922703,0,0.001390901738,web,0
case_000005,26.915306,740.865543,6,0.425332,0,0.107543454226,mobile,0
case_000006,34.421255,235.473758,1,0.761657,0,0.001753932516,in_store,0
case_000007,10.285363,2147.44621,3,0.511305,0,0.004582984679,in_store,0
case_000008,28.128134,422.518854,3,0.796384,0,0.002299906497,in_store,0
case_000009,92.96188,260.449996,2,0.553886,1,0.066120314489,in_store,0
case_000010,11.859283,4000,1,0.677487,0,0.000673966285,in_store,0
case_000011,62.244908,1.797493,0,0.551427,0,0.022930369828,in_store,0
case_000012,23.970766,211.249796,0,0.929449,0,0.000341637191,in_store,0
case_000013,6.192617,551.73569,5,0.878692,0,0.001125860024,in_store,0
case_000014,242.40696,1639.546641,3,0.869966,0,0.003882166932,in_store,0
case_000015,21.579507,357.778718,1,0.61531,0,0.003707310949,web,0
case_000016,22.768753,930.921162,2,0.859406,0,0.000937349238,web,0
case_000017,60.585832,421.357086,1,0.541319,0,0.008353622693,in_store,0
case_000018,23.556441,1646.609543,0,0.63398,0,0.001511210438,web,0
case_000019,68.199822,314.311696,3,0.534142,0,0.022202820589,in_store,0
case_000020,39.036832,430.926119,1,0.685846,0,0.004886377524,mobile,0
case_000021,36.132779,672.574852,2,0.643893,0,0.004111335883,in_store,0
case_000022,14.190972,1472.656289,1,0.925243,0,0.000213747449,in_store,0
case_000023,144.602506,903.629902,0,0.702104,0,0.00373116894,web,0
case_000024,62.589876,576.807847,2,0.644484,0,0.006064702245,in_store,0
case_000025,187.675675,848.303201,0,0.943628,0,0.000996792719,web,0
case_000026,14.385523,190.27323,1,0.493931,0,0.007384166861,web,0
case_000027,26.254778,199.763023,1,0.854567,0,0.000868883257,in_store,0
case_000028,88.736056,179.70705,1,0.663764,0,0.00637075146,in_store,0
case_000029,21.687152,681.831783,2,0.783946,0,0.001594723085,web,0
case_000030,13.873456,233.851878,1,0.838084,0,0.000620834288,in_store,0
case_000031,12.361769,206.707067,2,0.665404,0,0.002610593102,in_store,0
case_000032,65.445658,262.850064,3,0.289603,0,0.121197236201,web,1
case_000033,347.228805,770.088468,1,0.437801,0,0.039957131571,in_store,0
case_000034,6.388826,1302.954971,2,0.944383,0,0.000182230052,in_store,0
case_000035,20.944053,178.581858,3,0.793342,0,0.004785254513,mobile,0
case_000036,201.548623,373.398784,2,0.394497,0,0.065548924601,in_store,0
case_000037,7.479821,123.310576,2,0.848428,0,0.001378614381,mobile,0
case_000038,69.69686,19.115645,3,0.720315,0,0.015796198974,in_store,0
case_000039,27.613277,1854.335672,3,0.61834,0,0.004486162476,in_store,0
case_000040,77.978522,678.815022,1,0.891452,0,0.001239083339,web,0
case_000041,16.616065,1724.208554,0,0.783245,0,0.000705736066,mobile,0
case_000042,11.157966,155.984063,0,0.538824,0,0.005118012994,mobile,0
case_000043,38.55902,9.734803,4,0.748924,0,0.03040600542,mobile,0
case_000044,25.013271,1065.871847,1,0.787693,0,0.001009828984,web,0
case_000045,139.279443,62.031106,0,0.865812,0,0.002220702038,in_store,0
case_000046,20.74535,48.466175,3,0.612615,0,0.011121103278,in_store,0
case_000047,43.844932,371.03279,2,0.722031,0,0.003393646281,in_store,0
case_000048,27.985581,33.060099,1,0.28231,0,0.065168561631,web,0
case_000049,36.776652,105.881237,1,0.892328,1,0.00412165348,in_store,0
case_000050,38.849826,362.419286,2,0.654337,0,0.004824121947,in_store,0
case_000051,7.085492,1123.807818,2,0.784247,0,0.000548628799,in_store,0
case_000052,96.91803,2029.054052,1,0.952191,0,0.000552157825,in_store,0
case_000053,37.017865,555.310806,2,0.866489,0,0.001413857132,web,0
case_000054,40.297591,345.739972,0,0.844471,0,0.000698103266,in_store,0
case_000055,28.860352,355.006754,2,0.788948,0,0.002232979043,web,0
case_000056,26.749748,452.735179,0,0.812405,0,0.000781978762,web,0
case_000057,45.081753,3636.796947,2,0.521223,0,0.007964527032,web,0
case_000058,11.831393,1190.426864,3,0.693409,0,0.002439452054,web,0
case_000059,9.371448,413.210611,3,0.941012,0,0.000616245461,web,0
case_000060,39.197043,965.248275,2,0.697689,0,0.002787507686,in_store,0
case_000061,19.030928,444.812812,3,0.68027,0,0.006997280957,mobile,0
case_000062,22.550917,371.476144,1,0.875279,0,0.000579892005,in_store,0
case_000063,114.266409,295.323232,2,0.820202,0,0.004650885566,web,0
case_000064,6.395757,657.665166,2,0.86615,0,0.000362797164,in_store,0
case_000065,4.048787,822.822386,0,0.334658,0,0.003339474668,in_store,0
case_000066,21.629383,615.54574,2,0.837907,0,0.0009123343,in_store,0
case_000067,15.324466,588.161275,3,0.72167,0,0.002286876613,in_store,0
case_000068,34.131423,123.974457,0,0.745218,0,0.001572382444,in_store,0
case_000069,95.311535,604.769551,2,0.732887,0,0.004515789906,in_store,0
case_000070,19.237746,199.036983,0,0.526219,0,0.003756341009,in_store,0
case_000071,26.457461,1155.038278,2,0.680007,1,0.011898665221,web,0
case_000072,130.849772,1173.050709,3,0.609333,0,0.027399975097,mobile,0
case_000073,10.934233,2073.756472,1,0.785581,0,0.000395789542,in_store,0
case_000074,31.803669,184.805328,1,0.420712,0,0.014879171167,in_store,0
case_000075,33.836756,194.993195,4,0.952122,0,0.002324260564,web,0
case_000076,14.510183,94.873387,2,0.864415,0,0.001991292113,mobile,0
case_000077,7.192587,1373.019549,0,0.879125,0,0.000131541596,in_store,0
case_000078,133.427598,224.68572,1,0.876568,0,0.002062442361,in_store,0
case_000079,94.995677,704.51007,2,0.8656,0,0.001885462899,in_store,0
case_000080,17.887019,1588.09677,3,0.821476,0,0.001010105895,in_store,0
case_000081,18.243434,335.006962,2,0.690303,0,0.002461862311,in_store,0
case_000082,80.661205,1397.772057,3,0.862191,1,0.010854309796,web,0
case_000083,24.674364,277.565825,2,0.971225,1,0.002197915919,in_store,0
case_000084,107.138444,845.692008,2,0.854538,0,0.002655811972,web,0
case_000085,10.907821,1,2,0.615718,0,0.012670778437,in_store,0
case_000086,17.320227,238.160516,2,0.914322,0,0.000650392598,in_store,0
case_000087,37.284884,640.59837,2,0.76106,0,0.002049435104,in_store,0
case_000088,8.643477,663.301549,2,0.617306,0,0.002033384507,in_store,0
case_000089,23.323077,868.43116,3,0.6289,0,0.008988585142,mobile,0
case_000090,43.437639,1.663864,2,0.718365,0,0.014416378863,in_store,0
case_000091,20.712172,1951.888058,2,0.34711,0,0.013462726769,in_store,0
case_000092,20.778809,749.421213,2,0.752073,0,0.001436168288,in_store,0
case_000093,13.7738,91.171047,3,0.492296,0,0.015239493912,in_store,0
case_000094,46.02913,496.266297,3,0.796749,0,0.005707249754,mobile,0
case_000095,8.570642,1119.569042,4,0.669842,0,0.002742644686,in_store,0
case_000096,25.548722,6.806904,1,0.868641,0,0.002585168478,web,0
case_000097,31.016052,1016.506973,5,0.759628,0,0.00993854084,mobile,0
case_000098,25.381683,73.938116,0,0.524565,0,0.007679321167,web,0
case_000099,9.344127,333.869697,7,0.796405,0,0.006025438545,in_store,0
case_000100,65.206648,5.018731,2,0.811075,0,0.015783277342,mobile,0
case_000101,13.399003,1194.627902,3,0.280011,0,0.049458036545,mobile,0
case_000102,8.285787,15.5508,1,0.719599,0,0.002074715188,in_store,0
case_000103,51.297329,1339.126684,1,0.659004,0,0.004940952467,mobile,0
case_000104,122.291744,205.227828,4,0.626797,0,0.030117401174,in_store,0
case_000105,78.852587,21.533811,3,0.51522,0,0.057099137972,in_store,0
case_000106,11.574816,1288.378099,0,0.79762,0,0.000378240039,web,0
case_000107,119.118866,101.949257,2,0.894079,0,0.003196142903,in_store,0
case_000108,54.046343,163.318976,1,0.334865,0,0.066984800323,mobile,0
case_000109,22.459908,1169.26677,1,0.835757,0,0.001015363227,mobile,0
case_000110,94.239806,324.257772,0,0.460925,0,0.013288279918,in_store,0
case_000111,11.52224,1296.226383,0,0.557731,0,0.001684182431,web,0
case_000112,17.272661,552.699428,2,0.726787,0,0.003135797686,mobile,0
case_000113,13.248628,48.47095,6,0.51064,0,0.049896286579,in_store,0
case_000114,7.690294,1055.799597,0,0.90139,0,0.000128389036,in_store,0
case_000115,137.611163,335.116488,0,0.435292,0,0.019590276741,in_store,0
case_000116,42.367997,1145.189284,0,0.522371,0,0.003795090022,in_store,0
case_000117,106.903061,1254.918812,1,0.899106,0,0.001803597375,mobile,0
case_000118,81.693433,1430.516278,1,0.585897,0,0.006897041334,web,0
case_000119,28.669958,360.196923,1,0.877765,0,0.000669354935,in_store,0
case_000120,11.144233,1085.127525,4,0.9122,0,0.000913863741,web,0
case_000121,227.773898,188.614163,0,0.365803,0,0.060883791766,web,1
case_000122,128.733098,700.786223,2,0.60685,0,0.021727629446,mobile,0
case_000123,70.328211,754.522714,0,0.77785,0,0.00120267113,in_store,0
case_000124,40.633964,412.366811,0,0.7163,0,0.001484236572,in_store,0
case_000125,71.550053,265.781233,2,0.899827,0,0.002163219057,web,0
case_000126,227.451264,1133.340067,2,0.473143,0,0.041336904355,web,0
case_000127,45.454081,252.05043,2,0.531429,0,0.023989208275,mobile,0
case_000128,101.366942,672.395578,1,0.719277,0,0.003352545273,in_store,1
case_000129,6.643463,147.580019,2,0.954146,0,0.000330179026,in_store,0
case_000130,19.685123,1358.223645,4,0.96104,0,0.000891762368,web,0
case_000131,32.287317,614.613791,2,0.804575,0,0.001853235995,web,0
case_000132,32.30708,1339.907683,2,0.535235,0,0.006167539715,in_store,0
case_000133,162.028828,1272.440284,0,0.747983,0,0.002731151031,web,0
case_000134,46.080852,235.440457,2,0.92242,0,0.001145176766,in_store,0
case_000135,45.25033,55.227677,1,0.750511,0,0.004354749053,web,0
case_000136,7.049825,896.723808,0,0.818703,0,0.00021477496,in_store,0
case_000137,41.019813,904.461551,2,0.897843,0,0.001076457811,web,0
case_000138,34.121563,190.296783,2,0.825068,0,0.00184894575,in_store,0
case_000139,57.384471,696.250573,4,0.755525,0,0.0113424782,mobile,0
case_000140,10.257565,24.801549,3,0.684698,0,0.007200704397,web,0
case_000141,19.768398,744.191558,1,0.627554,0,0.002050145833,in_store,0
case_000142,25.473986,2919.298068,1,0.670344,0,0.001584638378,web,0
case_000143,17.394143,1102.617252,2,0.877353,0,0.000526029462,in_store,0
case_000144,5.594967,263.20029,1,0.699907,0,0.000838388738,in_store,0
case_000145,21.837537,118.264637,1,0.315874,0,0.032494785167,web,0
case_000146,32.212349,761.039365,2,0.524589,0,0.007746333264,in_store,0
case_000147,55.22126,522.112063,0,0.561588,0,0.008427061413,mobile,0
case_000148,6.269866,46.068214,2,0.616541,0,0.003673926883,in_store,0
case_000149,26.393308,6.473175,1,0.628724,0,0.017587857815,mobile,0
case_000150,25.592861,1199.581724,0,0.603994,0,0.00313554009,mobile,0
case_000151,17.596423,673.339774,1,0.643199,0,0.002286967242,web,0
case_000152,15.756154,738.516548,3,0.705884,0,0.003082450671,web,0
case_000153,28.642025,1505.62297,4,0.673309,0,0.006565924853,web,0
case_000154,3.006318,610.129868,3,0.720438,0,0.000916189686,in_store,0
case_000155,43.314379,358.084023,1,0.435045,0,0.013666419409,in_store,0
case_000156,21.063891,236.968118,0,0.832387,0,0.000717812841,web,0
case_000157,89.199632,283.327066,1,0.642177,0,0.006409280978,in_store,0
case_000158,37.5854,812.537485,0,0.823054,0,0.000595518005,in_store,0
case_000159,17.251031,894.890586,1,0.53157,0,0.00325079137,in_store,0
case_000160,174.177033,145.406741,1,0.77032,0,0.005381301232,in_store,0
case_000161,21.49651,76.237508,3,0.786563,0,0.003392476539,in_store,0
case_000162,136.225152,351.621671,3,0.89918,0,0.006665120042,mobile,0
case_000163,73.570966,268.65533,1,0.788022,0,0.004436992937,mobile,0
case_000164,9.668911,806.627167,0,0.784661,0,0.000630099993,mobile,0
case_000165,17.816318,209.377344,0,0.716354,0,0.001078689604,in_store,0
case_000166,8.776305,111.588786,0,0.522444,0,0.005419860806,mobile,0
case_000167,33.513652,504.005897,1,0.723036,0,0.001759562872,in_store,0
case_000168,12.608805,933.95059,3,0.822125,0,0.001218300727,web,0
case_000169,2.782316,884.000655,1,0.72541,0,0.000350235081,in_store,0
case_000170,18.422836,108.9011,1,0.514184,0,0.006933022088,in_store,0
case_000171,10.069686,722.694869,1,0.861096,0,0.000612168428,mobile,0
case_000172,29.726023,856.421592,1,0.271097,0,0.023061424999,in_store,0
case_000173,155.836772,304.240224,1,0.383645,0,0.05525884515,web,0
case_000174,42.137174,218.211511,1,0.507983,0,0.009868715481,in_store,0
case_000175,4.009489,283.702357,4,0.457324,0,0.010060703676,in_store,1
case_000176,66.413877,40.212873,3,0.686508,0,0.015354433787,in_store,0
case_000177,95.105734,387.06011,2,0.77845,0,0.003865007395,in_store,0
case_000178,10.181967,431.833985,3,0.852708,0,0.001653395754,mobile,0
case_000179,12.641332,425.668386,1,0.783533,0,0.000890148925,web,0
case_000180,85.193374,358.289459,2,0.668068,0,0.007316198463,in_store,1
case_000181,96.185289,1307.488857,0,0.762699,1,0.007128937246,web,0
case_000182,10.349689,455.088527,2,0.368953,0,0.015094103854,web,0
case_000183,86.981186,1768.724896,2,0.892263,0,0.001154140181,in_store,0
case_000184,20.564262,35.245534,3,0.566668,0,0.016058990467,in_store,0
case_000185,45.074075,231.643334,3,0.668122,0,0.010475789973,web,0
case_000186,104.761398,952.537824,1,0.72621,0,0.002963965064,in_store,0
case_000187,27.768328,209.856633,1,0.303994,0,0.034372235454,web,0
case_000188,12.682846,136.658011,1,0.578364,0,0.003473860499,in_store,0
case_000189,20.753066,12.086344,2,0.950617,0,0.001351706959,in_store,0
case_000190,57.217791,626.820626,1,0.540269,0,0.009264309461,web,0
case_000191,21.57856,237.01217,2,0.835627,0,0.002333174921,mobile,0
case_000192,35.966647,14.784939,1,0.815443,0,0.003636589322,web,0
case_000193,53.686983,327.126577,1,0.737105,0,0.002462968155,in_store,0
case_000194,40.347806,347.681841,1,0.815659,1,0.006404364324,web,0
case_000195,152.373916,178.806714,3,0.733929,0,0.012709624168,in_store,0
case_000196,92.591871,23.795886,3,0.700505,0,0.020096440219,in_store,0
case_000197,31.636137,69.363098,3,0.723294,0,0.008422961887,web,0
case_000198,5.237294,54.516076,3,0.752028,0,0.002016304052,in_store,0
case_000199,21.524474,133.951566,3,0.880151,0,0.001610382669,in_store,0
case_000200,66.957891,1153.289845,1,0.58107,0,0.005197565992,in_store,0
case_000201,6.330378,708.939542,1,0.886608,0,0.000209692631,in_store,0
case_000202,3.966075,43.577849,3,0.806608,0,0.001692703639,web,0
case_000203,53.561957,1984.073068,0,0.292728,0,0.019919879724,web,0
case_000204,15.892107,331.982429,1,0.936577,0,0.000329200884,in_store,0
case_000205,24.055347,338.307747,2,0.816171,0,0.00170522527,web,0
case_000206,10.560285,1991.086443,3,0.821446,0,0.000687676718,in_store,0
case_000207,73.421921,817.674678,1,0.772112,0,0.001852978868,in_store,0
case_000208,48.903057,764.138562,0,0.605494,0,0.002785163347,in_store,0
case_000209,38.483766,637.448749,2,0.851999,0,0.001523791195,web,0
case_000210,36.826636,98.768033,2,0.847359,0,0.002618560844,web,0
case_000211,4.977786,686.061108,3,0.824028,0,0.001151138416,mobile,0
case_000212,30.417926,84.158087,2,0.390982,0,0.040518641525,web,0
case_000213,30.277246,68.087933,0,0.399086,0,0.019022616476,web,0
case_000214,4.170971,594.839954,2,0.690872,0,0.000884877614,in_store,0
case_000215,9.522127,203.955602,2,0.865906,0,0.000642111428,in_store,0
case_000216,48.576045,931.787725,0,0.698792,0,0.001462957693,in_store,0
case_000217,75.512345,810.785272,1,0.528479,1,0.043275628067,web,0
case_000218,16.666266,990.930848,2,0.838971,0,0.000862454671,web,0
case_000219,37.963622,4.698191,0,0.696853,0,0.007150782899,web,0
case_000220,15.691234,871.129892,2,0.936924,0,0.000698108998,mobile,0
case_000221,15.533562,39.819306,1,0.77944,0,0.002049386925,web,0
case_000222,55.551686,1143.655611,2,0.784545,0,0.00368351209,mobile,0
case_000223,30.293794,746.127266,2,0.72833,0,0.002109799289,in_store,0
case_000224,8.948738,653.510528,0,0.486522,0,0.002150832916,in_store,0
case_000225,279.835789,347.446389,2,0.776706,0,0.010327095402,web,0
case_000226,23.130922,2458.134087,2,0.694206,0,0.001558929005,in_store,0
case_000227,273.414936,191.806442,1,0.714138,0,0.009407112308,in_store,0
case_000228,30.312749,433.386042,2,0.924589,0,0.000932128446,web,0
case_000229,8.587677,204.588214,4,0.42094,0,0.02094468537,in_store,0
case_000230,241.603727,132.531987,2,0.792649,0,0.011232837911,web,0
case_000231,114.394281,410.320354,1,0.82779,0,0.002126301013,in_store,0
case_000232,8.716091,354.42057,0,0.955988,0,0.000134851635,in_store,0
case_000233,137.445277,36.206297,2,0.781825,0,0.017953072141,mobile,0
case_000234,220.90831,256.742819,1,0.268715,0,0.109520282566,in_store,0
case_000235,25.948557,1335.789726,0,0.906077,0,0.000465215996,mobile,0
case_000236,9.402969,1634.188571,0,0.729192,0,0.000478453878,web,0
case_000237,19.147671,33.534795,0,0.854294,0,0.001544372297,mobile,0
case_000238,53.594897,578.442804,1,0.578456,0,0.005600258477,in_store,0
case_000239,4.663413,1743.138283,1,0.902635,0,0.000158485926,web,0
case_000240,15.689806,130.817653,2,0.675634,0,0.00414245231,web,0
case_000241,7.715206,747.348036,4,0.623191,0,0.00497857047,web,0
case_000242,43.25644,1245.646418,3,0.609727,0,0.007040765115,in_store,0
case_000243,59.295848,446.108492,1,0.705978,0,0.002911542944,in_store,0
case_000244,7.109926,78.00625,1,0.468466,0,0.005764918919,in_store,0
case_000245,19.311633,135.872672,2,0.769553,0,0.002020013228,in_store,0
case_000246,7.429039,5.395277,2,0.520098,0,0.013103321747,in_store,0
case_000247,70.871857,625.086943,1,0.851006,0,0.001536620178,web,0
case_000248,76.103171,269.231003,2,0.660396,0,0.009934779623,web,0
case_000249,144.983386,320.037439,2,0.679374,0,0.009896118819,in_store,0
case_000250,27.311051,645.490828,2,0.715373,0,0.002868826662,web,0
case_000251,10.608811,567.645956,1,0.728346,1,0.004206261802,web,0
case_000252,37.443688,1925.99344,0,0.76094,0,0.000681063688,in_store,0
case_000253,30.830571,647.153442,1,0.81368,0,0.000881640225,in_store,0
case_000254,381.901186,379.737671,2,0.872806,0,0.006775947696,web,0
case_000255,126.109507,1235.204488,2,0.893676,0,0.003084489467,mobile,0
case_000256,76.40484,161.537428,1,0.796468,0,0.002614076725,in_store,0
case_000257,91.639163,813.143042,5,0.987281,0,0.002681916349,in_store,0
case_000258,99.231639,759.703507,1,0.758337,0,0.004782201666,mobile,0
case_000259,10.684333,1180.02834,2,0.809899,0,0.001120593067,mobile,0
case_000260,39.926902,838.321504,0,0.585896,0,0.003456445289,web,0
case_000261,19.985381,1133.695199,0,0.421466,0,0.005717539551,web,0
case_000262,115.869918,231.390593,2,0.731634,0,0.012962876164,mobile,0
case_000263,13.69027,492.208098,1,0.4486,0,0.005629907924,in_store,0
case_000264,322.176477,360.003272,2,0.796513,0,0.007725703871,in_store,0
case_000265,17.273679,256.826209,2,0.736605,0,0.002472323187,web,0
case_000266,16.12992,131.231933,2,0.784793,0,0.001661196428,in_store,0
case_000267,18.252694,445.41713,1,0.530551,0,0.005317951786,web,0
case_000268,19.911728,156.916299,0,0.401033,0,0.008943175029,in_store,0
case_000269,98.673829,384.921329,2,0.38048,0,0.045681604159,in_store,0
case_000270,8.280162,79.449833,1,0.498819,0,0.0051810375,in_store,0
case_000271,65.324343,3613.329431,4,0.790716,0,0.00322112352,in_store,0
case_000272,12.672917,10.91242,4,0.74587,0,0.008049537225,in_store,0
case_000273,15.941955,254.236337,3,0.475905,0,0.025979276495,mobile,0
case_000274,15.112106,1906.474891,1,0.476117,0,0.003400401138,in_store,0
case_000275,46.843703,175.210163,1,0.710546,0,0.003193326108,in_store,0
case_000276,60.801915,402.181925,2,0.525076,0,0.02617400748,mobile,0
case_000277,42.614544,268.62104,1,0.679552,0,0.006156962811,mobile,0
case_000278,56.442098,1072.899124,1,0.600842,0,0.005398897717,web,1
case_000279,102.491418,1467.791217,2,0.432677,0,0.023409347219,in_store,0
case_000280,5.593334,449.385153,3,0.748962,0,0.001158108866,in_store,0
case_000281,64.26472,1191.447284,6,0.742991,0,0.016498521912,web,0
case_000282,67.857528,1124.908414,0,0.890754,0,0.000517012893,in_store,0
case_000283,80.330562,2242.854102,4,0.731983,0,0.007797673957,web,0
case_000284,58.253959,2515.384406,1,0.782158,0,0.001082340063,in_store,0
case_000285,118.495354,229.909249,4,0.719334,0,0.016242897808,in_store,0
case_000286,57.767473,308.685746,2,0.728076,0,0.005267108833,web,0
case_000287,65.277653,9.998903,1,0.803399,0,0.006350022142,web,0
case_000288,12.253001,60.72132,2,0.692833,0,0.003996346528,web,0
case_000289,82.353387,258.675214,1,0.834905,0,0.002416580721,web,0
case_000290,22.082925,1207.564733,1,0.631234,0,0.001864033078,in_store,0
case_000291,70.593163,1975.769225,2,0.593376,0,0.008070382452,web,0
case_000292,8.087341,318.746757,4,0.76463,0,0.00211534434,in_store,0
case_000293,132.844754,556.979148,3,0.437388,0,0.051268805077,in_store,0
case_000294,127.697868,897.983331,1,0.894603,0,0.00153766689,web,0
case_000295,27.637039,1222.536089,1,0.559583,0,0.004283147816,web,0
case_000296,33.325278,261.52001,1,0.886477,0,0.001463924245,mobile,0
case_000297,44.575259,948.260358,3,0.616437,0,0.007447977171,in_store,0
case_000298,4.232486,472.128776,2,0.779503,0,0.000548281036,in_store,0
case_000299,46.145045,253.456956,0,0.651092,0,0.003570405624,web,0
case_000300,8.027845,76.157198,3,0.403887,0,0.025724623922,web,0
case_000301,60.952093,592.259383,0,0.467961,0,0.015423932035,mobile,0
case_000302,157.555254,870.869825,1,0.913151,0,0.001232679886,in_store,0
case_000303,68.913159,607.812539,1,0.85431,0,0.001161270754,in_store,0
case_000304,77.099389,204.957652,3,0.753486,0,0.007011825703,in_store,0
case_000305,8.748642,124.287929,2,0.896839,0,0.001113073272,mobile,0
case_000306,4.591722,764.331931,0,0.871934,0,0.000163472986,web,0
case_000307,299.679071,1172.012533,1,0.801903,0,0.004396219545,web,0
case_000308,40.228503,261.091129,4,0.553368,0,0.028056481347,web,0
case_000309,22.467469,137.173613,1,0.79366,0,0.001285856533,in_store,0
case_000310,31.444437,2332.361637,2,0.92371,0,0.000587606281,web,0
case_000311,37.219609,333.073745,1,0.603841,0,0.004455535969,in_store,0
case_000312,65.504226,1068.65058,2,0.883844,0,0.001174566417,in_store,0
case_000313,112.906915,582.69294,2,0.472603,1,0.095437350566,in_store,0
case_000314,17.655567,322.11405,0,0.597825,0,0.002545559313,web,0
case_000315,24.841712,1389.639845,1,0.46681,0,0.005361973947,in_store,0
case_000316,26.537719,1773.686411,3,0.900028,0,0.000982183208,web,0
case_000317,12.259084,3554.212035,0,0.717444,0,0.000374372225,in_store,0
case_000318,28.537739,286.827475,1,0.876196,0,0.000720105415,in_store,0
case_000319,21.88163,160.324184,2,0.383486,1,0.153136258689,mobile,0
case_000320,83.150911,2063.947811,2,0.332065,0,0.043691182967,web,0
case_000321,52.897977,150.229477,1,0.700492,0,0.003839312494,in_store,0
case_000322,185.587924,1449.203871,4,0.465024,0,0.108075689129,mobile,0
case_000323,90.38383,136.233976,3,0.847841,0,0.004857683024,in_store,0
case_000324,49.055009,853.99472,2,0.633338,0,0.006372464346,web,0
case_000325,96.310245,1680.249708,1,0.877937,0,0.001185863609,web,0
case_000326,73.337148,175.620255,3,0.848483,0,0.003934121236,in_store,0
case_000327,150.36269,149.655973,1,0.249386,0,0.112354473798,in_store,0
case_000328,4.470963,493.395607,4,0.624343,0,0.003215446319,in_store,0
case_000329,59.318011,335.409472,1,0.613481,0,0.007211501335,web,0
case_000330,379.274333,1535.981407,1,0.634766,0,0.013332017099,web,0
case_000331,14.956514,410.284333,0,0.719564,0,0.001003081887,web,0
case_000332,34.615894,303.624796,2,0.796364,0,0.003726685365,mobile,0
case_000333,9.292024,1500.315682,1,0.830792,0,0.000297835297,in_store,0
case_000334,35.027394,114.600089,0,0.887934,0,0.000670741719,in_store,0
case_000335,16.917721,18.632519,1,0.416523,0,0.019759068731,in_store,0
case_000336,45.632377,67.439643,2,0.842896,0,0.003440639719,web,0
case_000337,29.922316,957.15186,1,0.387052,0,0.014074137979,web,0
case_000338,184.401188,741.490397,2,0.708079,0,0.007582878131,in_store,0
case_000339,122.239596,239.39858,2,0.861119,0,0.003118465929,in_store,0
case_000340,59.810162,641.488147,1,0.917948,0,0.000900922247,web,0
case_000341,63.793535,847.884605,0,0.901724,0,0.000646907009,web,0
case_000342,20.900963,935.479217,1,0.898458,0,0.000365795908,in_store,0
case_000343,127.266084,161.769251,0,0.702283,0,0.005649341619,web,0
case_000344,78.956222,353.57954,0,0.580194,0,0.005531244155,in_store,0
case_000345,25.100448,285.170016,2,0.88302,0,0.001212422443,web,0
case_000346,38.282446,194.682128,0,0.609198,0,0.004444421121,web,0
case_000347,3.253871,570.253831,1,0.756925,0,0.000352722858,in_store,0
case_000348,4.758458,2310.83755,3,0.846364,0,0.000358347749,in_store,0
case_000349,38.097905,353.214651,2,0.659452,0,0.004650310629,in_store,0
case_000350,66.241066,556.233831,1,0.648624,0,0.005372626109,web,0
case_000351,10.889726,48.189779,4,0.607623,0,0.021786019868,mobile,0
case_000352,81.145793,495.298699,2,0.874636,0,0.00178445387,in_store,0
case_000353,128.559481,1349.315065,2,0.822657,0,0.003179803161,web,0
case_000354,127.000711,354.533081,1,0.841899,0,0.002788337572,web,0
case_000355,53.892726,313.363448,2,0.93496,0,0.001076757274,in_store,0
case_000356,130.29161,41.867888,1,0.723668,0,0.008517684735,in_store,0
case_000357,16.517578,6.028588,2,0.59993,0,0.012459869165,in_store,0
case_000358,9.918827,372.503121,2,0.747592,1,0.005990154273,web,0
case_000359,6.271559,350.429368,1,0.692441,0,0.001105601144,web,0
case_000360,11.932425,486.215974,1,0.494922,1,0.029517560509,mobile,0
case_000361,138.899026,50.38737,0,0.899935,0,0.002440344703,web,0
case_000362,7.355628,1329.196879,5,0.81704,0,0.001812058363,web,0
case_000363,29.938041,658.418263,1,0.772799,0,0.002127142535,mobile,0
case_000364,75.016145,263.677062,3,0.746631,0,0.01272961349,mobile,0
case_000365,18.449569,3940.530409,1,0.652581,0,0.001034624527,in_store,0
case_000366,35.279802,693.085417,1,0.84868,0,0.000756146618,in_store,0
case_000367,110.771367,241.517676,1,0.405346,0,0.033002574017,in_store,0
case_000368,88.347593,86.889602,2,0.600171,0,0.021840223915,web,0
case_000369,16.046737,2003.308742,1,0.701346,0,0.001632631653,mobile,0
case_000370,85.955932,187.221973,1,0.437964,0,0.024825731636,in_store,0
case_000371,30.300729,468.369294,2,0.848825,0,0.001139053428,in_store,0
case_000372,45.89697,230.362786,3,0.812698,0,0.003372779943,in_store,0
case_000373,8.164763,2235.166474,4,0.7527,0,0.002488370387,mobile,0
case_000374,110.602793,1149.998303,1,0.858009,0,0.002443316744,mobile,0
case_000375,4.731078,1793.393143,2,0.523528,0,0.002502445971,web,0
case_000376,34.180107,450.479695,2,0.771599,0,0.002012267038,in_store,0
case_000377,31.478326,355.110835,0,0.651997,0,0.002528965536,web,0
case_000378,10.7851,16.772925,1,0.533361,0,0.00968236559,web,0
case_000379,27.661847,200.903603,0,0.45336,0,0.007379256497,in_store,0
case_000380,27.371494,1503.545292,2,0.688978,0,0.002064106874,in_store,0
case_000381,30.863301,280.892515,0,0.453299,0,0.009195428944,web,0
case_000382,26.604658,169.777685,3,0.628342,0,0.008224816548,in_store,0
case_000383,78.917732,903.033446,2,0.669291,0,0.005292102775,in_store,0
case_000384,40.770588,1152.611202,2,0.763834,0,0.002305955965,web,0
case_000385,92.084062,471.012488,2,0.515852,1,0.069877664003,in_store,0
case_000386,48.730516,279.660013,2,0.721232,0,0.003958029684,in_store,0
case_000387,25.275648,1588.735488,2,0.586321,0,0.004700683328,web,0
case_000388,19.853598,1015.654955,2,0.424072,0,0.009842916735,in_store,0
case_000389,14.006028,31.881161,3,0.572014,0,0.01620691073,web,0
case_000390,29.892367,139.413489,2,0.87466,0,0.001366078734,in_store,0
case_000391,9.891581,224.585557,4,0.847335,0,0.002017517941,web,0
case_000392,48.708244,698.993806,1,0.522668,0,0.009042562204,web,0
case_000393,25.287836,90.779128,3,0.677096,0,0.013417310505,mobile,0
case_000394,19.366655,115.493379,3,0.450269,0,0.028875288619,web,0
case_000395,54.514126,1165.083642,3,0.856429,0,0.001789443199,in_store,0
case_000396,87.911052,2707.846167,2,0.816996,0,0.00210748653,web,0
case_000397,73.370258,639.255997,2,0.794879,0,0.003277816604,web,0
case_000398,62.156019,2384.032664,2,0.63592,0,0.008053079993,mobile,0
case_000399,28.942702,74.225211,0,0.839307,0,0.00091335828,in_store,0
case_000400,15.949516,279.211611,1,0.734691,0,0.001224253816,in_store,0
case_000401,3.404146,476.605862,1,0.770017,0,0.000350249372,in_store,0
case_000402,24.760288,120.120427,2,0.938271,0,0.000852069851,in_store,0
case_000403,157.701919,820.987605,3,0.878396,0,0.003413445442,in_store,0
case_000404,45.716564,1097.849711,0,0.716797,0,0.002294909491,mobile,0
case_000405,97.098896,202.873508,4,0.746968,0,0.012513383608,in_store,0
case_000406,1.935744,193.04774,3,0.519865,0,0.003653977007,in_store,0
case_000407,56.838985,445.205377,3,0.578921,0,0.017416141723,web,0
case_000408,32.985839,1270.541053,0,0.726901,0,0.000877733512,in_store,0
case_000409,20.487304,1941.005771,1,0.545504,0,0.003394383662,web,0
case_000410,98.188009,377.286163,4,0.370527,0,0.125787922252,web,0
case_000411,17.279255,329.461081,2,0.501956,0,0.014690402099,mobile,1
case_000412,19.189391,956.837443,1,0.850009,0,0.00089326137,mobile,0
case_000413,69.289806,191.349802,1,0.752413,0,0.003077143186,in_store,0
case_000414,387.036292,395.610572,0,0.700763,0,0.007024698526,in_store,0
case_000415,26.153282,49.311257,1,0.834956,0,0.00188177912,web,0
case_000416,29.173436,69.364668,3,0.921541,0,0.002332715199,web,0
case_000417,37.88403,643.9861,0,0.440915,0,0.008885703646,web,0
case_000418,6.664824,672.994056,1,0.84712,0,0.000360123565,web,0
case_000419,37.583567,182.598616,3,0.934184,0,0.001912713982,web,0
case_000420,19.384546,321.82288,1,0.605811,0,0.005652239543,mobile,0
case_000421,32.459144,123.73611,0,0.924978,0,0.000636918382,web,0
case_000422,81.670033,529.314207,1,0.956316,0,0.00091523629,web,0
case_000423,196.769537,691.694763,2,0.715929,0,0.007682579123,in_store,0
case_000424,3.54685,1202.135256,3,0.628291,1,0.005859843142,in_store,0
case_000425,152.655908,472.638365,4,0.864043,0,0.006341600192,in_store,0
case_000426,8.455619,348.584726,1,0.753737,0,0.000697638126,in_store,0
case_000427,25.142697,2824.351534,1,0.965689,0,0.00025088525,web,0
case_000428,12.793979,262.304878,1,0.808916,0,0.000686059822,in_store,0
case_000429,38.913703,221.425329,4,0.786781,0,0.005340336471,in_store,0
case_000430,154.729607,99.808948,1,0.870576,0,0.003820003101,web,0
case_000431,5.480108,1815.058267,1,0.615263,1,0.003243546457,in_store,0
case_000432,52.266644,70.143662,0,0.677602,0,0.004743989132,web,0
case_000433,47.487379,471.944788,3,0.64,0,0.010496699324,web,0
case_000434,3.29481,402.771609,1,0.902733,0,0.00020274717,web,0
case_000435,79.497469,1928.582851,2,0.877496,0,0.001164897526,in_store,0
case_000436,66.571413,632.629842,1,0.920652,0,0.000741929737,in_store,0
case_000437,30.323019,909.92141,0,0.918598,0,0.000530506801,mobile,0
case_000438,7.521627,533.841324,1,0.516807,0,0.002527677555,in_store,0
case_000439,16.907242,67.433076,1,0.796113,0,0.001673444524,web,0
case_000440,2.350784,1349.021232,2,0.808016,0,0.000324825319,web,0
case_000441,21.968346,714.54098,3,0.872024,0,0.001354819828,web,0
case_000442,67.036315,617.588362,2,0.627443,0,0.006904612391,in_store,0
case_000443,15.993771,1056.508864,2,0.906696,0,0.000421173473,in_store,0
case_000444,61.736008,1010.528226,3,0.630293,1,0.041497158377,web,0
case_000445,23.979631,973.815863,2,0.92718,0,0.000933220937,mobile,0
case_000446,179.088125,2308.033065,2,0.388328,0,0.038212774372,in_store,0
case_000447,52.621859,232.739246,1,0.567706,0,0.009863191465,web,0
case_000448,90.146601,480.434001,2,0.332729,0,0.053988462682,in_store,0
case_000449,14.114835,37.661028,3,0.843171,1,0.011621112862,web,0
case_000450,43.950633,76.612443,2,0.794414,0,0.003414841975,in_store,0
case_000451,66.124359,732.765131,2,0.857122,0,0.001558134822,in_store,0
case_000452,52.649893,974.809383,3,0.77979,0,0.002972672596,in_store,0
case_000453,19.737147,677.457215,2,0.489143,0,0.007366021988,in_store,0
case_000454,36.737475,128.106402,1,0.847697,0,0.001635448117,web,0
case_000455,25.96104,394.485126,2,0.723788,0,0.003042592576,web,0
case_000456,36.461493,226.581758,0,0.703402,0,0.002293632691,web,0
case_000457,20.495277,1037.291073,0,0.477234,0,0.003283574033,in_store,0
case_000458,61.011987,932.208537,2,0.856595,0,0.001777036296,web,0
case_000459,172.589195,695.292256,0,0.631969,0,0.005441038509,in_store,0
case_000460,49.695089,2165.126782,2,0.852782,1,0.00504763378,web,0
case_000461,120.909761,582.817357,0,0.61342,0,0.006556431031,web,0
case_000462,13.45437,405.76121,1,0.835509,0,0.000527667893,in_store,0
case_000463,78.941793,1640.672732,3,0.461044,0,0.03030562208,web,0
case_000464,85.10152,1628.935327,1,0.633971,0,0.003943208624,in_store,0
case_000465,25.084022,587.138463,2,0.579959,0,0.005065076479,in_store,0
case_000466,264.735473,27.302524,4,0.508502,0,0.197134632742,web,0
case_000467,50.191411,822.282029,2,0.647124,0,0.004679253327,in_store,0
case_000468,39.246948,1319.857535,3,0.895561,0,0.001408205908,web,0
case_000469,40.091346,419.464791,2,0.873762,0,0.00120113892,in_store,0
case_000470,67.884919,157.992476,3,0.847988,0,0.003872877322,in_store,0
case_000471,10.227562,2104.88534,1,0.834483,0,0.000279036193,in_store,0
case_000472,8.139173,2.67445,1,0.600643,0,0.01269514674,mobile,0
case_000473,35.200622,1754.616942,1,0.967171,0,0.000274806513,in_store,0
case_000474,32.703638,511.254543,2,0.342861,0,0.026816096656,in_store,0
case_000475,14.850541,2160.902458,2,0.907019,0,0.000624524112,mobile,0
case_000476,29.438986,1713.374106,4,0.626657,0,0.00859336856,web,0
case_000477,19.615197,1413.367967,0,0.872459,0,0.000318039312,web,0
case_000478,22.694854,552.482783,1,0.872997,0,0.000526159493,in_store,0
case_000479,41.05087,77.418213,2,0.575846,1,0.049429889657,in_store,0
case_000480,20.247842,609.603183,0,0.819717,0,0.000859123233,mobile,0
case_000481,76.424463,423.19126,0,0.644493,1,0.017690756601,web,0
case_000482,12.316579,150.416627,0,0.825676,0,0.000917455541,mobile,0
case_000483,407.549505,363.530655,1,0.896492,0,0.003257149483,in_store,0
case_000484,24.924466,1141.082993,2,0.811937,0,0.001257058255,web,0
case_000485,97.303146,572.906765,2,0.798424,0,0.00590407682,mobile,0
case_000486,59.820688,1760.350084,2,0.767055,0,0.002549555989,web,0
case_000487,37.879858,504.031227,2,0.899705,0,0.000934243801,in_store,0
case_000488,25.558874,1193.568873,0,0.863469,0,0.000324500019,in_store,0
case_000489,41.544902,11.167432,3,0.831278,0,0.006632953447,in_store,0
case_000490,56.779867,164.65499,2,0.974949,0,0.001045223387,in_store,0
case_000491,16.475798,372.956583,0,0.697494,0,0.000978146453,in_store,0
case_000492,3.927711,159.990957,4,0.809936,0,0.001680044008,web,0
case_000493,40.397252,62.904897,2,0.847392,0,0.00315954461,web,0
case_000494,3.499937,161.760304,2,0.689331,0,0.001191438788,in_store,0
case_000495,8.931099,285.287306,1,0.572454,1,0.009528045266,in_store,0
case_000496,60.390003,23.332447,2,0.589773,0,0.026434516838,web,1
case_000497,14.180001,410.308714,1,0.94782,0,0.000345605518,web,0
case_000498,20.775193,503.072233,1,0.33139,0,0.01904017715,web,0
case_000499,37.407382,40.416225,2,0.794119,0,0.003708449051,in_store,0
case_000500,15.227581,183.492169,0,0.482666,0,0.008340197176,mobile,0
case_000501,119.690176,420.341565,2,0.75656,0,0.005011245063,in_store,0
case_000502,36.729376,155.917479,1,0.89653,0,0.000887294178,in_store,0
case_000503,61.860818,1110.874068,2,0.834142,0,0.002920849619,mobile,0
case_000504,65.819578,620.62767,0,0.639709,0,0.003705692485,web,0
case_000505,52.564895,494.047137,0,0.728504,0,0.001536901001,in_store,0
case_000506,4.536767,72.833045,3,0.617119,0,0.003982369932,in_store,0
case_000507,25.946321,391.092523,0,0.822044,0,0.001124095869,mobile,0
case_000508,101.227325,52.276502,3,0.992032,1,0.011265712475,in_store,0
case_000509,60.816544,697.281022,0,0.895314,0,0.000538488377,in_store,0
case_000510,225.258134,1508.257315,2,0.677615,0,0.008481966933,in_store,0
case_000511,15.304569,387.903893,2,0.914359,0,0.00052316654,in_store,0
case_000512,13.21256,381.502117,1,0.853826,0,0.000608426746,web,0
case_000513,27.323532,142.547121,1,0.965175,0,0.00049232009,in_store,0
case_000514,50.49232,1774.494775,1,0.921596,0,0.000587775268,web,0
case_000515,76.277055,516.122019,3,0.940312,0,0.002137076067,web,0
case_000516,97.430066,184.735659,2,0.850424,0,0.003105995962,in_store,0
case_000517,37.079729,512.301251,0,0.603235,0,0.00266238552,in_store,0
case_000518,9.795256,244.658947,4,0.755822,0,0.002697992781,in_store,0
case_000519,67.977817,1377.000179,3,0.418775,0,0.029418190648,in_store,0
case_000520,53.323658,2235.479702,2,0.564774,0,0.006071182307,in_store,0
case_000521,21.703385,2135.73192,0,0.49004,0,0.00486640084,mobile,0
case_000522,54.382724,110.345961,1,0.799574,0,0.002303738477,in_store,0
case_000523,134.319373,348.992107,3,0.714283,0,0.013987833721,web,0
case_000524,21.780258,134.354903,0,0.528211,1,0.017948349724,in_store,0
case_000525,20.529602,1218.740162,3,0.883432,0,0.000806788992,in_store,0
case_000526,316.887396,747.894851,3,0.765905,0,0.011043094891,in_store,0
case_000527,72.377002,537.508207,2,0.900103,0,0.001773173615,web,0
case_000528,39.069306,1503.811002,1,0.421631,0,0.009206606781,in_store,0
case_000529,20.416755,1399.566858,3,0.484477,0,0.00926770992,in_store,0
case_000530,25.715587,248.263928,2,0.677621,0,0.00359444993,in_store,0
case_000531,14.084652,66.552472,1,0.584961,0,0.004367392052,in_store,0
case_000532,14.781978,599.499803,3,0.704733,0,0.00247275001,in_store,0
case_000533,134.0764,505.447951,2,0.821022,0,0.006532574112,mobile,0
case_000534,4.990014,251.566208,1,0.757172,0,0.001068423057,mobile,0
case_000535,110.580264,371.704515,4,0.808768,0,0.0077916843,in_store,0
case_000536,72.964803,459.177575,1,0.70439,0,0.004270149614,web,0
case_000537,7.878585,153.940629,0,0.714313,0,0.000733339845,in_store,0
case_000538,198.635436,412.954075,2,0.818843,0,0.006071638062,web,0
case_000539,56.885064,1582.622578,0,0.839238,0,0.001104480212,mobile,0
case_000540,22.825352,226.276437,2,0.754998,0,0.002116529729,in_store,0
case_000541,18.738754,1008.564229,1,0.570574,0,0.004950614166,mobile,0
case_000542,11.243542,1367.054688,2,0.874556,0,0.000385968213,in_store,0
case_000543,40.434826,139.116048,3,0.839527,0,0.00304703101,in_store,0
case_000544,4.802064,917.652036,2,0.566367,0,0.001828464307,in_store,0
case_000545,17.900812,317.919877,1,0.654184,0,0.002091159017,in_store,0
case_000546,7.611736,113.682214,2,0.576849,0,0.00405241916,in_store,0
case_000547,17.756607,47.912258,0,0.464988,0,0.010086165411,web,0
case_000548,39.725799,159.357014,3,0.739129,0,0.005412472667,in_store,0
case_000549,49.054842,1650.476098,1,0.807285,0,0.001203377707,web,0
case_000550,8.287172,582.206505,0,0.511831,0,0.001816523144,in_store,0
case_000551,8.628238,32.192924,3,0.709986,0,0.00403183369,in_store,0
case_000552,8.34148,95.518247,2,0.827182,0,0.000942717145,in_store,0
case_000553,118.166301,340.863608,1,0.829227,0,0.00291383961,web,0
case_000554,84.381382,209.670824,4,0.798507,0,0.015668642967,mobile,0
case_000555,27.32348,706.78496,0,0.432314,0,0.007437811476,web,0
case_000556,8.516279,399.787335,2,0.501744,0,0.006150780225,web,0
case_000557,25.694313,91.396938,1,0.769952,0,0.001822449761,in_store,0
case_000558,10.209323,6.549488,5,0.838403,0,0.006721901183,in_store,0
case_000559,22.516785,82.664899,1,0.796988,0,0.00187335421,web,0
case_000560,6.812708,605.825101,1,0.666224,0,0.000906454314,in_store,0
case_000561,120.549793,480.26759,3,0.840564,0,0.0081029548,mobile,0
case_000562,12.459063,2017.566766,0,0.805259,0,0.000330718301,web,0
case_000563,4.956205,1692.22308,1,0.633045,0,0.000890047356,web,0
case_000564,27.032363,373.064717,1,0.63327,0,0.003767576712,web,0
case_000565,17.200837,400.601695,2,0.975343,0,0.000380328804,in_store,0
case_000566,119.521486,1471.091512,3,0.250693,0,0.108873099573,in_store,0
case_000567,12.029241,2.785325,1,0.887163,0,0.001791928885,web,0
case_000568,478.637375,39.450852,3,0.425631,0,0.222780796089,in_store,0
case_000569,131.257135,78.730343,0,0.775493,0,0.003505047658,in_store,0
case_000570,35.106097,22.665703,2,0.901652,0,0.002145059126,in_store,0
case_000571,51.872556,711.379787,1,0.75894,0,0.002153668425,web,0
case_000572,10.336209,1444.233431,1,0.341861,0,0.006766787748,in_store,0
case_000573,9.659599,445.846589,3,0.67756,0,0.003175902943,web,0
case_000574,44.853007,918.884919,4,0.846288,0,0.00267019193,in_store,0
case_000575,35.022486,130.238562,1,0.693595,0,0.003217040802,in_store,0
case_000576,45.787236,1,1,0.935637,0,0.005439645193,mobile,0
case_000577,321.079271,1005.051692,4,0.603234,0,0.051520607434,web,0
case_000578,20.317635,1286.692796,1,0.818491,0,0.000539832238,in_store,0
case_000579,157.117886,1058.906435,1,0.880093,0,0.00183389531,web,0
case_000580,25.036467,351.996152,0,0.91558,0,0.000330047692,in_store,0
case_000581,13.766052,22.929163,2,0.768705,0,0.005241267382,mobile,0
case_000582,14.212698,456.998479,4,0.727277,0,0.004308438289,web,0
case_000583,72.038514,191.031232,2,0.663977,0,0.008084603757,in_store,0
case_000584,68.850473,198.017569,3,0.837611,0,0.005009175056,web,0
case_000585,87.182796,881.205703,1,0.65873,0,0.005261919961,web,0
case_000586,13.29425,1586.595374,2,0.596509,0,0.00297560443,web,0
case_000587,150.550929,923.394153,2,0.781973,0,0.005061401696,web,0
case_000588,180.419618,829.759235,2,0.849977,0,0.005720346632,mobile,0
case_000589,14.889407,20.351254,2,0.459806,0,0.03789098418,mobile,0
case_000590,68.150704,1213.393636,1,0.346095,0,0.028215704343,web,0
case_000591,105.769199,1061.093445,2,0.882293,0,0.002073990663,web,0
case_000592,12.367572,346.055889,2,0.895352,0,0.001024849194,mobile,0
case_000593,149.729338,759.341666,4,0.771502,0,0.012414068315,web,0
case_000594,111.313086,2498.702805,1,0.605908,0,0.009392557588,mobile,0
case_000595,6.675349,745.976135,2,0.919063,0,0.00033049546,web,0
case_000596,16.840293,1050.617335,1,0.681159,0,0.002301092239,mobile,0
case_000597,13.094848,41.83396,3,0.223791,0,0.114312803287,web,0
case_000598,36.453756,1484.260179,2,0.577618,0,0.009464355556,mobile,0
case_000599,45.830961,474.873868,1,0.968296,0,0.000605954244,web,0
case_000600,17.895946,240.063401,1,0.4749,0,0.006923045212,in_store,0
case_000601,62.70974,76.078032,0,0.891945,0,0.001368365934,web,0
case_000602,7.317922,1832.224206,1,0.91825,0,0.000271313469,mobile,0
case_000603,14.751332,356.891957,1,0.756899,0,0.000946286424,in_store,0
case_000604,70.948202,847.862744,3,0.756809,0,0.005539571689,web,0
case_000605,7.468058,793.710137,2,0.858449,0,0.000753573953,mobile,0
case_000606,24.407012,546.580352,2,0.963313,0,0.000465225353,in_store,0
case_000607,28.575794,280.719328,3,0.371394,0,0.04575687311,web,0
case_000608,252.934149,186.950728,1,0.48715,0,0.036223887083,in_store,1
case_000609,23.912775,2877.751743,2,0.76138,0,0.000999492282,in_store,0
case_000610,54.800923,817.385576,1,0.764881,0,0.001608281924,in_store,0
case_000611,90.180874,404.782726,3,0.669009,0,0.020386740574,mobile,0
case_000612,52.550943,1037.559994,5,0.600235,0,0.036377148705,mobile,0
case_000613,26.457967,619.562254,2,0.526827,0,0.007170988421,in_store,0
case_000614,31.501608,995.800956,3,0.903548,0,0.001887176187,mobile,0
case_000615,193.81985,563.428659,0,0.865094,0,0.001458157734,in_store,0
case_000616,7.021999,106.75652,2,0.637155,0,0.003473066839,web,0
case_000617,16.182683,266.504362,2,0.905202,0,0.000639222116,in_store,0
case_000618,210.881636,217.974057,1,0.44684,0,0.050142630565,web,1
case_000619,70.725137,275.044557,6,0.727848,0,0.022863533785,in_store,0
case_000620,15.483354,579.484052,1,0.522839,0,0.004675774065,web,0
case_000621,125.711307,125.561397,1,0.511648,0,0.02872701235,web,0
case_000622,21.58485,246.866544,2,0.896891,0,0.001055439368,web,0
case_000623,254.104395,5.257764,1,0.923205,0,0.006619201757,in_store,0
case_000624,14.528523,1977.785233,0,0.757172,0,0.000735229328,mobile,0
case_000625,79.434032,448.701521,2,0.734724,0,0.005555807501,web,0
case_000626,131.488839,449.30516,0,0.80809,0,0.002220961947,web,0
case_000627,11.321115,318.334431,1,0.911805,0,0.000316908501,in_store,0
case_000628,27.860634,25.073209,5,0.799113,0,0.011021257115,in_store,0
case_000629,6.36821,724.055909,1,0.732816,0,0.000546594282,in_store,0
case_000630,79.95899,157.43085,0,0.713751,0,0.003068612975,in_store,0
case_000631,9.977007,1812.039102,1,0.66609,0,0.001055767126,web,0
case_000632,61.426291,659.170856,0,0.639749,0,0.003483685776,web,0
case_000633,73.515337,65.581542,2,0.764723,0,0.005955984706,in_store,0
case_000634,100.752757,1755.893332,1,0.811983,0,0.001417133006,in_store,0
case_000635,23.919673,130.327696,3,0.558243,0,0.016397085842,web,0
case_000636,35.441336,400.449683,3,0.915825,0,0.001645791651,web,0
case_000637,358.050964,372.310267,1,0.956525,0,0.002046182855,in_store,0
case_000638,56.227089,206.70467,0,0.615915,0,0.004166693765,in_store,0
case_000639,269.479304,162.804389,1,0.868765,0,0.003739339299,in_store,0
case_000640,25.102537,296.733255,0,0.736169,0,0.001065424806,in_store,0
case_000641,39.290848,655.565812,0,0.729171,0,0.001171762545,in_store,0
case_000642,13.938773,1417.519601,2,0.578332,0,0.00354307426,web,0
case_000643,122.816256,280.427539,3,0.787627,0,0.008941846171,web,0
case_000644,23.29624,586.525354,2,0.701004,0,0.002921630657,web,0
case_000645,32.926821,1182.394446,2,0.820067,0,0.001097044486,in_store,0
case_000646,14.118814,228.040819,0,0.791038,0,0.000572625298,in_store,0
case_000647,67.586529,197.352274,0,0.767461,0,0.001846737592,in_store,0
case_000648,117.3226,666.091959,3,0.768267,0,0.005950840747,in_store,0
case_000649,37.685556,11.696476,2,0.756393,0,0.006639202436,in_store,0
case_000650,106.007996,260.844388,0,0.766029,0,0.002293422128,in_store,0
case_000651,63.001524,1608.958077,3,0.294109,0,0.056723759585,in_store,1
case_000652,31.050009,1291.771478,3,0.820851,0,0.001517987172,in_store,0
case_000653,36.74366,136.845289,1,0.595748,0,0.007702197789,web,0
case_000654,21.87518,994.708936,2,0.956483,0,0.000380947142,in_store,0
case_000655,96.962695,54.178609,1,0.766528,0,0.009575699031,mobile,0
case_000656,41.424682,1498.602714,0,0.770061,0,0.000947254365,web,0
case_000657,58.491463,233.119866,1,0.505013,0,0.012126538304,in_store,0
case_000658,162.529883,683.224843,2,0.95393,0,0.001988126959,web,0
case_000659,43.968886,1048.602353,1,0.782314,0,0.001496998293,web,0
case_000660,22.191026,1345.911729,2,0.797631,0,0.001218581479,web,0
case_000661,35.47475,1642.408683,2,0.667568,0,0.00347171062,web,0
case_000662,48.370908,29.701451,1,0.755846,0,0.005238094434,web,0
case_000663,43.039517,1415.746957,1,0.805188,0,0.000913952219,in_store,0
case_000664,33.745428,538.389068,0,0.808596,0,0.00068637989,in_store,0
case_000665,21.820463,382.354704,2,0.759453,0,0.00171917277,in_store,0
case_000666,14.621781,2722.00166,1,0.657126,0,0.000971525485,in_store,0
case_000667,369.983914,99.102154,4,0.475209,0,0.206232757963,web,1
case_000668,31.187104,493.96797,2,0.815096,0,0.001409725688,in_store,0
case_000669,2.055029,17.723927,2,0.916119,0,0.000541930487,web,0
case_000670,52.288885,275.723691,1,0.692291,0,0.003364933507,in_store,0
case_000671,81.353615,1836.666602,2,0.700658,0,0.003612766444,in_store,0
case_000672,18.532197,243.946975,3,0.823808,0,0.00225117659,web,0
case_000673,557.928449,2375.58422,0,0.792684,0,0.005704380539,mobile,0
case_000674,30.094559,2043.989998,1,0.926194,0,0.000394936443,web,0
case_000675,9.631681,267.649822,4,0.747368,0,0.005242366325,mobile,0
case_000676,42.102814,74.662576,1,0.747902,0,0.005776182893,mobile,0
case_000677,11.715316,73.658322,2,0.64002,0,0.003987042902,in_store,0
case_000678,103.255953,583.463505,1,0.814095,0,0.001957559785,in_store,0
case_000679,57.208402,1304.669414,1,0.597231,0,0.004102859787,in_store,0
case_000680,42.988362,1165.524386,2,0.731758,0,0.002903015691,web,0
case_000681,9.47284,502.92971,2,0.72301,0,0.001202131042,in_store,0
case_000682,22.147401,1288.701976,3,0.895404,0,0.000991169964,web,0
case_000683,24.184213,165.238333,3,0.930812,0,0.001524494986,web,0
case_000684,22.297852,112.608678,2,0.485329,0,0.013616876001,in_store,0
case_000685,7.363507,347.331322,3,0.753705,0,0.001814866362,web,0
case_000686,13.53329,282.475007,2,0.5463,0,0.005286787363,in_store,0
case_000687,78.159198,1120.584646,1,0.542838,0,0.013955158128,mobile,0
case_000688,10.068711,1672.734911,0,0.681461,0,0.000519236595,in_store,0
case_000689,20.954365,565.093816,2,0.838921,0,0.000911317629,in_store,0
case_000690,6.695345,395.669631,3,0.289715,0,0.022932242074,in_store,0
case_000691,52.631536,2390.145092,1,0.956898,0,0.000661999721,mobile,0
case_000692,15.252319,858.825968,1,0.729532,1,0.006852486688,mobile,0
case_000693,17.943172,509.119117,1,0.921499,0,0.000344110539,in_store,0
case_000694,14.497709,1023.595579,0,0.794692,0,0.000703728076,mobile,0
case_000695,13.772592,213.205279,1,0.774096,0,0.001215371799,web,0
case_000696,196.422133,205.049094,0,0.732099,0,0.008616944554,mobile,0
case_000697,40.993639,1463.557092,2,0.869395,0,0.000870254291,in_store,0
case_000698,119.381335,2432.189126,0,0.852315,0,0.000968938966,web,0
case_000699,5.781959,845.639459,4,0.693927,1,0.015692758765,mobile,0
case_000700,16.26014,418.957691,1,0.787539,0,0.001515178592,mobile,0
case_000701,30.888067,497.152813,2,0.632996,0,0.005581135846,web,0
case_000702,13.951523,2018.254673,0,0.59759,0,0.001009062453,in_store,0
case_000703,18.068893,223.523823,1,0.781901,0,0.001049852977,in_store,0
case_000704,13.237322,849.196284,1,0.284388,0,0.024677559443,mobile,0
case_000705,126.317517,576.143261,1,0.441299,0,0.022520522113,in_store,0
case_000706,11.549898,133.840475,3,0.787292,0,0.002524354245,web,0
case_000707,34.443622,94.980221,0,0.652755,0,0.003899688186,web,0
case_000708,10.641931,431.122821,2,0.728917,0,0.001297849748,in_store,0
case_000709,27.948601,2930.131392,2,0.921189,0,0.000403981387,in_store,0
case_000710,84.45408,3664.816325,2,0.962808,0,0.000589590418,in_store,0
case_000711,6.906775,686.394817,2,0.822727,0,0.000939770897,mobile,0
case_000712,37.105437,212.303082,1,0.750212,0,0.002035352107,in_store,0
case_000713,36.801424,647.320289,1,0.722976,0,0.002228335632,web,0
case_000714,11.470688,429.297236,3,0.839229,0,0.001296991487,web,0
case_000715,133.533459,113.752003,2,0.558935,0,0.049455913274,mobile,0
case_000716,13.378619,2827.785727,1,0.937876,0,0.000157587061,in_store,0
case_000717,42.120405,1141.481195,1,0.925519,0,0.000581194657,web,0
case_000718,149.544085,44.863553,1,0.843556,0,0.005557052782,web,0
case_000719,23.885981,914.110449,0,0.574849,0,0.00389722812,mobile,0
case_000720,65.27222,2192.729265,1,0.769587,0,0.001681819861,web,0
case_000721,11.231417,513.1983,3,0.876524,0,0.0014365823,mobile,0
case_000722,29.312252,407.729217,2,0.934115,0,0.000681867004,in_store,0
case_000723,14.860752,326.848466,2,0.743424,0,0.001570372981,in_store,0
case_000724,282.825467,72.219299,1,0.839319,0,0.005853149978,in_store,0
case_000725,36.777042,381.323587,2,0.5734,0,0.014443740118,mobile,0
case_000726,297.598291,245.186106,1,0.389553,0,0.066324742566,in_store,0
case_000727,13.037968,910.883005,0,0.785115,0,0.000378518041,in_store,0
case_000728,88.504645,756.695327,2,0.938878,0,0.002137445168,mobile,0
case_000729,8.475102,1214.801755,3,0.741277,0,0.001477800582,web,0
case_000730,22.510561,223.700141,2,0.388657,0,0.020401200832,in_store,0
case_000731,3.604084,40.078344,2,0.825301,0,0.000772756913,in_store,0
case_000732,77.056126,255.987276,0,0.621788,0,0.004616455906,in_store,0
case_000733,16.787407,15.573309,1,0.836998,0,0.001520046563,in_store,0
case_000734,2.143737,36.644008,2,0.7089,0,0.002448566232,mobile,0
case_000735,10.263155,690.872805,2,0.451168,0,0.008013332741,web,0
case_000736,93.243728,189.658956,6,0.846128,0,0.01872641892,web,0
case_000737,41.553668,876.589747,5,0.790079,0,0.005412710951,in_store,0
case_000738,18.62067,1286.460458,1,0.45457,0,0.004951615958,in_store,0
case_000739,9.246757,297.880662,5,0.90559,0,0.001838749485,web,0
case_000740,170.951941,1804.232135,2,0.822368,0,0.002741155625,in_store,0
case_000741,58.337883,334.893001,0,0.812355,0,0.001398627651,web,0
case_000742,12.831121,345.955692,1,0.57846,0,0.00267206959,in_store,0
case_000743,121.795759,154.725203,2,0.758277,0,0.006691327508,in_store,0
case_000744,33.570162,1147.308512,0,0.795153,0,0.0005969697,in_store,0
case_000745,82.49801,245.755631,2,0.670257,0,0.010100052059,web,0
case_000746,32.992521,122.345205,1,0.79636,0,0.002133265137,web,0
case_000747,28.908038,151.176894,0,0.753592,0,0.001629269837,web,0
case_000748,56.300019,917.786469,0,0.615732,0,0.002709775848,in_store,0
case_000749,24.060238,565.094172,4,0.745524,0,0.007433805829,mobile,0
case_000750,95.090593,537.872242,3,0.593437,0,0.016325122476,in_store,0
case_000751,57.560265,218.268298,3,0.837135,0,0.006487657723,mobile,0
case_000752,15.836874,422.089492,2,0.609408,0,0.004483614143,web,0
case_000753,22.946279,743.982618,2,0.729526,1,0.007106355326,in_store,0
case_000754,125.463179,1295.333549,1,0.846527,0,0.001437204964,in_store,0
case_000755,54.084121,482.031278,1,0.481415,0,0.010836484781,in_store,0
case_000756,164.436849,121.382139,1,0.604041,1,0.074806910935,web,0
case_000757,31.831187,1831.313229,0,0.618164,0,0.001952470129,web,0
case_000758,37.012953,336.786871,3,0.961403,0,0.001042655363,in_store,0
case_000759,8.50662,693.615527,3,0.570846,0,0.003930323842,in_store,0
case_000760,33.765068,253.75525,4,0.729278,0,0.008602398577,web,0
case_000761,47.290589,146.740744,0,0.82539,0,0.001116227254,in_store,0
case_000762,76.913645,1959.523691,4,0.612395,1,0.09218799648,mobile,0
case_000763,10.513618,81.033008,1,0.69315,0,0.003376155984,mobile,0
case_000764,3.463941,326.712434,3,0.76047,0,0.000917893411,in_store,0
case_000765,115.828543,1033.527365,3,0.924992,0,0.003743362518,mobile,0
case_000766,53.895652,446.192536,1,0.343079,0,0.032955569018,web,0
case_000767,22.369468,1089.484491,2,0.566204,0,0.004295637508,in_store,0
case_000768,22.279358,4.271277,0,0.603363,1,0.028997497077,in_store,0
case_000769,29.240931,101.216165,1,0.951993,0,0.000615857525,in_store,0
case_000770,66.216166,253.140079,1,0.291068,0,0.059660032171,web,0
case_000771,34.06455,1221.480475,1,0.461748,0,0.006995732191,in_store,0
case_000772,22.870817,3368.892061,3,0.409601,0,0.012254881375,in_store,0
case_000773,224.071291,67.796968,2,0.445712,0,0.10297530064,web,0
case_000774,13.465418,836.546042,2,0.854526,0,0.000722064823,web,0
case_000775,134.790051,68.275801,0,0.732535,0,0.006222005465,web,0
case_000776,29.258488,337.064751,1,0.763236,0,0.001813559535,web,0
case_000777,29.671178,663.107559,0,0.614222,0,0.002572509968,web,0
case_000778,40.226189,15.413321,1,0.736071,0,0.009401034736,mobile,0
case_000779,28.53284,2010.79706,2,0.729156,0,0.001944561504,web,0
case_000780,5.008112,328.01379,4,0.965777,0,0.000586426369,web,0
case_000781,222.504403,106.067297,1,0.611634,0,0.034622713816,mobile,0
case_000782,40.560272,53.552314,0,0.816529,0,0.001430539437,in_store,0
case_000783,61.223213,1121.091896,1,0.547144,0,0.00611199542,in_store,0
case_000784,51.057186,231.427726,4,0.428708,1,0.314464295163,mobile,1
case_000785,67.534362,1444.272883,1,0.786919,0,0.001357175939,in_store,0
case_000786,124.508332,1560.988408,1,0.902092,0,0.000957522911,in_store,0
case_000787,183.101866,2.249221,0,0.707558,0,0.016674444003,in_store,0
case_000788,15.03776,336.894996,0,0.592773,0,0.002350896616,web,0
case_000789,119.264719,395.258532,3,0.907162,0,0.003781479119,web,0
case_000790,51.716206,543.796176,2,0.857389,0,0.001450233958,in_store,0
case_000791,235.696597,291.864343,2,0.757861,0,0.016218036879,mobile,0
case_000792,33.677964,642.068216,1,0.821005,0,0.001708145313,mobile,0
case_000793,55.904915,608.333213,1,0.959954,0,0.000525087164,in_store,0
case_000794,167.44958,505.346733,1,0.818406,0,0.0027120542,in_store,0
case_000795,264.803594,465.98684,3,0.477933,0,0.064550499882,in_store,0
case_000796,27.762997,35.501032,2,0.683957,0,0.008113974867,web,0
case_000797,29.718587,707.956725,2,0.551512,0,0.006364085612,in_store,0
case_000798,54.053169,155.022832,4,0.603976,0,0.028689031304,web,0
case_000799,17.610998,27.351493,0,0.831526,0,0.001790765829,mobile,0
case_000800,16.157392,1260.800866,2,0.733053,0,0.001190646406,in_store,0
case_000801,8.346921,398.761821,3,0.808351,0,0.00103805145,in_store,0
case_000802,12.755868,954.29109,2,0.92423,0,0.000435149686,web,0
case_000803,9.13653,313.835761,0,0.791822,0,0.000514261234,web,0
case_000804,6.849767,992.768842,2,0.673268,0,0.001115848165,in_store,0
case_000805,35.748813,720.151046,0,0.629422,0,0.002001558098,in_store,0
case_000806,60.536003,102.260144,2,0.493931,0,0.02466680118,in_store,0
case_000807,19.44159,630.979412,1,0.570774,0,0.005793757866,mobile,0
case_000808,105.471878,1602.113264,1,0.865181,0,0.001075380859,in_store,0
case_000809,112.606047,9.189462,2,0.684868,0,0.041222147457,mobile,1
case_000810,94.670021,644.359098,2,0.694992,0,0.005587542265,in_store,0
case_000811,10.903048,566.133761,1,0.723786,0,0.000848305575,in_store,0
case_000812,9.514101,1690.48476,3,0.722397,0,0.002408361572,mobile,0
case_000813,25.748615,31.560018,1,0.86264,0,0.001386589378,in_store,0
case_000814,48.80072,753.700051,2,0.701303,0,0.004316087916,web,0
case_000815,12.408563,2320.274149,2,0.959807,1,0.000834935696,in_store,0
case_000816,20.428729,761.351736,1,0.460592,0,0.005878398776,in_store,0
case_000817,9.028731,415.891523,1,0.897278,0,0.000280867338,in_store,0
case_000818,12.423366,1568.375775,1,0.577035,0,0.001704179951,in_store,0
case_000819,6.504117,1690.944106,1,0.752105,0,0.000491729741,web,0
case_000820,38.511417,298.833971,0,0.600188,0,0.00416849407,web,0
case_000821,17.434253,238.595211,2,0.387153,0,0.017310589546,in_store,0
case_000822,93.455443,196.546281,5,0.796153,0,0.013409114106,in_store,0
case_000823,100.416457,859.786782,1,0.662566,0,0.008426519296,mobile,0
case_000824,10.791683,305.370323,2,0.76129,0,0.001181885854,in_store,0
case_000825,10.78005,183.174821,0,0.930885,0,0.000216574467,in_store,0
case_000826,7.246376,282.296522,0,0.3705,0,0.005004730708,in_store,0
case_000827,45.831077,1186.149526,1,0.927748,0,0.000598011477,web,0
case_000828,9.255212,1086.670269,2,0.837569,0,0.000887250438,mobile,0
case_000829,33.492167,277.608535,0,0.385241,0,0.01478133393,web,0
case_000830,39.305442,2234.375595,2,0.732522,0,0.002259381759,web,0
case_000831,237.486868,255.30221,1,0.453157,0,0.049738901093,web,0
case_000832,120.229366,155.972953,2,0.953007,0,0.001969581011,in_store,0
case_000833,58.940063,345.395745,1,0.703436,0,0.003173698516,in_store,0
case_000834,101.390808,4000,1,0.943349,0,0.000492898136,in_store,0
case_000835,47.370898,753.533717,0,0.773882,0,0.001230279207,web,0
case_000836,38.526005,364.090945,2,0.802791,0,0.002438885529,web,0
case_000837,32.02683,306.223251,3,0.950268,0,0.001048781536,in_store,0
case_000838,24.473699,1673.710261,5,0.759993,0,0.004978941262,web,0
case_000839,45.332011,218.587221,3,0.694209,0,0.013509941676,mobile,0
case_000840,79.733216,320.153524,3,0.496169,0,0.057167273399,mobile,0
case_000841,14.383118,30.946373,2,0.779808,0,0.002416533471,in_store,0
case_000842,7.166143,61.68902,1,0.680322,0,0.002124020351,web,0
case_000843,26.263972,310.75854,2,0.513541,0,0.009458785583,in_store,0
case_000844,54.011228,1008.904106,2,0.748952,0,0.002450128367,in_store,0
case_000845,25.842889,87.333208,3,0.665267,0,0.007775072787,in_store,0
case_000846,128.749638,161.691715,2,0.656036,0,0.016493140723,web,0
case_000847,45.740974,311.166597,3,0.625406,0,0.009877176183,in_store,0
case_000848,17.804498,68.664106,2,0.660685,0,0.004608020684,in_store,0
case_000849,78.721976,1035.740192,3,0.722764,0,0.005382923211,in_store,0
case_000850,813.049993,809.413916,4,0.455184,0,0.210519165734,web,0
case_000851,33.511477,153.791381,1,0.731635,0,0.002352740018,in_store,0
case_000852,31.228001,81.996635,3,0.987498,0,0.00119793624,in_store,0
case_000853,7.993565,180.390107,1,0.548105,0,0.003784243535,web,0
case_000854,58.792798,9.900744,1,0.687491,0,0.012214793777,web,0
case_000855,8.189376,12.751879,1,0.399133,0,0.015895521509,in_store,0
case_000856,27.162296,443.919174,2,0.493846,0,0.009845200723,in_store,0
case_000857,4.720508,25.740825,0,0.693356,0,0.001048338791,in_store,0
case_000858,84.077046,657.210686,4,0.52686,0,0.058573941775,mobile,0
case_000859,13.226965,732.24266,6,0.252521,0,0.133457519376,web,1
case_000860,60.060424,1415.694607,2,0.779479,0,0.001963878637,in_store,0
case_000861,9.018806,128.286162,3,0.70718,0,0.003637966964,web,0
case_000862,23.140483,359.516388,2,0.799253,0,0.001416036935,in_store,0
case_000863,66.610124,260.878395,1,0.550337,0,0.009632206826,in_store,0
case_000864,14.706027,649.47216,2,0.820502,0,0.001014026883,web,0
case_000865,240.23984,305.514354,1,0.851604,0,0.00322059137,in_store,0
case_000866,20.829209,37.635527,0,0.77228,0,0.001761842571,web,0
case_000867,72.951918,529.512896,2,0.881343,0,0.002012184159,web,0
case_000868,47.628766,499.23394,3,0.56756,0,0.012643834311,in_store,0
case_000869,39.638693,234.807954,2,0.654895,0,0.010520235557,mobile,0
case_000870,14.539388,52.638503,1,0.612844,0,0.005133061121,web,0
case_000871,25.536112,911.883861,5,0.886881,0,0.002767440902,web,0
case_000872,145.409716,25.588571,0,0.60355,0,0.014934711185,in_store,0
case_000873,25.769287,65.81211,1,0.524913,0,0.009213094175,in_store,0
case_000874,30.406387,588.408547,3,0.73193,0,0.004205273378,web,0
case_000875,135.101392,355.22874,4,0.789297,0,0.010122018683,in_store,0
case_000876,62.903099,66.131873,4,0.903702,0,0.006352382223,web,0
case_000877,98.819522,650.475933,1,0.482743,0,0.014441958684,in_store,0
case_000878,12.015124,3489.93967,1,0.417239,0,0.003584653334,in_store,0
case_000879,21.445361,786.986159,1,0.98974,0,0.000423189333,mobile,0
case_000880,13.409989,15.512525,1,0.912373,0,0.001586903876,mobile,0
case_000881,56.540629,106.419569,2,0.646035,0,0.011737889617,web,0
case_000882,23.7055,1254.026687,1,0.496566,0,0.004459176597,in_store,0
case_000883,51.139098,1117.412529,3,0.417654,0,0.049251291642,mobile,0
case_000884,177.971058,1861.703931,1,0.806391,0,0.002670622822,web,0
case_000885,19.404666,285.211148,1,0.730431,0,0.001409424766,in_store,0
case_000886,4.172636,2095.40251,4,0.213564,0,0.025906843713,in_store,0
case_000887,17.70445,1561.938136,1,0.844225,0,0.000512317946,web,0
case_000888,73.078147,287.034593,1,0.93449,0,0.000908962314,in_store,0
case_000889,33.920308,533.668082,3,0.775827,0,0.003525547325,web,0
case_000890,47.646912,291.853972,3,0.490927,0,0.030104871704,web,0
case_000891,76.187717,573.872463,1,0.927795,1,0.006149063248,mobile,0
case_000892,31.182601,1871.850033,1,0.874082,0,0.000573778886,web,0
case_000893,6.927678,169.977591,1,0.717832,0,0.00123104177,web,0
case_000894,66.683262,380.566663,2,0.722297,0,0.00439038375,in_store,0
case_000895,24.186291,216.253695,1,0.693558,0,0.002203614043,in_store,0
case_000896,19.619903,882.064951,2,0.919634,0,0.000464254082,in_store,0
case_000897,31.634488,885.302019,3,0.476477,0,0.0145620333,in_store,0
case_000898,37.693305,158.173226,0,0.92997,0,0.000492233081,in_store,0
case_000899,84.359825,165.436229,1,0.48352,0,0.019234485351,in_store,0
case_000900,10.758465,749.560321,1,0.904792,1,0.001302217147,web,0
case_000901,40.422988,65.270211,3,0.759061,0,0.008006739233,web,0
case_000902,28.966011,1540.101807,1,0.923657,0,0.000331332607,in_store,0
case_000903,49.377314,77.357237,0,0.574166,0,0.006599973718,in_store,0
case_000904,74.678677,40.125437,2,0.486095,0,0.048551252635,web,0
case_000905,83.051488,105.500509,5,0.826312,1,0.048224180597,in_store,0
case_000906,60.805906,100.614323,1,0.803703,0,0.002475774828,in_store,0
case_000907,21.270712,21.648029,1,0.793208,0,0.002110373738,in_store,0
case_000908,61.129642,161.078402,2,0.482115,0,0.02345990813,in_store,0
case_000909,20.292996,944.763431,3,0.576745,0,0.005836166646,in_store,0
case_000910,8.430975,1249.138857,2,0.825357,0,0.000870791157,mobile,0
case_000911,15.62831,550.875948,3,0.838381,1,0.005901292482,web,0
case_000912,86.82216,228.776289,3,0.847084,0,0.004095508674,in_store,0
case_000913,41.202216,1181.48456,1,0.809953,0,0.001167663281,web,0
case_000914,70.036684,371.614425,3,0.74485,1,0.023346607172,in_store,0
case_000915,164.837001,419.833558,1,0.981112,0,0.001026627996,in_store,0
case_000916,41.237203,5.989559,2,0.769977,0,0.007677086742,in_store,0
case_000917,271.60221,498.707059,6,0.475872,0,0.302490968294,mobile,0
case_000918,23.875016,2193.831018,1,0.901697,0,0.000303760238,in_store,0
case_000919,20.619018,140.975758,3,0.409896,0,0.028414121308,in_store,0
case_000920,37.093648,2656.036525,6,0.486451,0,0.064881035474,mobile,0
case_000921,42.233459,139.737972,1,0.594684,0,0.008411925968,web,0
case_000922,7.947805,683.169528,1,0.604024,0,0.001409471404,in_store,0
case_000923,58.530159,12.482083,1,0.627762,0,0.01655521431,web,0
case_000924,7.423507,2624.437603,1,0.451095,0,0.002378733842,in_store,0
case_000925,62.981689,150.020966,0,0.538211,0,0.015137400399,mobile,0
case_000926,192.466032,642.441245,1,0.735356,0,0.004641117405,in_store,0
case_000927,34.447677,695.722765,2,0.720263,0,0.004691759629,mobile,0
case_000928,53.425616,1386.959545,3,0.817568,0,0.002746012939,web,0
case_000929,50.388492,2636.077733,2,0.916669,1,0.003231335812,web,0
case_000930,29.260186,190.133631,0,0.576273,0,0.003616522167,in_store,0
case_000931,39.298272,59.925114,0,0.695218,0,0.003712433335,web,0
case_000932,48.972404,2396.128269,1,0.798784,0,0.000885888018,in_store,0
case_000933,59.883316,120.554227,3,0.608889,0,0.016998956235,in_store,0
case_000934,17.955479,551.202003,3,0.782997,0,0.00175146562,in_store,0
case_000935,21.939859,421.29528,1,0.870032,0,0.000567901024,in_store,0
case_000936,26.973107,2532.663983,2,0.900069,0,0.000900632632,mobile,0
case_000937,3.947125,411.400595,2,0.586925,1,0.014050506922,mobile,0
case_000938,39.044912,186.351948,0,0.686583,0,0.002814589871,web,0
case_000939,10.556111,527.942229,2,0.582577,0,0.003033809496,in_store,0
case_000940,3.3383,292.758652,2,0.56022,0,0.002192632051,in_store,0
case_000941,212.493415,368.973685,2,0.903669,0,0.003012955508,in_store,0
case_000942,14.394045,257.941695,4,0.742671,0,0.003629436848,in_store,0
case_000943,64.186751,64.529087,3,0.691797,0,0.012729452774,in_store,0
case_000944,13.026334,422.865401,4,0.736228,0,0.003954303116,web,0
case_000945,21.664478,1629.402373,3,0.910611,0,0.000646844407,in_store,0
case_000946,3.386279,229.505841,2,0.923813,0,0.000244747337,in_store,0
case_000947,36.117967,477.299432,0,0.886435,0,0.000873701108,mobile,0
case_000948,16.602354,1126.09447,0,0.719551,0,0.000620836654,in_store,0
case_000949,41.056573,422.936744,1,0.729744,0,0.003859548593,mobile,0
case_000950,67.574225,63.879978,2,0.942454,0,0.002412543049,web,0
case_000951,31.551266,1968.799722,1,0.566475,0,0.005780511541,mobile,0
case_000952,34.372461,414.280312,0,0.54862,0,0.003793556702,in_store,0
case_000953,17.983588,56.622716,0,0.844727,0,0.000709808686,in_store,0
case_000954,78.478055,2001.672603,0,0.926325,0,0.000493261824,web,0
case_000955,61.651591,2352.470181,1,0.541832,0,0.005118579912,in_store,0
case_000956,33.952156,50.21625,3,0.796878,0,0.004768069466,in_store,0
case_000957,89.859867,2309.300327,1,0.852172,0,0.000945973738,in_store,0
case_000958,82.598724,880.368092,1,0.699704,0,0.003071554993,in_store,0
case_000959,56.755135,98.87473,3,0.848183,0,0.003950183513,in_store,0
case_000960,78.823204,106.969527,2,0.646718,0,0.011249454937,in_store,0
case_000961,29.523217,956.763096,2,0.867239,0,0.000811446162,in_store,0
case_000962,24.447526,2656.917556,3,0.750868,0,0.001639667082,in_store,0
case_000963,3.561131,497.169206,0,0.576329,0,0.001028780112,web,0
case_000964,59.987081,27.87416,2,0.797508,0,0.01036573293,mobile,0
case_000965,47.146404,187.577447,2,0.952808,0,0.001026617469,in_store,0
case_000966,70.69447,581.004937,1,0.958832,0,0.001192092981,mobile,0
case_000967,139.968815,403.412033,1,0.896393,0,0.003033661064,mobile,0
case_000968,2.206803,568.375137,2,0.84069,0,0.000331069377,web,0
case_000969,28.639286,700.491112,1,0.486719,0,0.006313291618,in_store,0
case_000970,67.710945,1750.116669,4,0.60612,0,0.024203903067,mobile,0
case_000971,80.313346,464.92592,2,0.463624,0,0.023062155865,in_store,0
case_000972,26.006499,42.015192,3,0.343648,0,0.085092197135,web,0
case_000973,79.603337,1576.238953,3,0.75338,0,0.005088295298,web,0
case_000974,25.657316,433.200607,2,0.597054,0,0.005043949271,in_store,0
case_000975,41.184273,560.374519,3,0.791896,0,0.003554414588,web,0
case_000976,43.161929,39.58051,1,0.538008,0,0.01353437231,in_store,0
case_000977,108.597626,1178.638776,2,0.948528,0,0.001054331836,in_store,0
case_000978,73.770906,881.369413,2,0.957702,0,0.001085099077,web,0
case_000979,27.723781,153.141605,1,0.541659,0,0.008744402696,web,0
case_000980,117.066829,424.510994,1,0.830392,0,0.002102525765,in_store,0
case_000981,10.935926,292.90712,1,0.648298,0,0.001648725515,in_store,0
case_000982,7.378355,182.418484,1,0.761378,1,0.003851744013,web,0
case_000983,6.994637,1157.462792,2,0.754541,0,0.00083451703,web,0
case_000984,12.872257,846.416372,2,0.896557,0,0.000419510433,in_store,0
case_000985,42.2208,1004.445853,1,0.805562,0,0.000995437722,in_store,0
case_000986,29.319876,578.595913,3,0.72145,0,0.00343707857,in_store,0
case_000987,30.02353,132.754343,0,0.658818,0,0.002437793563,in_store,0
case_000988,48.601956,438.694985,1,0.552291,0,0.006708568303,in_store,0
case_000989,35.752253,384.984102,1,0.713528,0,0.004020735898,mobile,0
case_000990,34.552613,2366.18505,2,0.886616,0,0.00116745515,mobile,0
case_000991,18.728266,678.177047,3,0.810818,0,0.002721569451,mobile,0
case_000992,35.385731,197.152412,1,0.868278,0,0.000965890564,in_store,0
case_000993,209.734023,697.125339,1,0.427042,0,0.040722291426,web,0
case_000994,18.429462,2454.812909,3,0.811009,0,0.00096750343,in_store,0
case_000995,18.794579,110.416855,1,0.922389,0,0.000704402272,web,0
case_000996,39.721423,57.501721,5,0.831647,0,0.01140632412,web,0
case_000997,61.683901,423.105857,1,0.838823,0,0.001323978678,in_store,0
case_000998,21.863719,391.828549,1,0.788235,0,0.000964604315,in_store,0
case_000999,115.342826,77.117386,1,0.821546,0,0.003602969423,in_store,0
case_001000,24.2682,404.993158,4,0.878813,0,0.002411755024,web,0
case_001001,45.261017,177.719498,2,0.878878,0,0.003083202438,mobile,0
case_001002,18.121326,1657.141842,0,0.585002,0,0.002594699915,mobile,0
case_001003,32.583372,1610.935362,0,0.800295,0,0.000659790626,web,0
case_001004,45.946814,459.605874,0,0.730881,0,0.00182200526,web,0
case_001005,75.146622,1370.920476,2,0.61663,0,0.006304472622,in_store,0
case_001006,25.247568,1096.939537,0,0.549996,0,0.002998152711,web,0
case_001007,90.06634,364.713387,1,0.804308,0,0.002184679096,in_store,0
case_001008,7.646083,755.312847,3,0.663022,0,0.002029997055,in_store,0
case_001009,12.448506,540.679081,1,0.561078,0,0.003295966939,web,0
case_001010,56.348018,233.373286,0,0.810288,0,0.00229403081,mobile,0
case_001011,8.797996,1802.881947,3,0.768482,0,0.000884996852,in_store,0
case_001012,28.342913,86.723796,0,0.706381,0,0.002535908135,web,0
case_001013,257.829822,386.821263,2,0.492683,0,0.053569044467,web,0
case_001014,18.608669,105.892761,3,0.724662,0,0.005325078983,web,0
case_001015,84.608477,1784.52238,5,0.67383,0,0.014205366253,in_store,0
case_001016,7.77829,1009.217947,4,0.691004,0,0.003005563483,web,0
case_001017,25.534199,54.46788,1,0.854963,0,0.00159045587,web,0
case_001018,2.505608,429.524865,3,0.529833,0,0.003055657908,in_store,0
case_001019,52.834459,165.163294,1,0.825945,0,0.002191600036,web,0
case_001020,106.227194,499.000691,2,0.746656,0,0.006024059269,web,0
case_001021,16.225326,14.13266,0,0.835082,0,0.001044969489,in_store,0
case_001022,88.258477,533.587934,2,0.437355,0,0.027610723587,in_store,0
case_001023,9.351668,825.045074,1,0.280341,0,0.014058870212,web,0
case_001024,24.471152,179.775286,4,0.744855,0,0.007057595269,web,0
case_001025,30.780409,1501.175871,1,0.704329,0,0.001751406406,web,0
case_001026,74.090795,759.687119,4,0.85858,0,0.006869863077,mobile,0
case_001027,11.612308,230.61624,1,0.661082,0,0.002170324229,web,0
case_001028,37.464105,876.366745,2,0.692244,0,0.005506615852,mobile,0
case_001029,127.611354,1245.033869,4,0.799758,0,0.006366921139,in_store,0
case_001030,16.496129,862.898711,2,0.618369,0,0.003532929346,web,0
case_001031,223.703682,474.834825,2,0.584443,0,0.026680390457,web,0
case_001032,7.204082,651.345125,1,0.696678,0,0.000757501598,in_store,0
case_001033,263.800682,165.201612,2,0.774304,0,0.009757715129,in_store,0
case_001034,31.109045,2263.525082,2,0.692151,0,0.003722465897,mobile,0
case_001035,7.852821,290.240655,3,0.906309,0,0.000596083746,in_store,0
case_001036,18.70944,248.877493,1,0.45026,0,0.01050830442,web,0
case_001037,44.253676,755.253556,2,0.729833,0,0.003394419061,web,0
case_001038,332.760458,122.115788,0,0.71995,0,0.007939502274,in_store,0
case_001039,35.091848,122.28128,2,0.96444,0,0.000896154355,in_store,0
case_001040,17.096292,1309.99963,4,0.656227,0,0.005526184447,web,0
case_001041,61.762127,649.750679,2,0.762553,0,0.003574640909,web,0
case_001042,9.87168,506.75527,0,0.938252,0,0.000187537589,web,0
case_001043,44.24413,4.965523,1,0.705947,0,0.016086318719,mobile,0
case_001044,5.021958,2494.235019,2,0.492536,0,0.002219473927,in_store,0
case_001045,67.327873,226.729889,0,0.851011,0,0.001348493553,web,0
case_001046,47.060449,894.85483,2,0.528651,0,0.009147075051,in_store,0
case_001047,30.478058,139.880429,2,0.657153,0,0.006869416132,web,0
case_001048,13.412398,3842.990766,2,0.870394,0,0.000418391671,web,0
case_001049,11.526759,1204.069216,0,0.704857,0,0.001024424988,mobile,0
case_001050,69.98736,447.162578,5,0.694175,0,0.021133300233,web,0
case_001051,59.167844,475.424504,1,0.644529,0,0.005367519769,web,0
case_001052,28.209188,1366.030704,0,0.735647,0,0.001411740556,mobile,0
case_001053,115.025709,85.528636,1,0.834445,0,0.004132994021,web,0
case_001054,21.68731,408.723128,1,0.546012,0,0.005506806342,web,0
case_001055,71.773992,854.577478,2,0.823971,0,0.001931003944,in_store,0
case_001056,168.537439,142.658908,2,0.468773,0,0.049376462652,in_store,0
case_001057,8.875568,211.967256,3,0.657399,0,0.004250376327,web,0
case_001058,32.141903,126.8952,1,0.904674,0,0.001056263221,web,0
case_001059,58.832216,531.487501,2,0.648544,0,0.005821670555,in_store,0
case_001060,6.130893,1446.754857,2,0.72301,0,0.0006886506,in_store,0
case_001061,269.674126,674.164837,0,0.765882,0,0.004080055176,web,0
case_001062,35.771873,342.433681,1,0.587365,0,0.004776162273,in_store,0
case_001063,6.539161,674.372413,2,0.531132,0,0.002952144411,in_store,0
case_001064,36.442558,593.287381,2,0.462482,0,0.013201381706,in_store,0
case_001065,139.221734,430.908873,3,0.626795,0,0.018041251347,in_store,0
case_001066,7.431851,651.726908,3,0.90675,0,0.00045519288,in_store,0
case_001067,16.901744,251.832697,1,0.874598,0,0.000545589524,in_store,0
case_001068,23.263196,200.071173,2,0.533908,0,0.011245483603,web,0
case_001069,62.115688,382.013022,4,0.829834,1,0.018764432359,in_store,0
case_001070,8.733663,678.450439,2,0.845505,0,0.000627719077,web,0
case_001071,3.448094,673.062046,3,0.854103,0,0.000530916972,web,0
case_001072,30.959688,52.777741,2,0.75181,0,0.003971511154,in_store,0
case_001073,15.1551,1069.954642,2,0.562798,0,0.003472968941,in_store,0
case_001074,74.277455,3012.216084,2,0.657014,0,0.003874250825,in_store,0
case_001075,34.823788,450.79752,0,0.483864,0,0.007158529358,web,0
case_001076,10.403628,29.166207,1,0.791207,0,0.001634230447,web,0
case_001077,17.577754,68.769606,0,0.377664,0,0.012122491011,in_store,0
case_001078,68.125741,75.039699,1,0.59824,0,0.013291338857,web,0
case_001079,25.471269,271.48072,1,0.491101,0,0.009624104645,web,0
case_001080,85.645796,337.211923,2,0.673271,0,0.007233301472,in_store,0
case_001081,110.021165,842.178109,2,0.491892,0,0.019967231195,in_store,0
case_001082,156.133305,643.411048,3,0.850897,0,0.005539972912,web,0
case_001083,95.92583,270.687903,1,0.930013,0,0.001132105814,in_store,0
case_001084,50.178107,2118.816456,0,0.679323,0,0.001704278261,web,0
case_001085,35.835733,585.04003,0,0.523055,0,0.005298693177,web,0
case_001086,10.821164,614.773512,1,0.403882,0,0.006056745304,in_store,0
case_001087,5.697513,1577.427592,2,0.667349,0,0.001746901927,mobile,0
case_001088,23.389045,253.19957,2,0.796048,0,0.001610058307,in_store,0
case_001089,96.360417,50.6237,0,0.550565,0,0.024926575653,mobile,0
case_001090,18.851372,8.281128,1,0.871526,0,0.002980084087,mobile,0
case_001091,12.027381,1843.71353,3,0.948326,0,0.000344032962,in_store,0
case_001092,39.933611,636.086909,1,0.740929,0,0.00164291666,in_store,0
case_001093,83.512488,779.259865,2,0.670277,0,0.007295925236,web,0
case_001094,28.026054,800.631784,3,0.829563,0,0.001988592625,web,0
case_001095,45.66382,1585.509478,1,0.795811,0,0.001249701385,web,0
case_001096,95.652369,114.545394,1,0.415361,0,0.034944311377,in_store,0
case_001097,109.780355,10.208064,0,0.909952,0,0.004571486325,mobile,0
case_001098,42.955815,512.42323,1,0.595133,0,0.008670100752,mobile,0
case_001099,18.619755,1074.255285,1,0.302239,0,0.013406742632,in_store,0
case_001100,10.595857,425.120766,2,0.772065,0,0.000992862678,in_store,0
case_001101,46.359139,80.017848,2,0.908701,0,0.00219561573,web,0
case_001102,19.494143,1091.053274,0,0.894779,0,0.000297168108,web,0
case_001103,70.55499,202.862166,2,0.945266,0,0.001746301034,web,0
case_001104,10.422034,444.976852,1,0.731751,0,0.000842816215,in_store,0
case_001105,19.166385,480.152436,1,0.860885,0,0.000532369866,in_store,0
case_001106,37.031911,1247.812996,4,0.661061,0,0.006854391555,in_store,0
case_001107,9.378757,845.509347,0,0.897602,0,0.000157407404,in_store,0
case_001108,65.050206,467.699167,0,0.464653,0,0.01182968781,web,0
case_001109,23.010583,270.677041,0,0.889233,0,0.000511549255,web,0
case_001110,6.9198,908.906246,1,0.388409,0,0.004595697707,in_store,0
case_001111,39.338082,86.256534,1,0.664953,0,0.008885036637,mobile,0
case_001112,29.754041,1170.230066,6,0.753166,0,0.007500323913,in_store,0
case_001113,6.646626,7.093416,0,0.823246,0,0.000796812711,in_store,0
case_001114,60.610397,819.714179,2,0.557486,0,0.009208690944,in_store,0
case_001115,8.391046,1438.339505,4,0.572499,0,0.004618665053,in_store,0
case_001116,12.01845,451.019264,4,0.685785,0,0.005061854924,web,0
case_001117,11.381298,98.062567,2,0.618036,0,0.005308588783,web,0
case_001118,5.955779,1903.125309,1,0.889047,0,0.000149695939,in_store,0
case_001119,26.714729,6.511703,1,0.807019,0,0.003075956439,in_store,0
case_001120,5.766565,577.363855,0,0.425607,0,0.002538861029,in_store,0
case_001121,24.11479,621.452405,0,0.860434,1,0.002004920241,web,0
case_001122,29.179449,152.323527,3,0.729928,0,0.004783234328,in_store,0
case_001123,35.647947,146.300397,3,0.730508,0,0.005466965993,in_store,0
case_001124,28.651277,493.202245,2,0.766186,0,0.002328613004,web,0
case_001125,60.966032,65.430035,1,0.643145,0,0.009760675558,web,0
case_001126,202.391969,204.15804,3,0.712861,0,0.031494695263,mobile,0
case_001127,69.013471,1597.983563,1,0.899899,0,0.000847208239,web,0
case_001128,7.585523,1255.745758,0,0.442001,0,0.004080042105,mobile,0
case_001129,66.250475,357.633644,2,0.639912,0,0.009516916951,web,0
case_001130,90.757002,848.915923,0,0.876515,0,0.00073912923,in_store,0
case_001131,97.695138,151.105998,2,0.823195,1,0.029565817885,mobile,0
case_001132,27.82587,466.065143,3,0.781389,0,0.002437869982,in_store,0
case_001133,18.114475,1401.027667,2,0.649545,0,0.003987213617,mobile,0
case_001134,11.475108,341.988017,4,0.945936,0,0.00105401334,web,0
case_001135,21.957858,724.740927,1,0.680808,0,0.002029833809,web,0
case_001136,12.620873,1087.683486,1,0.717644,0,0.001021346659,web,0
case_001137,52.234447,324.37541,3,0.713887,0,0.006131644198,in_store,0
case_001138,70.591421,780.442979,0,0.756369,0,0.002611550382,mobile,0
case_001139,101.236359,1244.066909,2,0.843081,0,0.001915826183,in_store,0
case_001140,36.910166,629.100635,0,0.763565,0,0.001760091805,mobile,0
case_001141,131.655422,221.451491,0,0.547754,0,0.01072933427,in_store,0
case_001142,11.403827,55.938799,2,0.688427,0,0.003140114942,in_store,0
case_001143,165.040801,1181.975768,1,0.85761,0,0.003143661366,mobile,0
case_001144,13.333458,302.083063,1,0.42189,0,0.007531942906,in_store,0
case_001145,112.272034,207.299563,2,0.700501,0,0.010703293219,web,0
case_001146,165.008521,321.282439,2,0.543833,0,0.02469595909,in_store,0
case_001147,36.277378,1511.37656,2,0.71848,0,0.002046762298,in_store,0
case_001148,35.246468,255.141975,1,0.733605,0,0.002658989885,web,0
case_001149,30.454906,544.174456,2,0.805522,0,0.001839816488,web,0
case_001150,95.827744,1958.374106,2,0.812315,0,0.00251997185,web,0
case_001151,69.18254,464.953293,1,0.77435,0,0.002659819819,web,0
case_001152,15.174231,560.688233,1,0.799946,0,0.000645205059,in_store,0
case_001153,25.658826,719.237692,2,0.752226,0,0.001655653392,in_store,0
case_001154,32.390417,1487.855509,2,0.314886,0,0.023339647343,in_store,0
case_001155,214.356366,1115.549783,1,0.812888,0,0.004997499218,mobile,0
case_001156,88.889769,892.61906,1,0.673542,0,0.003773955156,in_store,0
case_001157,41.56222,2558.10433,1,0.631732,0,0.002221481266,in_store,0
case_001158,71.03712,1155.463236,3,0.701126,0,0.007162936805,web,0
case_001159,18.648683,100.344242,1,0.540263,0,0.006081897675,in_store,0
case_001160,8.586638,55.413447,1,0.906731,0,0.000460671074,in_store,0
case_001161,24.180601,413.501019,3,0.455694,0,0.022277307415,web,0
case_001162,14.924066,825.963477,2,0.613761,0,0.00346442498,web,0
case_001163,24.036868,24.180078,1,0.766635,0,0.002605532043,in_store,0
case_001164,30.1248,1685.807897,1,0.660027,0,0.001715978389,in_store,0
case_001165,16.527901,915.181921,3,0.656262,0,0.003166293289,in_store,0
case_001166,21.406045,362.966283,0,0.907789,0,0.000596530518,mobile,0
case_001167,85.942847,1477.212348,1,0.602714,0,0.004958699938,in_store,0
case_001168,61.694075,150.020742,3,0.838675,0,0.003919450663,in_store,0
case_001169,6.014169,102.709182,2,0.863794,0,0.000609763047,in_store,0
case_001170,5.792458,1464.287208,0,0.79233,1,0.000796752196,in_store,0
case_001171,6.544866,167.933631,1,0.691561,0,0.001098037405,in_store,0
case_001172,26.327568,263.910653,3,0.557243,1,0.043831690367,in_store,0
case_001173,16.639852,847.620694,1,0.676564,0,0.001678553781,web,0
case_001174,43.736562,1919.170546,0,0.792242,0,0.000618718849,in_store,0
case_001175,126.015323,91.064926,0,0.743515,0,0.003996148529,in_store,0
case_001176,35.408905,25.966352,2,0.605785,0,0.013048779811,in_store,0
case_001177,29.798358,386.820838,2,0.92425,0,0.000744031771,in_store,0
case_001178,9.771276,22.557448,1,0.855381,0,0.000883273089,in_store,0
case_001179,158.188223,478.410205,2,0.620739,0,0.017126262994,web,0
case_001180,102.850461,222.814674,2,0.808456,0,0.005073869595,web,0
case_001181,10.373519,805.56686,2,0.475271,0,0.009876740605,mobile,0
case_001182,62.360352,3041.447045,2,0.98967,0,0.000556406478,web,0
case_001183,44.222304,1802.96988,3,0.450762,0,0.017137636916,in_store,0
case_001184,6.195693,334.645109,1,0.428533,1,0.033886956099,mobile,1
case_001185,12.46692,554.795073,2,0.449235,0,0.009694177169,web,0
case_001186,23.609447,796.661776,2,0.516151,0,0.012639513705,mobile,0
case_001187,36.700453,2117.158775,0,0.763721,0,0.000642930241,in_store,0
case_001188,19.531143,576.046843,1,0.818897,0,0.000663994237,in_store,0
case_001189,69.379682,632.310189,0,0.66882,0,0.003179629956,web,0
case_001190,51.500249,1354.131613,1,0.696956,1,0.010527572933,web,0
case_001191,144.866835,661.733012,0,0.801262,0,0.003284991447,mobile,0
case_001192,45.365558,580.821745,1,0.719057,0,0.002096309198,in_store,0
case_001193,110.846376,199.434068,1,0.917877,0,0.002801188697,mobile,0
case_001194,74.416118,3235.914272,1,0.793704,0,0.001404905181,web,0
case_001195,18.589247,277.32668,2,0.890243,0,0.000969761059,web,0
case_001196,28.815206,133.163539,1,0.721003,0,0.003058608544,web,0
case_001197,26.48842,144.115095,2,0.567115,0,0.016178277592,mobile,0
case_001198,35.18643,1385.493429,2,0.686325,0,0.003228715133,web,0
case_001199,29.082371,572.703407,2,0.527385,0,0.014748263832,mobile,0
case_001200,6.373277,180.404834,2,0.987566,0,0.000246960856,in_store,0
case_001201,31.038039,782.887162,2,0.848118,0,0.001284043359,web,0
case_001202,69.072151,180.106351,2,0.653153,0,0.008561403386,in_store,0
case_001203,21.290623,245.362901,3,0.791006,1,0.009425667261,in_store,0
case_001204,58.15561,366.13671,4,0.804376,0,0.005338255839,in_store,0
case_001205,13.485251,2013.673913,0,0.895361,0,0.000294857057,mobile,0
case_001206,112.022073,1544.81892,2,0.729434,0,0.007440810385,mobile,0
case_001207,22.265869,320.79296,1,0.573493,0,0.005060691698,web,0
case_001208,15.46092,372.524155,1,0.865641,0,0.000487621031,in_store,0
case_001209,11.040525,417.68232,2,0.986205,1,0.00139606749,web,0
case_001210,107.333897,1207.567982,1,0.833634,0,0.001437847577,in_store,0
case_001211,15.890478,351.015646,0,0.575746,0,0.002081768264,in_store,0
case_001212,89.760081,737.953136,1,0.909409,0,0.000921740338,in_store,0
case_001213,16.327902,836.500443,3,0.756379,0,0.001728066689,in_store,0
case_001214,6.597693,2261.76288,3,0.72897,0,0.000898832954,in_store,0
case_001215,46.768567,629.635541,2,0.519039,0,0.010701317417,in_store,0
case_001216,91.425913,410.538987,4,0.624557,0,0.026677726719,web,0
case_001217,94.902432,118.772154,1,0.566918,0,0.013637448911,in_store,0
case_001218,1.936657,1028.072238,3,0.85695,0,0.000274179515,in_store,0
case_001219,57.319249,156.39199,1,0.834388,0,0.003315354627,mobile,0
case_001220,13.474151,432.58675,1,0.724811,0,0.001034921644,in_store,0
case_001221,35.250807,129.647027,0,0.570738,0,0.006025856254,web,0
case_001222,5.036772,454.20987,1,0.545153,0,0.001775060058,in_store,0
case_001223,89.32651,923.622685,2,0.972701,0,0.00085844506,in_store,0
case_001224,25.3581,1033.708665,1,0.473655,0,0.00726974045,web,0
case_001225,19.910736,476.935462,2,0.687393,0,0.002387917093,in_store,0
case_001226,23.383971,54.561474,2,0.883086,0,0.001456178709,in_store,0
case_001227,57.210736,511.913326,0,0.780013,0,0.001164081431,in_store,0
case_001228,152.245236,1988.070091,2,0.842917,0,0.002791973279,web,0
case_001229,76.585704,93.394918,1,0.73258,0,0.00585312491,web,0
case_001230,21.35691,500.826724,2,0.887445,0,0.000905580577,web,0
case_001231,24.640383,79.670397,1,0.959009,0,0.001086230616,mobile,0
case_001232,29.772959,558.50942,2,0.757376,0,0.002430664994,web,0
case_001233,91.631885,138.035796,6,0.949395,0,0.008380327536,in_store,0
case_001234,28.489446,98.769447,1,0.690777,0,0.005948984717,mobile,0
case_001235,23.010367,1578.609375,1,0.670884,0,0.001381157921,in_store,0
case_001236,31.415067,91.25959,2,0.689552,0,0.006472186172,web,0
case_001237,47.446889,764.240224,1,0.800621,0,0.001197125361,in_store,0
case_001238,43.988251,1574.42547,2,0.437026,0,0.016789663333,web,0
case_001239,57.778119,575.156729,0,0.363393,0,0.028515114556,mobile,0
case_001240,23.261398,781.824029,2,0.890075,0,0.001230608339,mobile,0
case_001241,6.971875,2087.834587,1,0.849257,0,0.000262118879,web,0
case_001242,54.292013,933.885185,0,0.932934,0,0.000466892772,web,0
case_001243,87.524501,648.583637,2,0.891413,0,0.001559851625,in_store,0
case_001244,23.958693,264.446913,2,0.359626,0,0.024130345089,in_store,0
case_001245,82.882562,686.543352,2,0.682576,0,0.006978270348,web,0
case_001246,26.027763,1910.237822,3,0.377536,0,0.024293662847,web,0
case_001247,179.578388,499.44377,0,0.631765,0,0.007883534235,web,0
case_001248,76.255787,71.29567,2,0.835676,0,0.004910882995,web,0
case_001249,378.567565,299.886428,2,0.86249,0,0.005999084314,in_store,0
case_001250,10.032505,491.157269,3,0.795277,0,0.001515438697,web,0
case_001251,12.602586,227.582168,3,0.751168,0,0.002226592447,in_store,0
case_001252,384.766583,270.417871,1,0.867097,0,0.004105997492,in_store,0
case_001253,148.076011,442.037668,0,0.917931,0,0.000945661936,in_store,0
case_001254,31.658683,375.920086,2,0.718679,0,0.003606421855,web,0
case_001255,9.372315,1051.9716,3,0.740164,0,0.002452925337,mobile,0
case_001256,14.836264,300.352415,1,0.903316,0,0.000513639625,web,0
case_001257,90.120166,63.522424,1,0.923197,0,0.001725044552,in_store,0
case_001258,12.895286,182.766747,1,0.611492,1,0.013515606752,web,0
case_001259,20.074538,817.763309,1,0.478174,0,0.005106501231,in_store,0
case_001260,26.999648,1991.902485,2,0.611774,0,0.003051600356,in_store,0
case_001261,20.029826,737.694377,2,0.889055,0,0.0005996097,in_store,0
case_001262,28.480074,165.94414,0,0.446141,0,0.010636112346,web,0
case_001263,9.653577,188.836895,1,0.76496,0,0.001077928712,web,0
case_001264,96.275903,183.36123,2,0.64807,0,0.01389680196,web,0
case_001265,29.398327,811.858835,1,0.854521,0,0.00062068485,in_store,0
case_001266,25.964988,70.839555,2,0.673821,0,0.010129527249,mobile,0
case_001267,73.741014,186.573218,2,0.651963,0,0.008900073958,in_store,0
case_001268,20.302218,678.714332,0,0.762302,0,0.001193698046,mobile,0
case_001269,18.928773,91.733978,2,0.829032,0,0.001541902792,in_store,0
case_001270,19.658412,764.955464,0,0.664511,0,0.00108715895,in_store,0
case_001271,28.153359,358.307037,1,0.777525,0,0.001239369151,in_store,0
case_001272,34.961572,280.729625,1,0.758975,0,0.003273513996,mobile,0
case_001273,4.86373,852.820542,1,0.946414,0,0.000226536835,mobile,0
case_001274,19.576225,261.850759,1,0.463449,0,0.007658548927,in_store,0
case_001275,33.138472,106.007902,2,0.892208,0,0.00181486106,web,0
case_001276,14.45621,2.958406,1,0.433421,0,0.025610827633,in_store,0
case_001277,240.373437,207.132821,1,0.801678,0,0.006307633429,web,0
case_001278,52.022254,2785.40024,2,0.691493,0,0.003269021624,web,0
case_001279,31.42135,282.912585,3,0.90772,0,0.00138293408,in_store,0
case_001280,29.39433,945.813077,4,0.934502,1,0.004725935733,in_store,0
case_001281,20.82808,1033.911336,1,0.565401,0,0.002835254552,in_store,0
case_001282,123.616525,2177.415212,1,0.749711,0,0.002873136275,web,0
case_001283,58.891065,266.577793,1,0.542861,0,0.017613562002,mobile,0
case_001284,78.387579,1600.853212,2,0.55303,0,0.009186644276,in_store,0
case_001285,19.450609,339.16152,0,0.81064,0,0.00054934819,in_store,0
case_001286,172.322373,249.550399,2,0.941248,0,0.002992967641,web,0
case_001287,33.55829,492.966084,3,0.716686,0,0.004036871719,in_store,0
case_001288,91.843045,307.609672,0,0.586086,0,0.007837310789,web,0
case_001289,61.482798,152.037051,1,0.838243,0,0.003412291265,mobile,0
case_001290,65.25117,349.67765,1,0.702659,0,0.003390645782,in_store,0
case_001291,34.660099,203.566294,0,0.71413,0,0.00319390691,mobile,0
case_001292,122.277703,145.163059,0,0.828243,0,0.002020874716,in_store,0
case_001293,8.360905,1,2,0.851837,0,0.00321127095,web,0
case_001294,47.959326,47.454332,2,0.738324,0,0.005865951814,in_store,0
case_001295,151.2737,564.907983,2,0.577935,0,0.020641636529,web,0
case_001296,27.106149,839.069787,1,0.307833,0,0.017501148047,in_store,0
case_001297,103.474543,186.025064,2,0.846713,1,0.02505285225,mobile,0
case_001298,8.207734,2267.818178,3,0.969875,0,0.000432706071,mobile,0
case_001299,71.402283,438.768462,1,0.598153,0,0.006441751045,in_store,0
case_001300,20.999083,2830.106076,2,0.853723,0,0.000668111789,web,0
case_001301,24.461857,277.414825,1,0.292399,0,0.046376287692,mobile,0
case_001302,15.89932,1299.222711,2,0.48687,0,0.010333034633,mobile,0
case_001303,49.520225,41.18728,1,0.870943,0,0.003527489283,mobile,0
case_001304,36.196467,2483.138934,3,0.806711,0,0.001509926571,in_store,0
case_001305,48.397005,171.96079,1,0.859392,0,0.002478596147,mobile,0
case_001306,68.55655,270.441391,4,0.690642,0,0.013082500916,in_store,0
case_001307,11.370629,978.993364,2,0.745602,0,0.001834041918,mobile,0
case_001308,15.675173,180.20609,3,0.692209,0,0.003925087475,in_store,0
case_001309,22.479206,14.617535,3,0.745714,0,0.013607001173,mobile,0
case_001310,10.125127,397.742508,2,0.779822,0,0.001205120881,web,0
case_001311,22.57244,196.302684,3,0.919662,0,0.001489483326,web,0
case_001312,2.653406,174.113268,0,0.845649,0,0.00033504871,mobile,0
case_001313,16.302965,1110.713638,0,0.793985,0,0.000497123383,web,0
case_001314,100.08518,585.740414,0,0.607855,0,0.006004867122,web,0
case_001315,11.858588,102.420884,2,0.836931,0,0.001069841921,in_store,0
case_001316,25.714677,276.514061,3,0.605446,0,0.010331755868,web,0
case_001317,50.97053,583.951688,4,0.515242,0,0.032595449597,web,0
case_001318,249.103389,103.624331,2,0.820491,0,0.008076490683,in_store,0
case_001319,85.867441,712.513772,1,0.779602,0,0.002034828423,in_store,0
case_001320,94.665103,1014.534606,3,0.897238,0,0.002638085272,web,0
case_001321,18.188231,296.33233,0,0.820412,0,0.000662074256,web,0
case_001322,30.323497,830.531986,1,0.592773,0,0.004130259407,web,0
case_001323,39.117331,1421.100402,1,0.669994,0,0.002564084585,web,0
case_001324,4.179366,259.350173,1,0.544476,0,0.003631314395,mobile,0
case_001325,18.205837,1595.565178,0,0.815201,0,0.000419290009,web,0
case_001326,26.016938,2115.746414,3,0.811869,0,0.001597725269,web,0
case_001327,7.674993,112.695196,5,0.766005,0,0.004067074905,in_store,0
case_001328,4.553583,339.472005,2,0.5046,0,0.004472374561,web,0
case_001329,13.236574,1080.385538,2,0.748468,0,0.001286291355,web,0
case_001330,35.566234,333.765076,2,0.813375,0,0.001734630726,in_store,0
case_001331,58.768388,395.612196,1,0.652005,0,0.005380478794,web,0
case_001332,124.253914,437.597544,1,0.951561,0,0.001305001059,web,0
case_001333,15.957765,29.566915,3,0.816724,1,0.012313787683,in_store,0
case_001334,22.61546,335.563317,1,0.863585,0,0.000643690041,in_store,0
case_001335,58.452052,160.749523,3,0.55826,0,0.021045222828,in_store,0
case_001336,52.382539,507.995766,1,0.819674,0,0.001274755767,in_store,0
case_001337,44.451165,112.735772,2,0.680608,0,0.011900795403,mobile,0
case_001338,17.483486,4000,0,0.772657,0,0.000317886437,in_store,0
case_001339,111.809849,458.114069,3,0.461601,0,0.053472672079,web,0
case_001340,2.563224,19.853871,2,0.741555,0,0.002572737351,mobile,0
case_001341,20.009427,680.580283,1,0.664926,0,0.002154919048,web,0
case_001342,17.784325,932.109262,4,0.892614,0,0.001116207885,in_store,0
case_001343,38.539921,1862.045773,5,0.857307,0,0.00272906493,in_store,0
case_001344,38.395746,775.475677,3,0.720308,0,0.004832068722,web,0
case_001345,63.026195,1667.828321,2,0.551287,0,0.007989465527,in_store,0
case_001346,49.727057,778.857179,3,0.731665,0,0.004129062797,in_store,0
case_001347,85.658081,1,3,0.574286,1,0.317823833016,web,0
case_001348,9.147905,319.655547,2,0.556022,0,0.004881467574,web,0
case_001349,34.403681,510.454828,1,0.685069,0,0.002898133353,web,0
case_001350,37.52366,608.683677,0,0.851061,0,0.000697412826,web,0
case_001351,38.902949,182.815271,0,0.64273,0,0.002892354417,in_store,0
case_001352,108.902439,69.505149,0,0.58665,0,0.01041272007,in_store,0
case_001353,4.84119,197.001094,2,0.922731,0,0.000310271798,in_store,0
case_001354,11.770205,51.995436,1,0.7407,0,0.002045514749,web,0
case_001355,12.281539,267.734111,1,0.717704,0,0.00150968533,web,0
case_001356,17.923086,1159.612931,3,0.658443,0,0.005853511644,mobile,0
case_001357,30.687934,1474.853495,1,0.49864,1,0.019709187711,in_store,0
case_001358,80.048333,207.342546,1,0.854194,0,0.001748007414,in_store,0
case_001359,10.121399,3030.087694,2,0.836585,0,0.000364521019,in_store,0
case_001360,28.831058,882.123403,2,0.869704,0,0.000806071201,in_store,0
case_001361,43.507848,1445.807951,0,0.584329,0,0.004685653823,mobile,0
case_001362,46.589179,56.344503,0,0.53469,0,0.011393084462,web,0
case_001363,36.698853,709.825048,2,0.706665,0,0.005282387301,mobile,0
case_001364,148.817584,264.863854,2,0.914166,0,0.002469509064,in_store,0
case_001365,121.922754,805.059877,1,0.686742,0,0.004386453406,in_store,0
case_001366,44.075726,2252.034568,1,0.451316,0,0.007352679749,in_store,0
case_001367,226.682431,1302.197055,1,0.585169,0,0.010671265449,in_store,0
case_001368,53.713683,173.005753,0,0.889408,0,0.000773856361,in_store,0
case_001369,30.439836,38.770299,0,0.917846,0,0.000695124392,in_store,0
case_001370,81.247011,539.296607,2,0.666308,0,0.006376251907,in_store,0
case_001371,6.748721,86.235039,2,0.625002,1,0.015608792276,web,0
case_001372,92.534253,419.326168,2,0.867893,0,0.002726893121,web,0
case_001373,40.832244,1317.942643,2,0.648345,0,0.004558222994,web,0
case_001374,45.359443,1559.767806,3,0.814989,0,0.002430482787,web,0
case_001375,137.618928,94.249032,1,0.738265,0,0.006394856548,in_store,0
case_001376,10.534463,74.035341,2,0.527403,0,0.007527189056,in_store,0
case_001377,23.883841,1348.261377,1,0.805916,0,0.000817697168,web,0
case_001378,18.290369,1059.43205,1,0.891897,0,0.000648097656,mobile,0
case_001379,77.787621,187.908759,3,0.616555,0,0.031786851548,mobile,0
case_001380,8.660159,490.030569,1,0.857756,0,0.000334542082,in_store,0
case_001381,3.473661,349.017703,0,0.588722,0,0.00081179904,in_store,0
case_001382,39.668025,158.748988,2,0.846726,0,0.001872178494,in_store,0
case_001383,24.149401,860.89855,1,0.799522,0,0.000976438797,web,0
case_001384,12.077715,2089.012054,2,0.853013,0,0.000407327973,in_store,0
case_001385,45.419773,428.112563,1,0.802818,0,0.001359300564,in_store,0
case_001386,115.884396,67.180606,1,0.842361,0,0.004236445046,web,0
case_001387,32.008731,555.960188,2,0.712304,0,0.002628962307,in_store,0
case_001388,27.72317,721.327262,1,0.621,0,0.003412257929,web,0
case_001389,66.359447,58.347309,1,0.564143,0,0.017315409006,web,0
case_001390,78.371337,460.72364,3,0.925096,0,0.001925490675,in_store,0
case_001391,17.689073,1093.514879,2,0.636474,0,0.003074976424,web,0
case_001392,24.455546,984.698431,2,0.507764,0,0.006722458148,in_store,0
case_001393,26.753242,165.208522,1,0.544444,0,0.008225207638,web,0
case_001394,47.214901,1314.321341,0,0.748663,0,0.001222236606,web,0
case_001395,54.322247,705.702615,1,0.818719,0,0.001531043259,web,0
case_001396,21.408892,1239.142257,4,0.698804,0,0.007364622938,mobile,0
case_001397,142.034938,1191.485658,1,0.501698,0,0.013599303015,in_store,0
case_001398,79.976968,788.370148,3,0.796563,0,0.00371851705,in_store,0
case_001399,21.452191,1608.393862,0,0.898886,0,0.000213773817,in_store,0
case_001400,6.417552,435.759092,0,0.332297,0,0.005226877967,in_store,0
case_001401,52.224481,452.151517,2,0.770867,0,0.003388884021,web,0
case_001402,42.715303,2449.273456,6,0.859305,0,0.003929319235,in_store,0
case_001403,18.140215,408.015918,1,0.665697,0,0.00234227715,web,0
case_001404,8.05534,1688.987102,1,0.661653,0,0.001457913867,mobile,0
case_001405,66.620417,1061.878928,0,0.80337,0,0.001151246528,web,0
case_001406,19.373457,394.201341,0,0.646727,0,0.001459834265,in_store,0
case_001407,37.234146,204.449689,0,0.370663,0,0.018842976873,web,1
case_001408,36.092078,1272.242517,1,0.704275,0,0.001583460709,in_store,0
case_001409,17.119829,672.904048,1,0.573454,0,0.005173508969,mobile,0
case_001410,14.751837,316.301258,6,0.533259,0,0.035065239019,web,0
case_001411,94.651572,97.247544,0,0.480289,0,0.021320158531,web,0
case_001412,90.11397,362.979079,3,0.624048,0,0.018705884608,web,0
case_001413,21.052329,449.572008,1,0.933018,0,0.000366477684,in_store,0
case_001414,108.133337,1890.958931,1,0.844038,0,0.002273554618,mobile,0
case_001415,223.965678,297.484558,0,0.784591,0,0.003183307921,in_store,0
case_001416,28.338152,762.679919,0,0.861064,0,0.000400383252,in_store,0
case_001417,26.735413,1883.781029,0,0.714948,0,0.001414625363,mobile,0
case_001418,295.010433,756.864987,3,0.667614,0,0.024594037623,web,0
case_001419,12.859684,131.277626,0,0.67342,0,0.001699044813,web,0
case_001420,8.565642,159.989829,0,0.881984,0,0.000267042457,in_store,0
case_001421,4.63114,483.168994,2,0.614443,0,0.001600953947,in_store,0
case_001422,282.938776,720.290826,3,0.97434,0,0.005431900503,mobile,0
case_001423,122.63339,467.605903,2,0.65281,0,0.012033448363,web,0
case_001424,33.850316,679.217215,3,0.707414,0,0.003918432363,in_store,0
case_001425,51.543898,420.016451,4,0.422587,0,0.062485009478,web,0
case_001426,9.258551,81.127117,1,0.690355,0,0.001666233723,in_store,0
case_001427,16.531087,314.428949,1,0.874549,0,0.0006480396,web,0
case_001428,34.882241,166.134934,3,0.826822,0,0.002854264743,in_store,0
case_001429,95.07705,421.371517,1,0.47567,0,0.021304448883,web,0
case_001430,87.820747,87.11448,1,0.872571,0,0.00406256031,mobile,0
case_001431,18.100039,176.286187,1,0.936159,0,0.000551560684,web,0
case_001432,65.478348,260.22168,1,0.796922,0,0.002057183933,in_store,0
case_001433,47.354053,125.37329,1,0.844074,0,0.001540382063,in_store,0
case_001434,184.463144,1948.962455,5,0.857532,0,0.009366896408,web,0
case_001435,40.600457,827.207634,2,0.758453,0,0.003902140522,mobile,0
case_001436,41.910837,2303.363353,2,0.73633,0,0.002277597498,web,0
case_001437,44.96076,653.995146,1,0.804818,0,0.002256377727,mobile,0
case_001438,59.900546,743.819679,1,0.560659,0,0.008000026789,web,0
case_001439,53.725474,534.315643,2,0.405496,0,0.024583009908,in_store,0
case_001440,30.740272,890.680698,2,0.715173,0,0.002195385594,in_store,0
case_001441,4.615282,423.244405,1,0.717655,0,0.000588832937,in_store,0
case_001442,44.356343,1123.817426,4,0.754641,0,0.004425747233,in_store,0
case_001443,142.341361,366.517438,0,0.830844,0,0.003206468625,mobile,0
case_001444,67.02178,223.541443,4,0.748485,0,0.012200490584,web,0
case_001445,51.933664,1377.212082,1,0.513946,0,0.008171100812,web,0
case_001446,19.036671,61.41939,1,0.796637,0,0.001842825209,web,0
case_001447,25.916823,536.587323,0,0.718941,0,0.001949917631,mobile,0
case_001448,54.637584,70.094076,0,0.782021,0,0.002547141048,web,0
case_001449,24.853544,404.444638,2,0.673995,0,0.003124635995,in_store,0
case_001450,89.824258,888.549157,4,0.827256,0,0.004726010514,in_store,0
case_001451,15.852703,411.862737,3,0.855562,0,0.001441405161,web,0
case_001452,202.727994,447.541774,3,0.472328,0,0.057341738202,in_store,0
case_001453,24.516762,685.852733,1,0.721262,0,0.001337179065,in_store,0
case_001454,12.418633,1106.467776,1,0.764508,0,0.00058505355,in_store,0
case_001455,19.156177,1207.669142,9,0.946655,0,0.00703480187,web,0
case_001456,220.852405,1301.337451,0,0.652821,0,0.004670421956,in_store,0
case_001457,140.995348,888.962403,3,0.568815,0,0.021098941992,in_store,0
case_001458,43.33785,242.572279,1,0.621545,0,0.00481533592,in_store,0
case_001459,7.067867,278.527231,2,0.88063,0,0.000450241636,in_store,0
case_001460,20.69208,533.500402,3,0.860058,0,0.001193083226,in_store,0
case_001461,50.649591,484.52179,1,0.835092,0,0.0011489385,in_store,0
case_001462,7.99568,1095.588099,1,0.471077,0,0.00539789139,mobile,0
case_001463,32.052177,468.8934,2,0.858094,0,0.00142908969,web,0
case_001464,43.185611,297.407432,3,0.575867,0,0.013107483262,in_store,0
case_001465,23.804306,444.634666,2,0.968834,0,0.000603265373,web,0
case_001466,118.604549,364.160707,0,0.688134,1,0.018647192898,web,0
case_001467,39.515553,1212.582538,4,0.685466,0,0.006187302427,in_store,0
case_001468,24.143214,172.970881,3,0.820327,0,0.002332783758,in_store,0
case_001469,12.157867,2487.758203,4,0.895939,0,0.000651869538,in_store,0
case_001470,65.811754,1018.635648,0,0.930629,0,0.000406779719,in_store,0
case_001471,165.11177,1915.807293,4,0.658451,0,0.029991590696,mobile,0
case_001472,16.918629,157.319429,1,0.556175,0,0.005847869876,web,0
case_001473,39.470413,1159.25114,3,0.456586,0,0.017480619394,in_store,0
case_001474,87.067092,674.949828,1,0.799517,0,0.001841950624,in_store,0
case_001475,5.153676,746.893294,1,0.841167,0,0.000244860448,in_store,0
case_001476,53.889761,727.860887,1,0.40043,0,0.020231487657,web,0
case_001477,80.553344,382.600349,1,0.621522,0,0.006259805692,in_store,0
case_001478,4.28439,343.954171,3,0.786156,0,0.000859475934,in_store,0
case_001479,15.691068,1294.526973,3,0.960512,0,0.000533014606,web,0
case_001480,47.652894,33.692597,3,0.808134,0,0.007901290441,web,0
case_001481,4.218072,880.690042,1,0.872545,0,0.000172335429,in_store,0
case_001482,32.940258,1358.093411,1,0.894491,0,0.000574083968,web,0
case_001483,9.256885,645.135287,0,0.533807,0,0.003135915592,mobile,0
case_001484,7.639451,550.755249,2,0.881344,0,0.000384347587,in_store,0
case_001485,81.442343,727.58873,0,0.849062,0,0.001098871043,web,0
case_001486,20.882052,103.717282,2,0.61796,0,0.00754974935,web,0
case_001487,31.679102,955.020819,1,0.557282,0,0.003963671267,in_store,0
case_001488,5.874444,1001.262964,0,0.663805,0,0.000494082821,in_store,0
case_001489,61.250408,684.74748,0,0.812573,0,0.001170393749,web,0
case_001490,6.957401,639.894474,3,0.803384,0,0.000840559229,in_store,0
case_001491,76.586293,179.841809,3,0.754513,0,0.007203958542,in_store,0
case_001492,92.003342,287.012151,2,0.833634,0,0.00375396069,web,0
case_001493,9.309331,637.476764,2,0.985866,0,0.000215021525,in_store,0
case_001494,44.829765,1075.115713,0,0.805975,0,0.00087668512,web,0
case_001495,12.336082,570.021725,2,0.504968,0,0.006766017313,web,0
case_001496,22.425014,328.772982,0,0.432316,0,0.008208084237,web,0
case_001497,53.254989,1082.741589,2,0.808315,0,0.001642719111,in_store,0
case_001498,24.034756,1427.342576,2,0.859133,0,0.001278703542,mobile,0
case_001499,21.118703,581.099441,0,0.807519,0,0.000503992506,in_store,0
case_001500,14.73467,552.849297,0,0.694901,0,0.001063173748,web,0
case_001501,6.277151,386.667169,5,0.873448,0,0.001299793175,in_store,0
case_001502,31.296943,88.942902,1,0.563325,0,0.009635257874,web,0
case_001503,57.586268,532.819834,2,0.706055,0,0.007659059538,mobile,0
case_001504,31.293362,442.051051,0,0.814331,0,0.000668753489,in_store,0
case_001505,18.311974,1575.649107,2,0.630457,0,0.002932625723,web,0
case_001506,67.60842,22.493489,3,0.751563,0,0.012223085424,in_store,0
case_001507,29.990956,2324.589325,2,0.796875,0,0.001260527767,web,0
case_001508,6.246818,945.917795,1,0.901841,0,0.000173991487,in_store,0
case_001509,7.067577,998.524503,3,0.700392,0,0.00181911316,web,0
case_001510,128.227231,580.549075,0,0.801574,0,0.001646155846,in_store,0
case_001511,116.887636,866.76124,3,0.861092,0,0.003086855698,in_store,0
case_001512,8.398065,1440.744841,0,0.460672,0,0.003700677464,mobile,0
case_001513,13.240932,48.414508,4,0.758589,0,0.009641078921,mobile,0
case_001514,133.243081,44.036051,1,0.434145,0,0.04985588235,in_store,0
case_001515,61.332201,542.624112,3,0.528625,0,0.018389671771,in_store,0
case_001516,23.180783,319.775435,0,0.324078,0,0.012878974821,in_store,0
case_001517,2.006659,382.982593,2,0.83694,0,0.000364579687,web,0
case_001518,31.298386,1025.605314,4,0.635383,0,0.007656139377,in_store,0
case_001519,174.860862,665.343987,1,0.802978,0,0.002834620774,in_store,0
case_001520,9.455913,899.582068,1,0.586809,0,0.003065580726,mobile,0
case_001521,8.174322,1884.68414,1,0.445351,0,0.002869118504,in_store,0
case_001522,31.974026,1275.42429,0,0.566389,0,0.002340956796,in_store,0
case_001523,134.306722,703.630641,2,0.916309,0,0.00328480863,mobile,0
case_001524,11.648425,9.754616,1,0.51215,0,0.013351546207,web,0
case_001525,29.115494,349.34236,1,0.596992,0,0.003930291817,in_store,0
case_001526,15.441275,252.894403,1,0.749728,0,0.001124602651,in_store,0
case_001527,45.162981,440.109003,2,0.688914,0,0.004044624794,in_store,0
case_001528,63.185149,886.076603,3,0.779084,0,0.006583680868,mobile,0
case_001529,51.038039,65.661115,3,0.582904,0,0.027334958706,web,0
case_001530,34.354988,61.670348,2,0.534439,0,0.015595330297,in_store,0
case_001531,30.879096,677.072089,0,0.87214,0,0.000524130815,web,1
case_001532,16.697145,1069.225195,4,0.803711,0,0.002306309314,web,0
case_001533,13.926825,1035.938033,1,0.75461,0,0.000872800638,web,0
case_001534,10.590986,56.894702,2,0.510875,0,0.017131395814,mobile,0
case_001535,13.146292,1224.289464,2,0.631977,0,0.002554825527,web,0
case_001536,114.781413,2.308088,1,0.511071,0,0.059364567023,in_store,0
case_001537,15.420891,401.172523,4,0.712598,0,0.005150333888,web,0
case_001538,4.537761,1038.021041,3,0.840986,0,0.000873460634,mobile,0
case_001539,17.049182,57.876151,2,0.738624,0,0.003721014774,web,0
case_001540,48.771931,701.234925,0,0.86534,0,0.000563158643,in_store,0
case_001541,26.091113,538.151684,1,0.693567,0,0.001773142276,in_store,0
case_001542,42.724372,998.335598,4,0.82796,0,0.003635235761,web,0
case_001543,76.450184,4.724384,1,0.649279,0,0.017158669414,in_store,0
case_001544,36.6371,719.907567,1,0.717643,0,0.002227322238,web,0
case_001545,42.059682,311.02797,0,0.620112,0,0.002999592127,in_store,0
case_001546,104.896354,277.161221,3,0.853021,0,0.00421468606,in_store,0
case_001547,20.502981,4000,0,0.507166,0,0.002362130597,web,0
case_001548,71.838235,4.938133,1,0.268756,0,0.151835596529,in_store,0
case_001549,117.795113,1279.970256,3,0.895972,0,0.002228673244,in_store,0
case_001550,116.342473,717.935201,1,0.753755,0,0.002898950425,in_store,0
case_001551,112.968392,657.300821,1,0.713551,0,0.004808752522,web,0
case_001552,47.840173,166.459775,0,0.561885,0,0.005602274791,in_store,0
case_001553,21.676194,733.082531,0,0.32974,0,0.009398087578,in_store,0
case_001554,13.203987,680.101297,2,0.504143,0,0.005249658644,in_store,0
case_001555,27.966033,456.224438,0,0.883653,0,0.000400438936,in_store,0
case_001556,37.646414,71.303458,0,0.673127,0,0.0039447,web,0
case_001557,120.916088,533.634008,1,0.533405,0,0.016269251935,web,0
case_001558,115.910755,299.911158,3,0.865876,0,0.007737433428,mobile,0
case_001559,78.582014,380.229422,1,0.1805,0,0.157753291364,mobile,0
case_001560,67.239665,440.568365,2,0.806277,0,0.002507174115,in_store,0
case_001561,54.087322,168.046357,1,0.77568,0,0.003027959033,web,0
case_001562,76.18217,1047.586312,1,0.690633,0,0.005605524069,mobile,0
case_001563,8.494575,1440.578491,2,0.852353,0,0.000708854104,mobile,0
case_001564,7.371095,1262.324012,2,0.748118,0,0.000872703549,web,0
case_001565,36.34645,612.567345,0,0.66532,0,0.001694659751,in_store,0
case_001566,9.541979,801.566151,2,0.590167,0,0.00241497615,in_store,0
case_001567,8.845981,18.010096,2,0.624183,1,0.022118403874,in_store,0
case_001568,25.430213,204.593187,3,0.916018,0,0.001263395483,in_store,0
case_001569,69.132904,1257.820937,4,0.868095,0,0.002802324304,in_store,0
case_001570,38.764937,570.214781,0,0.836014,0,0.000797069074,web,0
case_001571,44.798792,33.356411,1,0.663311,0,0.012744550979,mobile,0
case_001572,27.444195,689.50367,1,0.125181,1,0.236620202249,web,0
case_001573,22.488089,246.913664,0,0.83974,0,0.000549567295,in_store,0
case_001574,33.412976,107.052262,0,0.729836,0,0.001781627289,in_store,0
case_001575,34.910302,145.829571,1,0.473981,0,0.015546472841,web,0
case_001576,24.029362,299.65993,5,0.814603,1,0.02299110152,web,0
case_001577,32.099483,1480.286739,3,0.603703,0,0.005763472283,in_store,0
case_001578,21.801281,539.00115,2,0.389986,0,0.029156142857,mobile,0
case_001579,22.511745,221.705227,4,0.306487,0,0.127902029563,mobile,1
case_001580,342.689725,452.911929,2,0.724607,0,0.022251858546,mobile,0
case_001581,6.020082,337.576854,2,0.599156,0,0.002893520917,web,0
case_001582,38.609418,503.959626,0,0.93806,0,0.000339348661,in_store,0
case_001583,190.211778,171.960119,0,0.980632,0,0.000988417403,in_store,0
case_001584,49.554012,820.328593,1,0.764403,0,0.002891086069,mobile,0
case_001585,43.51933,1800.856016,0,0.635053,0,0.002151528223,web,0
case_001586,125.397953,228.410005,0,0.926012,0,0.000978518742,in_store,0
case_001587,25.840743,36.64823,1,0.734316,0,0.002965880369,in_store,0
case_001588,29.671786,829.860806,5,0.490641,0,0.052702258803,mobile,0
case_001589,55.419002,314.005925,0,0.504282,0,0.007322402502,in_store,0
case_001590,60.686674,89.349546,2,0.579102,0,0.028773824665,mobile,0
case_001591,40.718204,301.396508,0,0.731335,0,0.001902182858,web,0
case_001592,161.74619,67.15332,1,0.684386,0,0.01090931475,in_store,0
case_001593,46.636324,303.639547,3,0.720234,0,0.005591909309,in_store,0
case_001594,91.010808,893.187706,4,0.909274,0,0.00285555241,in_store,0
case_001595,101.921479,372.890595,3,0.788215,0,0.010828301585,mobile,0
case_001596,56.069999,1283.135172,1,0.96517,0,0.000409744997,in_store,0
case_001597,121.897053,865.062072,1,0.615036,0,0.006707793775,in_store,0
case_001598,16.689894,62.743253,3,0.722199,0,0.008742705312,mobile,0
case_001599,19.014356,41.341464,2,0.748949,0,0.006112857458,mobile,0
case_001600,27.643934,297.532661,3,0.554107,0,0.011348612876,in_store,0
case_001601,16.468986,469.266821,3,0.629889,0,0.005795504573,web,0
case_001602,30.856751,705.681744,0,0.893688,0,0.000674792207,mobile,0
case_001603,18.707308,82.698854,0,0.774364,0,0.0010122228,in_store,0
case_001604,53.459515,959.902419,1,0.694772,0,0.002339588162,in_store,0
case_001605,16.5996,9.375424,2,0.701822,0,0.007614329397,web,0
case_001606,6.336664,67.242176,2,0.816017,0,0.000955866807,in_store,0
case_001607,17.617031,1224.732272,1,0.659773,0,0.001734339012,web,0
case_001608,117.120649,710.634496,1,0.833826,0,0.001772344648,in_store,0
case_001609,120.035718,726.724548,1,0.65251,0,0.00553492753,in_store,0
case_001610,93.230514,840.176298,3,0.596831,0,0.013892749173,in_store,0
case_001611,86.737271,919.166949,2,0.620909,0,0.009676509856,web,0
case_001612,28.893336,49.70195,4,0.62027,0,0.019019979696,in_store,0
case_001613,42.547375,649.226574,1,0.731697,0,0.003444054718,mobile,0
case_001614,15.990997,721.007808,5,0.540759,0,0.01484453479,in_store,0
case_001615,21.419063,1843.193806,1,0.478359,0,0.005378726831,web,0
case_001616,67.721977,936.76917,2,0.551245,0,0.012651642683,web,0
case_001617,25.856677,1510.839774,1,0.836061,0,0.001026887472,mobile,0
case_001618,35.102885,33.119562,1,0.877353,0,0.001945683625,web,0
case_001619,22.317346,508.679678,2,0.693431,0,0.003108117659,web,0
case_001620,55.251413,146.934878,1,0.668834,0,0.004837298949,in_store,0
case_001621,10.767142,2619.831948,5,0.849537,0,0.001516489608,web,0
case_001622,28.106131,167.447318,0,0.691903,0,0.001779339351,in_store,0
case_001623,5.756134,940.404619,2,0.693613,0,0.00090568474,in_store,0
case_001624,38.756558,1028.971677,4,0.781539,0,0.003526381374,in_store,0
case_001625,51.124921,766.866702,0,0.533286,0,0.004486958823,in_store,0
case_001626,171.627799,2340.82155,0,0.848248,0,0.00189346984,mobile,0
case_001627,13.411114,824.194811,1,0.769629,0,0.000830181286,web,0
case_001628,29.97332,731.096601,3,0.60149,0,0.006866521524,in_store,0
case_001629,20.279844,2314.748691,3,0.874925,0,0.000899260078,web,0
case_001630,11.192525,611.432475,2,0.690677,0,0.001968668509,web,0
case_001631,53.032433,1639.097324,1,0.522417,0,0.007470636258,web,0
case_001632,84.881602,2893.50833,4,0.740911,0,0.00553685504,in_store,0
case_001633,182.045655,245.144457,2,0.697579,0,0.014134387076,web,0
case_001634,47.941363,24.11438,5,0.788155,0,0.016722492939,in_store,0
case_001635,135.123342,1345.187342,4,0.838503,0,0.00650886387,web,0
case_001636,2.528948,3959.335519,0,0.73033,0,0.000141609949,in_store,0
case_001637,14.551022,1952.286996,2,0.553154,0,0.003021298389,in_store,0
case_001638,13.511954,532.28551,2,0.626529,0,0.002667508358,in_store,0
case_001639,155.194026,873.436037,3,0.841046,1,0.021424405862,web,0
case_001640,49.491257,1374.625596,1,0.300149,0,0.029515691386,web,0
case_001641,95.168671,158.007577,0,0.918242,0,0.000957064531,in_store,0
case_001642,29.439894,464.953008,4,0.957129,0,0.002391113674,mobile,0
case_001643,277.417703,362.967166,1,0.321372,0,0.084869012759,in_store,0
case_001644,64.138536,237.415665,3,0.711515,1,0.030725980337,in_store,0
case_001645,57.431889,1364.859779,1,0.686493,0,0.002327797638,in_store,0
case_001646,41.09186,51.932089,1,0.753821,0,0.004084603674,web,0
case_001647,33.678528,914.947051,1,0.722642,0,0.001487720993,in_store,0
case_001648,29.245053,264.157794,0,0.374168,0,0.011529296715,in_store,0
case_001649,25.193933,809.155331,1,0.586891,0,0.003844867678,web,0
case_001650,56.146011,385.75104,3,0.554926,0,0.016319352925,in_store,0
case_001651,63.060043,244.213453,3,0.758312,0,0.007296965337,web,0
case_001652,22.313898,778.675841,4,0.803722,0,0.002356272219,in_store,0
case_001653,8.435254,3.842312,1,0.568574,0,0.007667238721,in_store,0
case_001654,18.828315,81.874574,3,0.603156,0,0.00957376835,in_store,0
case_001655,5.387057,1182.732028,1,0.713721,0,0.000931512488,mobile,0
case_001656,10.047621,770.97544,3,0.706764,0,0.002311066309,web,0
case_001657,29.88199,1513.181732,3,0.799374,0,0.002076777025,web,0
case_001658,8.138068,619.267744,0,0.697431,0,0.000711444897,web,0
case_001659,14.546881,1253.1742,1,0.647036,1,0.006695377456,web,0
case_001660,59.182866,2314.16591,2,0.864694,0,0.001271704146,web,0
case_001661,30.237778,843.027745,0,0.913175,0,0.000292492541,in_store,0
case_001662,6.994619,578.801208,4,0.430782,0,0.01667990355,web,0
case_001663,27.418205,631.517137,3,0.462231,0,0.016029650743,in_store,0
case_001664,215.895331,385.293231,2,0.495294,0,0.069023505961,mobile,0
case_001665,29.106988,513.393439,6,0.63241,0,0.019755104793,in_store,0
case_001666,2.953833,692.635966,4,0.627578,0,0.002313565203,in_store,0
case_001667,48.331358,2876.559294,1,0.40492,0,0.018377887247,mobile,0
case_001668,11.693752,1380.027915,1,0.451507,0,0.003730601707,in_store,0
case_001669,160.58606,467.580763,2,0.16188,0,0.237648524994,web,0
case_001670,9.310225,179.696278,2,0.785511,0,0.00108605217,in_store,0
case_001671,7.658621,965.18908,2,0.823596,0,0.000602017762,web,0
case_001672,8.431239,868.378288,3,0.749967,1,0.004843651063,in_store,0
case_001673,13.528749,427.225538,3,0.730823,0,0.002197626043,in_store,0
case_001674,10.656658,95.726734,2,0.696054,0,0.003163335895,web,0
case_001675,50.283349,283.518543,3,0.907856,0,0.001859506515,in_store,0
case_001676,31.261548,196.138654,1,0.678542,0,0.002922643714,in_store,0
case_001677,36.782414,541.266984,0,0.703255,0,0.001792953661,web,0
case_001678,84.965434,1123.270657,0,0.922722,0,0.000489289212,in_store,0
case_001679,5.945775,523.713448,0,0.606145,0,0.001105366831,web,0
case_001680,23.365182,89.053251,1,0.772734,0,0.001700739889,in_store,0
case_001681,39.14859,2023.387226,1,0.880981,0,0.000620262004,web,0
case_001682,28.115307,609.983308,2,0.4719,0,0.010512793541,in_store,0
case_001683,43.007705,1164.519956,1,0.474437,0,0.009726123747,web,0
case_001684,17.850647,122.001703,0,0.777336,0,0.001651625561,mobile,0
case_001685,3.878752,1515.626023,1,0.334504,0,0.004049749311,in_store,0
case_001686,24.836841,596.278154,2,0.658983,0,0.003064213927,in_store,0
case_001687,161.737587,3670.136363,0,0.494287,0,0.007579747332,in_store,0
case_001688,25.949786,1251.381797,0,0.93853,0,0.000387146881,mobile,0
case_001689,4.684457,2308.587395,1,0.581028,0,0.000850243282,in_store,0
case_001690,22.878794,331.982611,2,0.815874,0,0.001664990589,web,0
case_001691,20.793914,520.388966,2,0.845773,0,0.000890082229,in_store,0
case_001692,40.967448,347.726061,2,0.781456,0,0.002935042873,web,0
case_001693,27.280382,292.594227,0,0.475569,0,0.007330184607,web,0
case_001694,15.99221,374.551511,0,0.465023,0,0.005244022443,web,0
case_001695,62.744163,780.091239,2,0.915243,0,0.001321351964,web,0
case_001696,18.533407,1541.315228,1,0.501537,0,0.004486470394,web,0
case_001697,235.667713,70.138525,4,0.80019,0,0.027345696568,web,0
case_001698,6.689222,53.505259,2,0.731105,0,0.00178746258,in_store,0
case_001699,24.866165,1896.157965,3,0.949,0,0.000530589312,in_store,0
case_001700,139.942506,1842.184421,3,0.725366,0,0.006478010826,in_store,0
case_001701,24.911726,419.669859,1,0.886004,0,0.001066282752,mobile,0
case_001702,68.638576,170.702459,0,0.593172,0,0.010973826153,mobile,0
case_001703,34.008643,919.672198,2,0.703669,0,0.003195130468,web,0
case_001704,5.944679,339.475726,3,0.594295,0,0.004373568447,web,0
case_001705,3.502077,82.712917,1,0.70177,0,0.001160469681,web,0
case_001706,22.377897,47.810298,3,0.641859,0,0.009760923096,in_store,0
case_001707,7.569428,1403.184664,2,0.616205,0,0.001525060445,in_store,0
case_001708,17.304893,462.919396,2,0.74945,0,0.00192552695,web,0
case_001709,7.379412,791.600668,2,0.386056,0,0.014153513219,mobile,0
case_001710,115.558649,49.135188,1,0.341219,0,0.096233639262,web,0
case_001711,79.532291,1106.833168,0,0.637433,0,0.002794923975,in_store,0
case_001712,10.560419,86.133113,2,0.951391,0,0.000659256676,web,0
case_001713,114.777134,1847.670156,0,0.644359,0,0.005575224682,mobile,0
case_001714,33.966443,329.198113,4,0.89226,0,0.002265682053,in_store,0
case_001715,68.852405,195.511543,1,0.668782,0,0.006572413603,web,0
case_001716,976.565526,467.85447,0,0.59437,0,0.023326859296,in_store,0
case_001717,34.658546,2779.617936,4,0.627441,0,0.008234003245,web,0
case_001718,94.410649,12.874964,1,0.813339,0,0.007061657079,web,0
case_001719,77.745213,2638.482087,2,0.739123,0,0.004750229649,mobile,0
case_001720,57.601426,90.875444,0,0.643318,0,0.008625271483,mobile,0
case_001721,35.252184,1069.186458,0,0.634127,0,0.00171743216,in_store,0
case_001722,10.458346,95.021497,2,0.359414,0,0.037041112174,mobile,0
case_001723,147.832238,1159.440572,1,0.733717,0,0.003333488993,in_store,0
case_001724,12.356761,316.639282,2,0.955547,0,0.000483925179,web,0
case_001725,31.748701,3090.546901,0,0.634472,0,0.001511956177,web,0
case_001726,9.786615,1338.836442,2,0.837216,0,0.000451598304,in_store,0
case_001727,23.883242,113.360236,2,0.81527,1,0.00943361783,web,0
case_001728,98.256059,206.261297,2,0.942781,1,0.006860489101,in_store,0
case_001729,171.205106,88.675552,0,0.364554,0,0.063304668371,web,0
case_001730,49.381794,1041.124658,1,0.793266,0,0.001175032673,in_store,0
case_001731,108.258337,1944.602618,3,0.677063,0,0.007302304037,in_store,0
case_001732,38.149074,332.570929,1,0.663722,0,0.005956228987,mobile,0
case_001733,11.692393,301.518797,0,0.946421,0,0.000229194218,web,0
case_001734,39.948604,58.53052,1,0.813048,0,0.002089441925,in_store,0
case_001735,13.909447,1044.202037,4,0.750527,0,0.002255966537,in_store,0
case_001736,39.679807,136.884811,0,0.918625,0,0.000730722249,web,0
case_001737,5.109462,294.687391,1,0.931603,0,0.00018154245,in_store,0
case_001738,24.147721,1882.99013,5,0.297674,0,0.079382197521,web,0
case_001739,12.660023,46.744424,0,0.725994,0,0.001631230702,web,0
case_001740,19.00017,1813.315775,1,0.792433,0,0.00055150084,in_store,0
case_001741,25.793464,831.454727,1,0.771109,0,0.001829759817,mobile,0
case_001742,162.327588,549.605308,2,0.553286,0,0.03725565769,mobile,0
case_001743,115.278499,333.330969,3,0.892684,0,0.006332503799,mobile,0
case_001744,48.820929,495.084307,3,0.886595,0,0.00177238435,in_store,0
case_001745,130.36349,2160.065913,1,0.640672,0,0.004580416294,in_store,0
case_001746,52.256368,861.482641,1,0.808957,0,0.001498036931,web,0
case_001747,23.570508,950.280613,0,0.81716,0,0.000843058167,mobile,0
case_001748,314.740776,447.85105,1,0.806931,1,0.023156022521,web,0
case_001749,12.898372,495.513862,0,0.792822,0,0.000427883357,in_store,0
case_001750,3.596248,977.541577,3,0.772271,0,0.000631775348,in_store,0
case_001751,39.843362,352.278517,0,0.818022,0,0.000813154779,in_store,0
case_001752,62.002499,1297.67601,1,0.448036,0,0.013973980553,web,0
case_001753,30.251949,162.545031,2,0.797937,0,0.002726845532,web,0
case_001754,619.869133,1545.789583,1,0.852996,0,0.003679429218,in_store,0
case_001755,34.399544,206.69006,4,0.673873,0,0.010156216415,in_store,0
case_001756,12.193347,465.775943,1,0.746391,0,0.001070025248,web,0
case_001757,28.490151,258.057341,2,0.839189,0,0.0017760649,web,0
case_001758,7.066837,37.952482,1,0.758057,0,0.001160978198,in_store,0
case_001759,33.689972,374.050492,1,0.925575,0,0.000543624495,in_store,0
case_001760,173.178583,1298.278626,2,0.981139,1,0.005854530718,web,0
case_001761,162.611515,683.40523,3,0.859856,0,0.005285383102,web,0
case_001762,24.842216,182.209493,2,0.629626,0,0.005185973648,in_store,0
case_001763,7.597404,52.207222,6,0.570858,0,0.024780547981,in_store,0
case_001764,269.889213,1270.110718,0,0.815074,0,0.001947965322,in_store,0
case_001765,47.391971,193.621039,2,0.901419,0,0.001406605461,in_store,0
case_001766,71.960184,1018.038831,4,0.739958,0,0.006784444127,in_store,0
case_001767,18.811038,638.048612,3,0.412842,0,0.021967330748,web,0
case_001768,30.080802,495.923585,1,0.819568,0,0.00173045002,mobile,0
case_001769,18.622635,813.079336,1,0.329227,0,0.023295495892,mobile,0
case_001770,7.314589,674.266937,3,0.776377,0,0.00100827605,in_store,0
case_001771,51.095534,184.423971,4,0.482479,0,0.079509640586,mobile,0
case_001772,48.1566,809.243755,3,0.447013,0,0.029653305851,web,0
case_001773,15.252348,196.894911,1,0.709013,0,0.001986158205,web,0
case_001774,38.393523,112.442342,1,0.863668,0,0.001231393288,in_store,0
case_001775,55.349458,764.462281,2,0.819406,0,0.0017384067,in_store,0
case_001776,11.636811,93.80634,2,0.88315,0,0.001043651694,web,0
case_001777,13.013876,925.779146,3,0.433188,0,0.020702205501,mobile,0
case_001778,13.288748,232.665751,3,0.407245,0,0.036265017548,mobile,0
case_001779,123.570345,93.501821,2,0.653838,0,0.014883947141,in_store,1
case_001780,21.516406,646.932166,0,0.683628,0,0.002050135627,mobile,0
case_001781,71.603279,837.520861,2,0.729901,0,0.003486052817,in_store,0
case_001782,30.530954,1573.970537,1,0.905658,0,0.00048892455,web,0
case_001783,4.869833,38.371612,0,0.63838,0,0.001342357474,in_store,0
case_001784,20.101006,1540.736052,1,0.937225,0,0.000242332062,in_store,0
case_001785,3.80571,398.274019,2,0.664402,0,0.0011185558,in_store,0
case_001786,11.425544,2318.893651,1,0.700448,0,0.000669374539,in_store,0
case_001787,27.55581,196.694051,2,0.479427,0,0.01754746152,web,0
case_001788,19.155117,748.359312,2,0.721339,0,0.001655154583,in_store,0
case_001789,34.257946,776.030576,1,0.880766,0,0.000754610085,web,0
case_001790,8.284978,2707.374719,1,0.582604,0,0.001418814828,web,0
case_001791,17.01097,2068.921438,2,0.848318,0,0.000991521958,mobile,0
case_001792,60.285166,1375.421172,1,0.774915,0,0.001379849368,in_store,0
case_001793,18.329449,143.898031,3,0.946993,0,0.001207967465,web,0
case_001794,163.747448,1355.27864,1,0.851048,0,0.003131326307,mobile,0
case_001795,26.810041,2011.705767,4,0.661981,1,0.019371055764,in_store,0
case_001796,11.403611,212.684905,1,0.680466,1,0.011667645682,mobile,0
case_001797,5.520957,1652.943485,3,0.820844,0,0.000502380242,in_store,0
case_001798,15.318403,1409.662235,2,0.585299,0,0.003598196813,web,0
case_001799,56.126915,1397.430502,0,0.853372,0,0.00103956675,mobile,0
case_001800,10.850186,500.511847,1,0.732722,0,0.000829134061,in_store,0
case_001801,14.143411,101.006137,4,0.673075,0,0.007253217603,in_store,0
case_001802,100.73313,1182.871008,1,0.748594,0,0.0030289422,web,0
case_001803,25.393801,136.57461,0,0.791204,0,0.001223403461,web,0
case_001804,34.584223,371.267119,0,0.841688,0,0.00063164161,in_store,0
case_001805,28.291519,809.316326,3,0.763962,0,0.002339317827,in_store,0
case_001806,15.800209,1026.171123,2,0.510112,0,0.005004740668,in_store,0
case_001807,30.578688,20.623755,3,0.456437,0,0.046187468673,in_store,0
case_001808,38.329485,243.021343,2,0.49213,0,0.014659888151,in_store,1
case_001809,42.113579,156.537709,2,0.615679,0,0.008221801176,in_store,1
case_001810,7.465279,45.354653,3,0.575617,0,0.00994419106,web,0
case_001811,19.349043,122.22864,2,0.861112,0,0.001511636284,web,0
case_001812,27.939145,772.672022,1,0.899157,0,0.00059247726,web,0
case_001813,17.075155,28.612556,2,0.555249,0,0.011068146747,in_store,0
case_001814,43.967279,293.525049,0,0.552261,0,0.006137430575,web,0
case_001815,38.930669,41.708988,3,0.613007,0,0.017085286706,in_store,0
case_001816,1.000559,3013.879747,1,0.675495,0,0.000423691622,mobile,0
case_001817,21.004978,135.198521,3,0.374051,0,0.03611031076,in_store,1
case_001818,10.825392,34.706028,3,0.862858,0,0.002232002426,web,0
case_001819,25.902426,140.905244,2,0.645323,0,0.005199084939,in_store,0
case_001820,31.480919,109.604289,0,0.792117,0,0.001483196908,web,0
case_001821,303.822043,963.498458,4,0.912096,0,0.011354064533,mobile,0
case_001822,24.848502,729.809542,0,0.41378,0,0.007793465763,web,0
case_001823,59.696041,434.078161,4,0.577051,0,0.03956142899,mobile,0
case_001824,21.955134,169.886322,1,0.983069,0,0.000365029454,in_store,0
case_001825,1.886948,280.381244,1,0.608457,0,0.000852080775,in_store,0
case_001826,42.477246,590.310149,3,0.723906,0,0.005450431274,web,0
case_001827,23.041041,378.661196,4,0.58326,0,0.014911741756,web,0
case_001828,67.030963,330.470786,3,0.491303,0,0.035812569912,web,0
case_001829,556.934229,1064.727581,2,0.730581,0,0.012078452426,in_store,0
case_001830,82.772048,139.207496,0,0.605058,0,0.012173062849,mobile,0
case_001831,22.515033,1932.721044,1,0.62105,0,0.002250100533,web,0
case_001832,134.395794,1542.763716,2,0.865685,0,0.001875347783,in_store,0
case_001833,595.29488,127.395437,5,0.820271,0,0.042059692263,in_store,0
case_001834,82.350814,1374.769154,1,0.850616,0,0.001050429776,in_store,0
case_001835,29.401324,351.241223,1,0.714501,0,0.003629679739,mobile,0
case_001836,10.100607,641.453381,1,0.691724,0,0.000955073286,in_store,0
case_001837,169.959024,536.537134,0,0.781688,0,0.004370380664,mobile,0
case_001838,14.539694,367.099896,3,0.951617,0,0.000776230622,web,0
case_001839,230.024144,24.730133,2,0.574634,0,0.051342289229,in_store,1
case_001840,87.140719,1274.029425,1,0.777316,0,0.001759654282,in_store,0
case_001841,124.162376,1960.436313,0,0.70017,0,0.002130514842,in_store,0
case_001842,16.105891,303.108742,2,0.538138,0,0.007761505763,web,0
case_001843,64.951878,1767.782526,1,0.535589,0,0.007659965923,web,0
case_001844,12.669356,412.171854,1,0.677359,1,0.00549209957,in_store,0
case_001845,7.187413,400.151763,1,0.496023,1,0.023199817481,mobile,0
case_001846,137.124234,596.278151,2,0.79552,0,0.003877732391,in_store,0
case_001847,24.008136,383.369776,1,0.556423,0,0.00436666129,in_store,0
case_001848,21.389269,2462.160213,5,0.781262,0,0.002795631047,in_store,0
case_001849,20.770557,499.580956,1,0.779578,0,0.001179758058,web,0
case_001850,69.463132,232.203643,0,0.925391,0,0.000858712615,web,0
case_001851,138.488093,1548.284571,3,0.921195,0,0.002565963984,web,0
case_001852,32.830576,2628.802993,2,0.456155,0,0.015916825334,mobile,0
case_001853,6.079578,623.993833,3,0.732089,0,0.00122491058,in_store,0
case_001854,45.385388,1072.919343,3,0.772988,0,0.003521589341,web,0
case_001855,25.962759,663.625415,1,0.772395,0,0.001016863246,in_store,0
case_001856,84.44625,957.826497,0,0.780379,0,0.002376069804,mobile,0
case_001857,11.73629,818.472953,2,0.722544,0,0.002273469091,mobile,0
case_001858,5.213238,166.408874,4,0.822445,0,0.001391250225,in_store,0
case_001859,2.445954,800.9359,2,0.608396,0,0.001043475769,in_store,0
case_001860,3.829205,431.32205,0,0.393674,0,0.003476363625,web,0
case_001861,420.01533,404.775193,4,0.863815,0,0.012710158611,in_store,0
case_001862,24.876642,183.33694,1,0.746556,0,0.003232716269,mobile,0
case_001863,33.683121,95.455443,1,0.748621,0,0.002436384363,in_store,0
case_001864,27.280398,1237.204132,2,0.888415,0,0.000627752006,in_store,0
case_001865,139.345003,437.313848,1,0.750375,0,0.00492400404,web,0
case_001866,20.61186,815.504884,2,0.822536,0,0.000898080731,in_store,0
case_001867,31.209341,280.077029,3,0.833375,0,0.002196163202,in_store,0
case_001868,12.520583,249.855529,1,0.522989,0,0.007800779236,mobile,0
case_001869,7.860808,76.157116,1,0.841372,0,0.000771514641,web,0
case_001870,78.000981,308.021481,3,0.671851,0,0.010417627488,in_store,0
case_001871,3.939453,148.265188,2,0.818005,0,0.000581221332,in_store,0
case_001872,31.516213,823.618921,1,0.747503,0,0.001259708226,in_store,0
case_001873,13.58865,1441.747944,1,0.154209,0,0.032243763577,web,0
case_001874,15.675329,66.88138,1,0.406625,0,0.017970910329,web,0
case_001875,22.273516,901.544425,1,0.728145,0,0.001114384083,in_store,0
case_001876,5.931328,864.954946,0,0.466296,0,0.001779051262,in_store,0
case_001877,53.243709,502.797717,1,0.786066,0,0.002045065369,web,0
case_001878,20.076848,424.831709,2,0.539176,0,0.008004009929,web,0
case_001879,7.67459,1234.209379,3,0.898942,0,0.000404229357,in_store,0
case_001880,41.767022,752.352641,2,0.729298,0,0.002561760563,in_store,0
case_001881,20.118237,388.60769,2,0.786524,0,0.001763845966,web,0
case_001882,10.653624,1779.301312,1,0.835047,0,0.000299164676,in_store,0
case_001883,70.166126,127.688595,1,0.737186,0,0.004916522083,web,0
case_001884,66.60607,462.24518,1,0.531546,0,0.011751947446,web,0
case_001885,71.260571,409.212679,2,0.564477,0,0.015275041636,web,0
case_001886,13.894227,558.66134,1,0.662117,0,0.001447593422,in_store,0
case_001887,86.950106,921.195723,6,0.874526,0,0.007457328361,in_store,0
case_001888,51.413303,317.927889,0,0.571066,0,0.004594229225,in_store,0
case_001889,6.642244,36.35314,1,0.824418,0,0.00074976491,in_store,0
case_001890,75.971731,566.744116,3,0.893317,1,0.011181278029,web,0
case_001891,38.729965,887.263065,2,0.533762,1,0.031118971632,in_store,0
case_001892,13.958849,430.951357,3,0.571424,0,0.006026783813,in_store,0
case_001893,40.057892,212.971682,1,0.532957,0,0.0105647208,web,0
case_001894,135.552188,11.294982,1,0.727129,0,0.012262450364,in_store,0
case_001895,7.941619,270.600597,5,0.286225,0,0.060856914686,in_store,1
case_001896,8.080765,278.323596,1,0.855494,0,0.000735709029,mobile,0
case_001897,23.955724,1045.668026,2,0.453028,0,0.009158690232,in_store,0
case_001898,23.727207,356.438231,2,0.783393,0,0.001591888097,in_store,0
case_001899,15.641188,106.624345,2,0.651287,1,0.015939216454,in_store,1
case_001900,15.32655,74.197429,2,0.912983,0,0.001094524399,web,0
case_001901,54.139091,1982.829937,1,0.630501,0,0.005447607734,mobile,0
case_001902,14.250484,280.524099,3,0.830978,0,0.001371748671,in_store,0
case_001903,25.813601,1183.856779,0,0.830842,0,0.000401300542,in_store,0
case_001904,142.84605,51.881081,1,0.905496,0,0.002744662576,in_store,0
case_001905,21.317584,239.739277,4,0.587072,1,0.061232727401,web,0
case_001906,23.770014,418.060629,0,0.847323,0,0.000597722123,web,0
case_001907,71.721402,2396.115339,1,0.215839,0,0.041456565254,in_store,0
case_001908,19.218634,168.101803,1,0.79754,0,0.001074249112,in_store,0
case_001909,87.505415,825.772391,1,0.419013,0,0.018479331912,in_store,0
case_001910,55.734419,2478.464209,3,0.612444,0,0.012678907831,mobile,0
case_001911,76.166401,473.347251,2,0.418966,0,0.054352882651,mobile,0
case_001912,13.089722,447.222665,2,0.954592,0,0.000455869068,web,0
case_001913,69.003045,243.305923,3,0.4598,0,0.047946927287,web,0
case_001914,60.578227,149.888308,2,0.773207,0,0.00393863028,in_store,0
case_001915,13.413432,3105.794055,1,0.688323,0,0.000937418746,web,0
case_001916,64.241577,380.872666,1,0.525428,0,0.012611202019,web,0
case_001917,15.238278,396.334963,1,0.588974,0,0.00266949859,in_store,0
case_001918,23.172475,2316.784105,3,0.613654,0,0.003882029086,in_store,0
case_001919,17.909349,1066.92628,5,0.673385,0,0.006251164464,in_store,0
case_001920,84.739129,410.772043,2,0.629384,0,0.011410495117,web,0
case_001921,128.952484,327.972372,2,0.890184,0,0.002457965246,in_store,0
case_001922,198.703588,2303.816071,4,0.962591,1,0.010340230007,in_store,0
case_001923,63.508517,486.110547,1,0.902184,0,0.000872266103,in_store,0
case_001924,41.291913,480.715343,1,0.607862,0,0.004171851766,in_store,0
case_001925,27.643908,300.228566,1,0.931106,0,0.00063463214,web,0
case_001926,20.164653,193.517861,3,0.365925,0,0.062218074217,mobile,0
case_001927,123.006771,1976.925689,2,0.895296,1,0.005532605865,in_store,0
case_001928,22.750904,270.596881,1,0.7674,0,0.0016094961,web,0
case_001929,122.487683,351.116273,2,0.95049,0,0.001600447133,in_store,0
case_001930,25.049789,325.127661,2,0.765793,0,0.001887460902,in_store,0
case_001931,78.770021,445.540442,1,0.719586,0,0.003207949068,in_store,0
case_001932,45.976209,1014.801073,3,0.653376,0,0.007590156939,web,0
case_001933,51.441722,524.581878,2,0.777975,0,0.003075636633,web,0
case_001934,92.171015,14.663405,2,0.593942,0,0.029808477292,in_store,0
case_001935,53.504639,23.949474,2,0.759817,0,0.006668327897,in_store,0
case_001936,139.662025,168.711496,2,0.641681,0,0.018737804627,web,0
case_001937,111.834261,406.64222,2,0.650557,0,0.00935322309,in_store,0
case_001938,85.257876,105.568282,3,0.505049,0,0.041342880237,in_store,0
case_001939,57.051707,285.243806,1,0.836868,0,0.001835132125,web,0
case_001940,103.447175,194.906369,0,0.682457,0,0.005302754504,web,0
case_001941,90.851818,216.892607,1,0.595337,0,0.009364591062,in_store,0
case_001942,12.085093,1632.028591,3,0.709398,0,0.003040457428,mobile,0
case_001943,92.758302,2122.851828,2,0.710696,0,0.003539184325,in_store,0
case_001944,45.471529,66.526434,1,0.407229,0,0.034326118835,web,0
case_001945,44.32543,309.657645,1,0.705634,0,0.002695910912,in_store,0
case_001946,153.356412,251.348456,0,0.713422,0,0.005232022228,web,0
case_001947,58.937872,965.178608,2,0.616655,0,0.005978143126,in_store,0
case_001948,90.547624,2358.263581,2,0.480662,0,0.014080694752,in_store,0
case_001949,73.472824,883.982699,2,0.887291,0,0.001307423826,in_store,0
case_001950,34.138155,226.17676,2,0.921465,0,0.000963861441,in_store,0
case_001951,17.356348,155.131418,2,0.816901,0,0.00135480586,in_store,0
case_001952,34.480782,1523.19245,2,0.673212,0,0.003365211087,web,0
case_001953,269.234624,1472.919582,1,0.892779,0,0.002179297787,web,0
case_001954,12.477851,919.094699,3,0.721515,0,0.002278681486,web,0
case_001955,113.924666,509.710953,0,0.571558,0,0.012636771342,mobile,0
case_001956,79.692351,523.382958,1,0.928701,0,0.001074011176,web,0
case_001957,32.827974,648.263201,3,0.828091,0,0.001836349493,in_store,0
case_001958,91.936963,174.579546,0,0.709882,0,0.003336250716,in_store,0
case_001959,39.847087,904.361823,0,0.869109,0,0.000576766763,web,0
case_001960,21.99634,1328.347627,2,0.61403,0,0.002979567904,in_store,0
case_001961,12.664585,104.230508,1,0.796049,1,0.003903154928,in_store,0
case_001962,22.506221,1443.931904,1,0.945197,0,0.00025203178,in_store,0
case_001963,18.778477,126.11699,1,0.757818,0,0.001474635068,in_store,0
case_001964,4.468328,1573.83282,3,0.894817,1,0.002219798346,mobile,0
case_001965,30.721179,394.204341,2,0.710273,0,0.003678232209,web,0
case_001966,24.399831,466.1453,4,0.932047,0,0.001666692919,web,0
case_001967,230.079471,334.413376,1,0.845991,0,0.006034993113,mobile,0
case_001968,32.859741,750.60984,4,0.918789,0,0.001480013187,in_store,0
case_001969,91.468658,193.813086,1,0.390243,0,0.043414849883,web,0
case_001970,44.045949,1225.37868,3,0.968179,1,0.003100688202,in_store,0
case_001971,19.931358,517.450144,4,0.75406,0,0.004325099166,web,0
case_001972,36.151999,54.635191,3,0.775629,0,0.005526305239,in_store,0
case_001973,17.880224,2316.509463,3,0.946117,0,0.000415345878,in_store,0
case_001974,4.820104,1063.824241,0,0.924677,0,8.5351309e-05,in_store,0
case_001975,26.149306,1711.466659,2,0.899457,0,0.00066646176,web,0
case_001976,9.934652,816.437945,1,0.594627,0,0.001616362331,in_store,0
case_001977,9.525516,470.720444,3,0.512711,0,0.008639745144,web,0
case_001978,65.536354,749.412646,0,0.763821,0,0.002405590087,mobile,0
case_001979,44.305214,778.177185,0,0.713078,0,0.001707208259,web,0
case_001980,11.523833,198.539921,0,0.764398,0,0.000622969803,in_store,0
case_001981,195.582139,805.500223,1,0.768237,0,0.003578779658,in_store,0
case_001982,55.608215,8.513348,1,0.885362,0,0.003592244037,web,0
case_001983,18.869894,951.1011,2,0.783123,0,0.001040038247,in_store,0
case_001984,28.028085,696.248157,1,0.755029,0,0.001504966821,web,0
case_001985,674.923028,1684.425467,2,0.712753,0,0.013363872154,in_store,1
case_001986,114.716562,98.802803,2,0.90326,0,0.003814181987,web,0
case_001987,49.291188,780.329942,2,0.836376,0,0.001443807561,in_store,0
case_001988,21.78809,228.869655,4,0.645035,0,0.008879243178,in_store,0
case_001989,21.064667,504.746149,1,0.865497,0,0.000540468496,in_store,0
case_001990,22.509827,23.094703,1,0.787047,0,0.002230861039,in_store,0
case_001991,28.804012,1330.899587,1,0.751446,0,0.001933079183,mobile,0
case_001992,98.801653,480.125588,2,0.505243,0,0.02018261086,in_store,0
case_001993,15.662019,711.40691,3,0.572542,0,0.005550373846,in_store,0
case_001994,63.388469,151.866113,1,0.592889,0,0.008378814262,in_store,0
case_001995,35.175327,437.062399,2,0.569692,0,0.013821273311,mobile,0
case_001996,16.137411,121.118967,7,0.854872,0,0.014791820875,mobile,0
case_001997,23.963908,116.609303,1,0.614645,0,0.008170517133,mobile,0
case_001998,1.602077,223.074043,3,0.775872,0,0.000655989233,in_store,0
case_001999,11.781621,530.222203,8,0.67235,0,0.019178909621,in_store,0
case_002000,21.213264,391.819203,0,0.60104,0,0.002639637617,web,0
case_002001,31.580699,697.630217,5,0.887157,0,0.002658373239,in_store,0
case_002002,10.598216,20.314944,2,0.361698,0,0.03002141137,in_store,0
case_002003,59.22143,79.241308,1,0.453443,0,0.042794837414,mobile,0
case_002004,65.424598,205.7762,4,0.744499,0,0.012610987196,web,0
case_002005,54.616373,608.722261,2,0.678617,0,0.004428393873,in_store,0
case_002006,13.665696,141.852015,1,0.644133,1,0.012300029281,web,0
case_002007,26.190332,203.056883,2,0.733244,0,0.003496145377,web,0
case_002008,145.981554,270.700434,1,0.874009,0,0.002103817964,in_store,0
case_002009,44.742711,689.628709,0,0.375036,0,0.011351434318,in_store,0
case_002010,54.798552,954.689563,3,0.750839,1,0.014733811486,in_store,0
case_002011,19.4816,119.344006,3,0.888235,0,0.001910297316,web,0
case_002012,26.274905,858.499901,0,0.66203,0,0.001278740791,in_store,0
case_002013,23.856482,10.537641,0,0.84124,0,0.001380791568,in_store,0
case_002014,104.97071,217.172898,0,0.659936,0,0.005967472866,web,0
case_002015,45.935416,196.636566,3,0.617257,0,0.015207416206,web,0
case_002016,317.523052,179.479061,1,0.783625,0,0.006861305361,in_store,0
case_002017,61.632503,865.513964,1,0.92635,0,0.000798674726,web,0
case_002018,270.227121,56.681451,3,0.716385,0,0.035888384685,web,0
case_002019,49.335839,18.256104,5,0.953903,0,0.008456445058,web,0
case_002020,6.234361,126.90162,3,0.738078,0,0.002437582411,web,0
case_002021,8.918463,788.799767,0,0.66453,0,0.000668986575,in_store,0
case_002022,44.541056,643.708103,1,0.74643,0,0.001695376147,in_store,0
case_002023,3.239015,645.66898,3,0.721535,0,0.001777060174,mobile,0
case_002024,45.964758,1118.752153,3,0.768287,0,0.003611344779,web,0
case_002025,21.12286,557.141059,3,0.784274,0,0.001914830391,in_store,0
case_002026,43.133694,404.325601,5,0.919707,0,0.003095367574,in_store,0
case_002027,39.616978,419.906179,1,0.620168,0,0.00391494981,in_store,0
case_002028,28.887785,1529.473216,0,0.415614,0,0.01015757987,mobile,0
case_002029,79.32147,79.916576,2,0.965099,0,0.002176555944,web,0
case_002030,31.145076,193.863889,0,0.549597,0,0.008423606807,mobile,0
case_002031,202.756265,415.373823,0,0.629054,0,0.007132112283,in_store,0
case_002032,10.829928,288.432893,2,0.672525,0,0.002688736226,web,0
case_002033,102.728055,819.260804,3,0.749014,0,0.005801755053,in_store,0
case_002034,10.908602,836.019091,0,0.666241,0,0.000732841375,in_store,0
case_002035,235.042945,75.211587,0,0.501981,0,0.035540194669,web,0
case_002036,132.2265,499.37763,2,0.83775,0,0.003933059343,web,0
case_002037,36.199233,2328.404112,2,0.694206,0,0.002691195863,web,0
case_002038,39.85722,1187.224386,1,0.68349,0,0.003744736117,mobile,0
case_002039,13.353376,1025.982412,0,0.708653,0,0.000598066234,in_store,0
case_002040,17.374559,700.923298,0,0.579075,0,0.00226070925,web,0
case_002041,10.834916,73.937693,1,0.428548,0,0.009569141355,in_store,0
case_002042,35.328794,704.610964,3,0.677931,0,0.004784624711,in_store,0
case_002043,26.282137,93.946554,0,0.672484,0,0.002920097597,web,0
case_002044,12.249096,835.498533,1,0.764987,0,0.00062781401,in_store,0
case_002045,10.648642,43.682957,3,0.695161,0,0.004587982489,in_store,0
case_002046,43.276589,594.527948,3,0.719596,0,0.00565307232,web,0
case_002047,17.242953,828.121797,1,0.761874,0,0.000789993052,in_store,0
case_002048,45.179529,85.340747,4,0.929103,0,0.00318584761,in_store,0
case_002049,61.854283,125.302399,1,0.563132,1,0.041183783203,in_store,0
case_002050,18.377413,105.664127,1,0.919741,0,0.000557194843,in_store,0
case_002051,23.629035,1139.47579,1,0.804007,0,0.00067244136,in_store,0
case_002052,19.974081,2415.535344,1,0.656844,0,0.001220121867,in_store,0
case_002053,12.78417,839.866787,2,0.834725,0,0.000790996418,web,0
case_002054,45.80829,1431.269675,1,0.559014,0,0.004399847779,in_store,0
case_002055,16.986828,427.47038,3,0.49427,0,0.014048351466,web,0
case_002056,207.987764,284.440393,2,0.560177,0,0.034118593179,web,0
case_002057,251.427438,681.655383,4,0.584989,0,0.054985821739,web,0
case_002058,70.124015,362.976375,1,0.646211,0,0.006398578286,web,0
case_002059,22.083527,397.217177,1,0.608697,1,0.022566357258,mobile,0
case_002060,20.907647,78.518476,4,0.792484,0,0.008989423201,mobile,0
case_002061,70.15659,280.353373,2,0.466416,0,0.030670877783,web,0
case_002062,25.715178,3138.068842,2,0.673785,0,0.00176182478,in_store,0
case_002063,34.877031,558.499483,3,0.760039,0,0.003045059434,in_store,0
case_002064,12.699076,56.702121,2,0.686443,0,0.004332457383,web,0
case_002065,12.206287,1339.234352,3,0.652037,0,0.004629935499,mobile,0
case_002066,56.639144,352.807314,3,0.585096,0,0.026443192362,mobile,0
case_002067,101.148627,162.266121,0,0.947525,0,0.001056012477,web,0
case_002068,104.784527,237.005963,1,0.98345,0,0.001707412386,mobile,0
case_002069,10.106204,1650.043501,0,0.649127,0,0.000639387,in_store,0
case_002070,39.612847,258.457342,0,0.763944,0,0.001242428695,in_store,0
case_002071,40.691841,157.194018,2,0.47582,0,0.019047244231,in_store,0
case_002072,31.838663,439.575821,2,0.626949,0,0.004772723588,in_store,0
case_002073,78.527215,2697.904669,4,0.913672,0,0.002352108118,web,0
case_002074,52.355438,379.688661,2,0.323711,1,0.156208296307,in_store,1
case_002075,26.397603,49.873843,1,0.756433,0,0.002398990555,in_store,0
case_002076,32.269056,473.599711,2,0.771052,0,0.00366983049,mobile,0
case_002077,3.452288,239.059004,0,0.586543,0,0.001752504671,mobile,0
case_002078,43.352891,826.207687,2,0.716615,0,0.002762551005,in_store,0
case_002079,7.305912,162.907228,4,0.65604,0,0.006112572834,web,0
case_002080,22.438348,392.978606,2,0.816951,0,0.001555866006,web,0
case_002081,12.239615,132.053494,0,0.901499,0,0.000591096385,mobile,0
case_002082,7.244504,360.506522,1,0.46712,0,0.003778553242,in_store,0
case_002083,7.332033,424.093967,4,0.609505,0,0.004838234768,in_store,0
case_002084,60.100686,54.636376,2,0.695814,0,0.010842972926,web,0
case_002085,54.652523,2807.061052,0,0.914304,0,0.000297718523,in_store,0
case_002086,4.033153,303.385412,1,0.291552,0,0.008595006604,in_store,0
case_002087,101.064518,164.343352,4,0.687262,0,0.019678672282,in_store,0
case_002088,25.824417,623.90843,0,0.851985,0,0.000544182683,web,0
case_002089,100.324368,112.579734,1,0.737055,0,0.004999896544,in_store,0
case_002090,7.462114,86.882558,3,0.564604,0,0.006903807398,in_store,0
case_002091,118.239648,465.564087,0,0.611382,0,0.006984877868,web,0
case_002092,24.150884,51.058379,3,0.994166,0,0.002144401498,mobile,0
case_002093,30.079666,558.703708,1,0.947573,0,0.000504017295,web,0
case_002094,41.191204,1945.751501,2,0.787605,0,0.001338816573,in_store,0
case_002095,80.391303,1265.932077,1,0.829734,0,0.001206992546,in_store,0
case_002096,86.62161,1867.124966,2,0.786617,0,0.002811010948,web,0
case_002097,6.376493,345.896737,1,0.793317,0,0.000596618774,web,0
case_002098,6.619042,176.061733,2,0.399332,0,0.009940090838,in_store,0
case_002099,114.315213,319.017027,1,0.436738,0,0.032786385338,web,0
case_002100,23.202658,734.111459,4,0.786264,0,0.002738179763,in_store,0
case_002101,6.449788,527.885355,2,0.867148,0,0.000386185037,in_store,0
case_002102,32.824609,686.64097,2,0.951667,1,0.002282587541,in_store,0
case_002103,150.152136,1178.310423,3,0.792227,0,0.005091816316,in_store,0
case_002104,119.795224,176.811885,0,0.542718,0,0.014230130742,web,0
case_002105,14.17722,503.553379,1,0.533189,0,0.006444018986,mobile,0
case_002106,59.830388,487.649476,1,0.733766,0,0.003079171427,web,0
case_002107,7.008839,279.813747,2,0.848494,0,0.000546988396,in_store,0
case_002108,138.153165,482.094822,1,0.695629,0,0.005217762961,in_store,0
case_002109,25.789384,609.364678,1,0.614542,0,0.002779268783,in_store,0
case_002110,141.29265,108.7214,2,0.671087,0,0.013961661543,in_store,0
case_002111,51.773327,329.011902,1,0.886329,0,0.000946874601,in_store,0
case_002112,50.727703,476.1981,3,0.753928,0,0.005384933405,web,0
case_002113,85.198279,375.106631,2,0.642801,0,0.008444957832,in_store,0
case_002114,99.889523,359.862279,3,0.735125,0,0.014986394585,mobile,0
case_002115,13.744241,332.060305,1,0.527731,0,0.003865872261,in_store,0
case_002116,62.956037,678.990236,2,0.866326,0,0.001870904182,web,0
case_002117,5.922965,99.327918,4,0.772396,0,0.003037389904,web,0
case_002118,149.905447,277.968484,1,0.875107,0,0.004032497423,mobile,0
case_002119,27.908105,203.180572,2,0.869463,0,0.0012119422,in_store,0
case_002120,16.953919,890.566781,1,0.684528,0,0.002373903439,mobile,0
case_002121,2.802824,800.045671,0,0.618825,0,0.000910436707,mobile,0
case_002122,82.724598,908.324816,0,0.885119,0,0.00064712373,in_store,0
case_002123,38.89357,1757.035906,0,0.406902,0,0.008345872535,web,0
case_002124,28.839414,700.792052,4,0.497439,0,0.024293761937,web,0
case_002125,16.460497,13.036336,1,0.887589,0,0.001475497112,web,0
case_002126,44.898372,362.187092,2,0.899319,0,0.001473866163,web,0
case_002127,120.294577,36.153719,3,0.795879,0,0.011746192419,in_store,0
case_002128,12.172181,441.094452,4,0.694562,0,0.007234008744,mobile,0
case_002129,33.215864,342.669639,1,0.847066,0,0.000902457947,in_store,0
case_002130,19.397551,1155.050777,2,0.411213,1,0.073604579888,mobile,0
case_002131,4.529749,2053.927367,1,0.733635,0,0.000427642765,web,0
case_002132,9.774874,844.488934,1,0.794583,0,0.000454847051,in_store,0
case_002133,36.242221,894.341751,1,0.564083,0,0.004214374957,in_store,0
case_002134,26.435687,623.733398,2,0.80036,0,0.001301959445,in_store,0
case_002135,10.459519,631.203414,1,0.495359,0,0.004277449661,web,0
case_002136,10.796853,227.978236,1,0.303946,0,0.014939279656,in_store,0
case_002137,38.571343,247.863128,2,0.842885,0,0.003166879651,mobile,0
case_002138,74.394431,161.522816,3,0.663553,0,0.012807008932,in_store,0
case_002139,18.641221,82.328097,0,0.70984,0,0.001941768829,web,0
case_002140,26.012871,168.0742,1,0.513476,0,0.009744084907,web,0
case_002141,50.937274,21.916925,1,0.592932,0,0.016141351883,web,0
case_002142,12.451383,415.221779,2,0.904841,0,0.000919798231,mobile,0
case_002143,29.831958,260.201302,2,0.830086,0,0.001930269625,web,0
case_002144,27.415363,371.017752,0,0.825439,0,0.000604177181,in_store,0
case_002145,36.606242,6.952494,3,0.761391,0,0.01367498714,web,0
case_002146,48.510951,647.727671,1,0.66515,0,0.005665712401,mobile,0
case_002147,26.234964,243.489137,0,0.517017,0,0.008675423457,mobile,0
case_002148,31.250237,380.773301,1,0.969178,0,0.000504312788,web,0
case_002149,32.353536,226.782215,3,0.786232,0,0.004110077209,web,0
case_002150,18.669049,370.278474,0,0.709724,0,0.00125876584,web,0
case_002151,77.041962,1812.377281,2,0.491073,0,0.016450188561,web,0
case_002152,18.744775,297.73791,1,0.755293,1,0.004714378281,in_store,0
case_002153,52.253911,373.912855,2,0.856306,0,0.00210315287,web,0
case_002154,67.8704,88.543607,2,0.905046,0,0.002781356604,web,0
case_002155,7.557156,1148.624258,4,0.851726,0,0.000813717167,in_store,0
case_002156,36.670275,432.712705,0,0.875825,0,0.000506517526,in_store,0
case_002157,46.645249,899.636354,1,0.636339,0,0.006010422964,mobile,0
case_002158,18.038307,256.871498,1,0.847719,0,0.000667800223,in_store,0
case_002159,22.146812,158.74655,6,0.738585,0,0.015553535667,web,0
case_002160,12.064519,255.030881,0,0.416117,0,0.005226022827,in_store,0
case_002161,52.358157,1121.248969,0,0.510594,0,0.008962202543,mobile,0
case_002162,43.674204,432.78096,2,0.613708,0,0.012096078749,mobile,0
case_002163,109.63981,1597.534573,3,0.420882,0,0.03748428074,in_store,0
case_002164,12.030148,439.736167,4,0.560832,0,0.008645458041,in_store,0
case_002165,75.716214,220.485654,1,0.861147,0,0.00158666402,in_store,0
case_002166,16.370267,101.498635,2,0.741314,0,0.00303813661,web,0
case_002167,9.982631,807.754677,1,0.839921,0,0.000351450925,in_store,0
case_002168,2.845456,1342.512864,1,0.642122,0,0.000677107622,web,0
case_002169,92.815146,2806.293231,0,0.544341,0,0.004204911015,in_store,0
case_002170,48.593322,1622.548374,3,0.9268,0,0.001249552118,web,0
case_002171,81.387561,1459.211775,5,0.92563,0,0.003950937938,web,0
case_002172,34.774591,972.095905,4,0.776782,0,0.003448877865,in_store,0
case_002173,27.536662,892.603999,2,0.863165,0,0.000813024047,in_store,0
case_002174,171.314546,155.500812,4,0.713607,0,0.023740192121,in_store,0
case_002175,96.661284,187.823959,0,0.940902,0,0.00079814371,in_store,0
case_002176,17.884938,1543.119223,0,0.91715,0,0.000172503968,in_store,0
case_002177,24.441396,1178.726335,2,0.927809,0,0.000464722159,in_store,0
case_002178,48.148021,118.86653,0,0.55739,0,0.008168539903,web,0
case_002179,33.649664,302.577315,1,0.782073,0,0.002707778372,mobile,0
case_002180,2.549308,267.022587,0,0.678409,0,0.000553560233,web,0
case_002181,28.303919,2873.704362,4,0.627272,0,0.010692738651,mobile,0
case_002182,231.139961,818.532763,0,0.908048,0,0.001438900012,web,0
case_002183,16.538811,152.846503,1,0.634813,0,0.002779053095,in_store,0
case_002184,8.325157,1946.459478,1,0.659317,0,0.001446787259,mobile,0
case_002185,16.973869,763.837698,1,0.943472,0,0.000257610789,in_store,0
case_002186,68.826801,366.282472,0,0.885213,0,0.000748656123,in_store,0
case_002187,156.605019,688.397768,0,0.806526,0,0.001727765264,in_store,0
case_002188,115.687727,22.587297,1,0.874197,0,0.007031762796,mobile,0
case_002189,290.699521,636.388741,3,0.897632,0,0.004835143355,in_store,0
case_002190,42.14554,79.950757,0,0.637255,0,0.007625551533,mobile,0
case_002191,19.787626,513.188529,3,0.275093,0,0.080145486869,mobile,0
case_002192,72.507378,394.902611,3,0.692008,0,0.008171663623,in_store,0
case_002193,53.268838,114.280698,3,0.861442,0,0.004298372223,web,0
case_002194,213.472276,337.152512,3,0.572051,0,0.03532697195,in_store,0
case_002195,166.719843,7.418223,2,0.803352,0,0.027164534043,mobile,0
case_002196,47.570963,318.863137,2,0.816125,0,0.002665764941,web,0
case_002197,21.59514,1191.685933,1,0.803104,0,0.000810247555,web,0
case_002198,5.42609,582.080772,1,0.770246,0,0.000421797806,in_store,0
case_002199,22.258209,1236.197335,5,0.415057,0,0.0334873505,in_store,0
case_002200,43.553773,101.366924,1,0.734959,0,0.003067036492,in_store,0
case_002201,22.732799,8.500621,1,0.720805,0,0.005700106905,web,0
case_002202,33.098453,543.026851,1,0.590704,0,0.003897829745,in_store,0
case_002203,75.194067,1155.625011,2,0.504702,0,0.013249828706,in_store,0
case_002204,83.564158,117.895439,2,0.861132,0,0.00299795522,in_store,0
case_002205,62.006493,299.035715,1,0.526809,0,0.010237368519,in_store,0
case_002206,21.657929,845.944303,3,0.808523,0,0.001480537956,in_store,0
case_002207,154.086397,1238.546406,3,0.769404,0,0.005880568,in_store,0
case_002208,19.087033,558.502691,3,0.74914,0,0.002237652389,in_store,0
case_002209,18.569082,1890.532282,0,0.621605,0,0.001054304036,in_store,0
case_002210,80.710214,132.228126,1,0.543446,0,0.013793660489,in_store,0
case_002211,15.590563,296.664415,1,0.480559,0,0.00578082944,in_store,0
case_002212,26.274758,352.732562,1,0.362212,0,0.015751559733,in_store,0
case_002213,64.503415,1074.579719,1,0.790058,0,0.001408467052,in_store,0
case_002214,23.004012,244.677716,0,0.686769,0,0.001864321622,web,0
case_002215,11.864222,1544.960654,2,0.897798,0,0.000636973849,mobile,0
case_002216,32.35053,264.469392,2,0.849697,1,0.00562764116,in_store,0
case_002217,20.291064,3301.974145,1,0.72478,0,0.000735977147,in_store,0
case_002218,42.189598,1153.551231,1,0.957628,0,0.000474608244,web,0
case_002219,60.434709,210.192224,2,0.919254,0,0.001841456907,web,0
case_002220,4.378207,503.797839,1,0.804892,0,0.000405187317,web,0
case_002221,3.956398,27.848796,2,0.648781,0,0.003468625627,web,0
case_002222,29.86644,1642.317235,1,0.779458,1,0.003300761295,in_store,0
case_002223,95.880353,2425.387419,3,0.79293,0,0.005887786148,mobile,0
case_002224,69.741627,3092.494075,0,0.538026,0,0.004542968415,web,0
case_002225,13.221287,261.064929,1,0.763208,0,0.000932251581,in_store,0
case_002226,15.414852,545.437417,4,0.683739,0,0.005636692026,web,0
case_002227,16.975286,258.360351,3,0.734879,0,0.005437907194,mobile,0
case_002228,131.941697,445.75216,2,0.709413,0,0.007029273452,in_store,1
case_002229,7.59186,1759.267982,0,0.711276,0,0.000360259208,in_store,0
case_002230,9.928997,589.807658,3,0.669105,0,0.002444731841,in_store,0
case_002231,138.245898,1876.669686,3,0.804133,0,0.005024383377,web,0
case_002232,95.634391,367.928989,1,0.695152,0,0.004470156699,in_store,0
case_002233,55.883278,224.597271,1,0.994912,0,0.000563740413,in_store,0
case_002234,65.64802,708.794536,1,0.830008,0,0.001252899517,in_store,0
case_002235,77.483614,80.488732,2,0.639496,0,0.016144179411,web,0
case_002236,40.932278,91.474808,2,0.826626,0,0.002538067788,in_store,0
case_002237,117.308595,225.395014,4,0.810315,0,0.011854930617,web,0
case_002238,45.164891,241.098647,0,0.89081,0,0.001194457719,mobile,0
case_002239,88.351182,233.568377,1,0.65006,0,0.00641375208,in_store,0
case_002240,72.379466,1.030407,2,0.7687,0,0.020148934167,web,0
case_002241,22.518946,674.913308,1,0.650336,0,0.002545497648,web,0
case_002242,58.554958,104.690138,3,0.745061,0,0.007524185802,in_store,0
case_002243,118.788018,1162.772095,4,0.704217,0,0.014352175434,web,0
case_002244,29.648948,109.241484,0,0.926231,0,0.000482011521,in_store,0
case_002245,42.148146,1226.091113,0,0.872257,0,0.000536326105,web,0
case_002246,39.579123,62.09444,0,0.767432,0,0.003507365402,mobile,0
case_002247,42.753207,307.753586,0,0.913219,0,0.000487987054,in_store,0
case_002248,11.624489,1298.563758,0,0.705887,0,0.0005226867,in_store,0
case_002249,86.188278,362.143898,2,0.757668,0,0.004210429839,in_store,0
case_002250,22.434959,835.196912,4,0.679345,0,0.005026444762,in_store,0
case_002251,10.988726,586.193339,1,0.495771,0,0.004488217305,web,0
case_002252,93.178865,581.349589,4,0.771112,0,0.014746464927,mobile,0
case_002253,38.751329,439.201869,1,0.844872,0,0.000938295646,in_store,0
case_002254,25.668286,9.806741,4,0.872811,0,0.007429855815,web,0
case_002255,16.732631,1330.974119,3,0.531809,0,0.011823359544,mobile,0
case_002256,36.260013,628.843812,0,0.743401,0,0.001324056246,web,0
case_002257,40.108613,450.224773,1,0.70936,0,0.002846121858,web,0
case_002258,32.63098,683.930146,2,0.465893,0,0.011582055829,in_store,0
case_002259,25.782897,2179.833019,1,0.879937,0,0.000365795397,in_store,0
case_002260,41.877983,238.661122,0,0.876687,0,0.001247133535,mobile,0
case_002261,13.134658,1059.691236,1,0.838707,0,0.000494934905,web,0
case_002262,32.755657,1005.425415,4,0.87676,0,0.001763486733,in_store,0
case_002263,231.599406,72.014263,1,0.821404,0,0.007380578716,web,0
case_002264,6.587081,1443.975289,3,0.613867,1,0.016076013114,mobile,0
case_002265,51.536736,232.645062,4,0.880155,0,0.004512239268,web,0
case_002266,9.088873,260.037353,5,0.699942,1,0.039843573077,mobile,0
case_002267,4.851849,196.368084,3,0.773334,0,0.002239980005,mobile,0
case_002268,116.816556,154.490952,0,0.46588,0,0.023318188206,web,0
case_002269,15.624905,1720.387161,2,0.947099,0,0.000535950965,mobile,0
case_002270,26.754977,319.617442,3,0.481047,0,0.032235057498,mobile,0
case_002271,22.787092,217.193746,2,0.742503,0,0.002312950234,in_store,0
case_002272,64.721016,93.999796,3,0.591655,0,0.021286714888,in_store,0
case_002273,59.495447,24.365846,0,0.37278,0,0.06553012212,mobile,0
case_002274,132.102243,68.495196,1,0.733721,0,0.00899637587,web,0
case_002275,18.403409,615.96897,3,0.801853,0,0.00292783145,mobile,0
case_002276,25.078156,21.972024,4,0.812781,0,0.006665692775,in_store,0
case_002277,180.589948,63.146816,4,0.564178,0,0.096353929789,web,0
case_002278,57.278129,709.400178,0,0.466932,0,0.007449343352,in_store,0
case_002279,67.459538,467.532187,1,0.254034,0,0.050086425831,in_store,0
case_002280,35.147929,134.233015,2,0.81391,0,0.002234130564,in_store,0
case_002281,55.136558,2450.608381,1,0.85113,0,0.00087873502,web,0
case_002282,49.654947,110.914456,3,0.820255,0,0.004177134686,in_store,0
case_002283,183.781711,210.199556,3,0.677495,0,0.019346022417,in_store,0
case_002284,12.581387,200.225708,0,0.597263,0,0.002386464352,web,0
case_002285,22.215163,406.518442,0,0.792089,0,0.000815765997,web,0
case_002286,110.602833,1195.558414,1,0.365703,0,0.034014520055,web,0
case_002287,12.200971,1866.869581,1,0.638683,0,0.00109063183,in_store,0
case_002288,11.986704,159.981853,1,0.908948,0,0.000407628083,in_store,0
case_002289,48.371114,395.174812,0,0.532497,0,0.006763568712,web,0
case_002290,46.970777,25.133524,2,0.369363,0,0.082422403767,web,0
case_002291,14.973566,544.452356,2,0.892217,0,0.000689609207,web,0
case_002292,39.041135,556.818773,1,0.781976,0,0.001303039904,in_store,0
case_002293,191.428245,58.239371,2,0.862825,0,0.011776833614,mobile,0
case_002294,12.047738,729.515055,4,0.334421,0,0.030076636418,in_store,0
case_002295,117.614617,1662.337378,1,0.837415,1,0.010446094515,mobile,0
case_002296,13.177246,600.965493,0,0.846375,0,0.000376508614,web,0
case_002297,26.515846,1359.46768,2,0.79646,0,0.001367640939,web,0
case_002298,38.81344,961.685597,0,0.881359,0,0.000516138483,web,0
case_002299,17.985855,66.205908,1,0.826122,0,0.001128817226,in_store,0
case_002300,31.29444,54.737407,1,0.839408,0,0.002962838536,mobile,0
case_002301,38.233305,657.476468,2,0.818999,0,0.00275406074,mobile,0
case_002302,7.99353,63.520395,1,0.791717,0,0.000871687311,in_store,0
case_002303,59.392904,545.496971,1,0.519921,0,0.008742306849,in_store,0
case_002304,16.737787,2029.422195,1,0.2096,0,0.023649841887,web,0
case_002305,57.465888,112.611218,1,0.815377,0,0.002149552058,in_store,0
case_002306,27.529511,1643.938809,1,0.963193,0,0.000245957568,in_store,0
case_002307,59.390844,1245.10116,3,0.907769,0,0.001345602843,in_store,0
case_002308,48.957032,578.562721,2,0.549356,0,0.009355794124,in_store,0
case_002309,2.175668,54.41923,2,0.885684,0,0.000381531867,in_store,0
case_002310,6.98412,1472.03588,1,0.544321,1,0.007862733599,web,0
case_002311,16.36354,640.952068,1,0.978681,0,0.000407430298,mobile,0
case_002312,7.992703,293.777548,1,0.753849,0,0.000709174707,in_store,0
case_002313,32.666384,1812.164977,3,0.783223,0,0.001796061463,in_store,0
case_002314,26.047852,1109.24188,3,0.79588,0,0.002131727263,web,0
case_002315,138.201204,402.131718,1,0.39566,0,0.044249768423,web,0
case_002316,29.045216,840.429367,2,0.846538,0,0.001218416732,web,0
case_002317,20.042674,160.197745,2,0.907855,0,0.00106709974,web,0
case_002318,9.435615,1117.627233,1,0.695671,0,0.000977688856,web,0
case_002319,12.503566,1902.464803,2,0.806566,0,0.001093700674,mobile,0
case_002320,206.178111,647.351541,1,0.653004,0,0.0103418587,web,0
case_002321,125.140099,56.746618,1,0.657068,0,0.01150136196,in_store,0
case_002322,97.051093,188.794333,1,0.818121,0,0.003265441773,web,0
case_002323,35.307425,2349.569779,1,0.93041,0,0.000318165507,in_store,0
case_002324,49.590178,142.924392,1,0.942362,0,0.000826874636,in_store,0
case_002325,24.121755,807.956096,1,0.653793,0,0.002467603045,web,0
case_002326,12.708053,99.335347,1,0.806212,0,0.00118169692,web,0
case_002327,40.877731,499.878124,0,0.597445,0,0.003793228343,web,0
case_002328,12.063747,109.781147,1,0.93256,0,0.000393721559,in_store,0
case_002329,22.165448,170.231621,5,0.378006,0,0.090564868234,web,0
case_002330,42.439915,53.286273,2,0.739109,0,0.006702778774,web,0
case_002331,36.936153,429.94654,0,0.742553,0,0.001171783049,in_store,0
case_002332,54.925788,157.720813,2,0.377355,0,0.041636642961,in_store,0
case_002333,72.818677,2081.493863,1,0.681228,0,0.003176857012,web,0
case_002334,14.255994,298.729501,0,0.664643,0,0.00117265036,in_store,0
case_002335,32.35418,155.450317,2,0.791778,0,0.004460018059,mobile,0
case_002336,20.224449,1354.458503,3,0.858579,0,0.000905285374,in_store,0
case_002337,49.592934,346.748811,1,0.594948,0,0.005580056562,in_store,0
case_002338,30.375754,1998.961133,0,0.722198,0,0.000752069755,in_store,0
case_002339,16.047676,95.086917,0,0.736751,0,0.001436647195,web,0
case_002340,73.528446,248.986892,3,0.754579,0,0.006388279842,in_store,0
case_002341,10.441326,30.747746,2,0.885297,0,0.001034383019,in_store,0
case_002342,102.464105,545.252955,2,0.829443,0,0.002671617939,in_store,0
case_002343,18.367842,767.662033,1,0.518802,0,0.00730022698,mobile,0
case_002344,63.743574,343.226427,1,0.66419,0,0.008142758627,mobile,0
case_002345,20.852694,207.739418,4,0.561628,0,0.01487708765,in_store,0
case_002346,29.624844,249.033312,1,0.594189,0,0.004459261847,in_store,0
case_002347,78.390366,1143.905895,4,0.488146,0,0.041425074682,web,0
case_002348,17.227611,613.56276,0,0.662371,0,0.001390269213,web,0
case_002349,12.640847,487.296118,1,0.732813,0,0.001751364363,mobile,0
case_002350,46.425796,2.421922,0,0.961506,0,0.001412540236,in_store,0
case_002351,433.562719,3437.269182,0,0.872886,0,0.001381276657,in_store,0
case_002352,96.703926,352.39888,2,0.852641,0,0.003244307016,web,0
case_002353,42.812364,517.922318,5,0.594846,0,0.027353473701,web,0
case_002354,36.480618,118.661065,3,0.752194,0,0.005148566133,in_store,0
case_002355,10.058633,86.186461,2,0.85336,0,0.000920134814,in_store,0
case_002356,20.17264,259.341346,2,0.764223,0,0.003402436735,mobile,0
case_002357,4.198638,664.106338,0,0.880954,0,0.000229010009,mobile,0
case_002358,41.439183,1190.309938,3,0.726749,0,0.004301966107,web,0
case_002359,6.393528,581.970114,1,0.527345,0,0.002105234652,in_store,0
case_002360,35.737098,232.568977,1,0.608462,0,0.004681908126,in_store,0
case_002361,14.528462,1313.714996,0,0.883521,0,0.00025220272,web,0
case_002362,20.166259,489.532502,1,0.72858,1,0.005041945011,in_store,0
case_002363,29.260353,1365.030849,1,0.640684,0,0.002594023113,web,0
case_002364,9.742779,288.806232,1,0.607908,0,0.002552754899,web,0
case_002365,79.549926,576.555859,1,0.508911,0,0.014190214465,web,0
case_002366,30.236089,158.415092,0,0.826232,0,0.001050634933,web,0
case_002367,16.831007,570.565228,2,0.896917,0,0.000709521,web,0
case_002368,17.194558,455.234498,1,0.65615,0,0.001815785887,in_store,0
case_002369,26.504155,867.72584,3,0.61355,0,0.005614868417,in_store,0
case_002370,179.574677,36.867052,3,0.700937,0,0.034359186774,web,0
case_002371,113.106471,758.023759,2,0.772888,0,0.003679705037,in_store,0
case_002372,301.414046,1318.284437,3,0.471858,0,0.099334038598,mobile,0
case_002373,22.599464,220.324173,2,0.697903,0,0.003882199606,web,0
case_002374,18.284703,1779.470079,2,0.926355,0,0.000347408584,in_store,0
case_002375,23.613829,1029.075537,2,0.775836,0,0.002338964126,mobile,0
case_002376,25.996291,949.778657,1,0.71363,0,0.001323231339,in_store,0
case_002377,57.830151,557.036633,1,0.74769,0,0.002071328027,in_store,0
case_002378,13.726562,945.92821,2,0.756746,0,0.001297886191,web,0
case_002379,8.513327,383.25562,5,0.681399,0,0.005131570308,in_store,0
case_002380,41.845692,625.463564,1,0.942256,0,0.000483803004,in_store,0
case_002381,33.945027,772.437378,0,0.589668,0,0.004648774634,mobile,0
case_002382,72.628531,560.109684,0,0.515378,0,0.008800051623,web,0
case_002383,5.842752,174.892811,1,0.663534,0,0.001213265804,in_store,0
case_002384,96.773129,630.099179,3,0.719422,0,0.007240531836,in_store,0
case_002385,5.787512,64.44318,2,0.739687,0,0.001481488431,in_store,0
case_002386,9.171793,2006.596988,1,0.716061,0,0.000556104013,in_store,0
case_002387,24.952847,90.729752,3,0.797372,0,0.00330962513,in_store,0
case_002388,78.005516,63.493801,0,0.417515,0,0.03119753719,web,0
case_002389,59.500921,104.547608,0,0.705756,0,0.003005334322,in_store,0
case_002390,54.054388,138.38814,1,0.73963,0,0.005966273207,mobile,0
case_002391,192.712166,431.250053,3,0.910625,0,0.003830161564,in_store,0
case_002392,25.393912,284.126767,2,0.680779,0,0.003362908552,in_store,0
case_002393,63.024159,1297.635391,1,0.5028,0,0.007858342341,in_store,0
case_002394,75.469113,9.220514,4,0.80734,1,0.120828213571,mobile,1
case_002395,16.045747,892.930636,1,0.621109,0,0.001780661102,in_store,0
case_002396,117.073971,482.950463,1,0.702274,0,0.004499533779,in_store,0
case_002397,25.474294,1064.136389,0,0.744256,0,0.000905206261,web,0
case_002398,15.611964,829.124594,1,0.822852,0,0.000972141419,mobile,0
case_002399,23.177197,169.62069,3,0.875851,0,0.002076121816,web,0
case_002400,3.946689,29.705341,1,0.785638,0,0.000762460569,in_store,0
case_002401,30.726187,181.798787,2,0.805934,0,0.002536240412,web,0
case_002402,47.568031,701.50261,1,0.860599,0,0.001085181121,web,0
case_002403,9.243152,455.676551,4,0.610012,0,0.010290377435,mobile,0
case_002404,54.199841,954.167571,2,0.710006,0,0.0031813198,in_store,0
case_002405,17.184731,1376.381959,4,0.684698,0,0.006814276198,mobile,0
case_002406,15.363803,1154.037068,2,0.66232,0,0.001842151017,in_store,0
case_002407,77.803797,808.031511,3,0.836023,0,0.002836933465,in_store,0
case_002408,11.037792,148.528018,6,0.537611,0,0.027993193176,in_store,0
case_002409,21.174716,676.972802,2,0.74825,0,0.001532798015,in_store,0
case_002410,29.92372,598.556181,2,0.456649,0,0.015449706162,web,0
case_002411,30.63452,273.12891,1,0.562566,0,0.005397490534,in_store,0
case_002412,108.92792,2314.013156,3,0.963613,0,0.001169622203,in_store,0
case_002413,78.082124,55.808914,1,0.581832,1,0.053040002738,in_store,0
case_002414,3.308496,824.428552,2,0.803196,0,0.000354348066,in_store,0
case_002415,92.410183,241.529669,1,0.85268,0,0.00185112538,in_store,0
case_002416,4.319814,616.369358,1,0.408476,0,0.00350879106,in_store,0
case_002417,48.325361,91.22177,2,0.801547,0,0.004232513967,web,0
case_002418,52.451705,264.233749,1,0.881025,0,0.0013501159,web,0
case_002419,31.428353,388.181636,4,0.83703,0,0.003723569419,web,0
case_002420,52.020261,106.997278,1,0.842437,0,0.001729412933,in_store,0
case_002421,36.877014,704.533058,1,0.942836,0,0.000429797963,in_store,0
case_002422,103.579697,627.274736,2,0.562869,0,0.017290717924,web,0
case_002423,71.535824,64.97984,3,0.674634,0,0.019334787667,web,0
case_002424,65.187723,1295.143543,2,0.728842,0,0.003735852632,web,0
case_002425,70.952792,346.015015,1,0.793533,0,0.003893397558,mobile,0
case_002426,6.393304,365.556456,0,0.563495,0,0.001299198382,in_store,0
case_002427,3.854935,187.839303,3,0.574201,0,0.003636932893,in_store,0
case_002428,78.872265,147.404081,2,0.76439,0,0.00494730713,in_store,0
case_002429,97.237304,727.148333,2,0.792867,0,0.002984530166,in_store,0
case_002430,27.898941,317.116953,5,0.808722,0,0.009606612281,mobile,0
case_002431,153.569536,2134.325089,4,0.568541,0,0.047754405907,mobile,0
case_002432,113.676515,674.375699,1,0.801111,0,0.002164947539,in_store,0
case_002433,56.515199,224.541606,2,0.520974,0,0.016014351665,in_store,0
case_002434,55.214775,671.974807,3,0.738605,0,0.00565704211,web,0
case_002435,28.140126,1776.5612,6,0.60171,0,0.020930385159,web,0
case_002436,9.355666,2167.210699,2,0.418007,0,0.006698809961,web,0
case_002437,31.290259,1058.78844,0,0.559159,0,0.002550184212,in_store,0
case_002438,29.747951,871.497542,2,0.517361,0,0.014102851755,mobile,0
case_002439,9.535121,3937.165451,0,0.934409,0,8.0656137e-05,in_store,0
case_002440,28.174218,492.051554,0,0.620382,0,0.002613487444,web,0
case_002441,10.709042,1488.65026,2,0.483446,0,0.004198667354,in_store,0
case_002442,12.621662,1865.155362,3,0.766529,0,0.001098654468,in_store,0
case_002443,24.848779,37.108758,4,0.872619,0,0.003944590078,in_store,0
case_002444,20.457563,1516.699554,0,0.557938,0,0.00339585791,mobile,0
case_002445,20.707018,534.528536,4,0.896972,0,0.001402644348,in_store,0
case_002446,2.748787,211.515644,1,0.692987,0,0.000646287187,in_store,0
case_002447,32.876362,247.917346,3,0.747821,0,0.004006206099,in_store,0
case_002448,25.981448,322.607142,5,0.880499,0,0.003067347667,in_store,0
case_002449,36.393973,925.698112,1,0.760983,0,0.00234515642,mobile,0
case_002450,23.75058,1019.242205,0,0.829696,0,0.000400801749,in_store,0
case_002451,52.82652,162.227851,3,0.863679,0,0.002970800669,in_store,0
case_002452,11.963748,428.097153,1,0.227038,0,0.021250230916,in_store,0
case_002453,23.588297,458.939299,1,0.780306,0,0.001302708521,web,0
case_002454,115.193178,1522.473417,2,0.807559,0,0.003143236965,web,0
case_002455,31.726185,114.399472,3,0.669868,0,0.010181703549,web,0
case_002456,26.309867,399.423968,2,0.600782,0,0.006571147438,web,0
case_002457,61.797283,212.59191,1,0.935899,0,0.001133533034,web,0
case_002458,10.281598,66.034468,5,0.632837,0,0.012823216855,in_store,0
case_002459,36.256548,87.358078,3,0.587512,0,0.029310694269,mobile,0
case_002460,112.974328,356.253661,2,0.76167,0,0.006292540728,web,0
case_002461,12.51645,1888.779527,7,0.605493,0,0.014155770441,in_store,0
case_002462,44.247619,149.701628,0,0.729229,0,0.002488031287,web,0
case_002463,30.853592,754.779193,1,0.638543,0,0.003228285962,web,0
case_002464,21.656256,449.157273,2,0.952713,0,0.000488532625,in_store,0
case_002465,98.745493,1280.440333,0,0.616236,0,0.004504990837,web,0
case_002466,75.609821,2225.049407,5,0.759811,0,0.009343247092,web,0
case_002467,25.347774,512.094154,3,0.35281,0,0.040255764273,web,0
case_002468,3.168306,996.714756,1,0.667575,0,0.00051703185,in_store,0
case_002469,34.7027,1239.071326,1,0.909684,0,0.000431641885,in_store,0
case_002470,21.293761,48.738413,5,0.672628,0,0.031906791359,mobile,0
case_002471,15.049237,1578.874375,1,0.61083,0,0.001985308223,web,0
case_002472,28.978773,2218.656914,1,0.766224,0,0.000796696532,in_store,0
case_002473,27.730971,300.847742,0,0.841699,0,0.000750127834,web,0
case_002474,35.768137,134.890506,2,0.485907,0,0.032546244028,mobile,0
case_002475,2.156276,996.392226,1,0.883386,0,0.000112057216,in_store,0
case_002476,32.529927,566.601531,1,0.681001,0,0.002169507828,in_store,0
case_002477,69.79696,834.22476,0,0.762106,0,0.001646065225,web,0
case_002478,9.037423,1466.514961,1,0.483475,0,0.002579498462,in_store,0
case_002479,122.590902,6.0646,1,0.869227,0,0.010663553225,mobile,0
case_002480,70.155337,2022.071238,2,0.594463,0,0.006187730421,in_store,0
case_002481,56.35321,484.625949,1,0.854324,0,0.001090591609,in_store,0
case_002482,126.754861,1059.546891,3,0.790756,0,0.004753184935,in_store,0
case_002483,27.424879,61.353925,0,0.586032,0,0.004525130206,in_store,0
case_002484,8.627547,211.267408,1,0.883939,0,0.000361948193,in_store,0
case_002485,82.866022,247.677599,1,0.672937,0,0.005250997914,in_store,0
case_002486,12.312367,384.059191,1,0.887137,0,0.000472644859,web,0
case_002487,59.335259,667.33715,4,0.652598,0,0.022079308154,mobile,0
case_002488,14.94015,594.021303,1,0.596453,0,0.002238391589,in_store,0
case_002489,77.70958,1345.768188,0,0.601579,0,0.003253053915,in_store,0
case_002490,119.880066,112.142646,1,0.844977,0,0.003676873161,web,0
case_002491,120.95292,1000.750058,0,0.853396,0,0.000979172354,in_store,0
case_002492,30.566419,155.207931,1,0.898347,0,0.00100435573,web,0
case_002493,107.460073,1055.552579,2,0.734259,0,0.007850839969,mobile,0
case_002494,13.200036,1425.281751,1,0.819394,0,0.00040015267,in_store,0
case_002495,21.804757,332.826028,0,0.84654,0,0.000608261561,web,0
case_002496,9.651412,2597.341222,3,0.817886,0,0.001181284257,mobile,0
case_002497,30.151004,1577.414178,1,0.522042,0,0.004136616516,in_store,0
case_002498,36.931136,308.797186,1,0.73608,0,0.001988155383,in_store,0
case_002499,62.238553,1076.139568,1,0.795851,0,0.001327220379,in_store,0
case_002500,26.789372,194.650956,2,0.785549,0,0.002019134876,in_store,0
case_002501,22.877197,966.554189,0,0.636749,0,0.001326857978,in_store,0
case_002502,13.083996,644.866857,3,0.688683,0,0.002485317994,in_store,0
case_002503,49.562958,107.125581,0,0.83829,0,0.001491659009,web,0
case_002504,33.776597,589.93522,0,0.838838,0,0.000553638044,in_store,0
case_002505,154.905319,234.066041,1,0.887534,0,0.00209549432,in_store,0
case_002506,37.504546,505.805173,3,0.879905,0,0.00155370628,in_store,0
case_002507,13.260183,501.455047,1,0.73199,0,0.001205158015,web,0
case_002508,26.843676,637.032024,3,0.488755,0,0.017145228295,web,0
case_002509,37.040201,733.767647,1,0.749518,0,0.001424410459,in_store,0
case_002510,44.883579,1966.630321,0,0.829248,0,0.000495627903,in_store,0
case_002511,35.233684,1010.413177,2,0.895378,0,0.000748892739,in_store,0
case_002512,31.855205,53.301147,1,0.523649,0,0.014395430612,web,0
case_002513,31.189844,1753.398344,1,0.804929,0,0.000701713711,in_store,0
case_002514,15.407934,198.375164,2,0.65758,0,0.003168779178,in_store,0
case_002515,68.298979,640.740606,3,0.805768,0,0.003371311965,in_store,0
case_002516,7.98591,1102.732748,0,0.817157,0,0.000281585598,web,0
case_002517,9.828588,1169.046732,2,0.270204,0,0.016041626689,in_store,0
case_002518,31.008846,1217.406032,3,0.521046,0,0.012759602549,web,0
case_002519,22.088897,1301.910489,2,0.730796,0,0.001450626679,in_store,0
case_002520,20.409636,146.470793,2,0.279275,0,0.042050603006,in_store,0
case_002521,3.460312,46.159681,2,0.803333,0,0.001596472036,mobile,0
case_002522,11.664868,1928.03888,4,0.856448,0,0.00112515089,web,0
case_002523,17.28172,223.480919,1,0.588831,0,0.00436955537,web,0
case_002524,6.154375,289.193059,1,0.549072,0,0.004214822456,mobile,0
case_002525,148.640308,12.479523,2,0.78884,0,0.02414946561,mobile,0
case_002526,31.265149,2805.147029,0,0.854099,0,0.00030438218,in_store,0
case_002527,32.700924,148.501846,1,0.960777,0,0.000559858876,in_store,0
case_002528,14.071363,384.828999,0,0.605493,0,0.001563609629,in_store,0
case_002529,6.778523,1826.381232,2,0.832287,0,0.000441678715,web,0
case_002530,49.901743,1045.23806,2,0.5755,0,0.008698538581,web,0
case_002531,52.869986,84.508122,1,0.620141,0,0.009561040898,web,0
case_002532,17.727869,1719.151319,3,0.842602,0,0.001104408096,web,0
case_002533,43.967032,1772.982949,3,0.591136,0,0.013716851956,mobile,0
case_002534,10.844314,146.362897,1,0.929352,0,0.000346824821,in_store,0
case_002535,89.529128,1039.102629,0,0.952463,0,0.000823087264,mobile,0
case_002536,15.14295,1422.703365,2,0.68949,0,0.001861297298,web,0
case_002537,13.588214,539.915221,0,0.482023,0,0.003844608546,web,0
case_002538,12.174642,14.849386,2,0.99415,0,0.000703362317,in_store,0
case_002539,41.083077,143.712837,3,0.650611,0,0.009862164935,in_store,0
case_002540,36.57295,1374.056404,2,0.888181,0,0.000733329902,in_store,0
case_002541,6.565742,1075.267183,1,0.427709,0,0.003326993511,in_store,0
case_002542,10.17646,537.005589,1,0.541685,0,0.002576233994,in_store,0
case_002543,11.840068,296.395205,0,0.65913,0,0.001087658576,in_store,0
case_002544,106.636865,1132.01391,1,0.865356,0,0.002290251583,mobile,0
case_002545,4.086904,1320.418488,4,0.853468,0,0.001055535438,mobile,0
case_002546,16.777341,1771.855592,1,0.880889,0,0.000566762226,mobile,0
case_002547,18.571536,698.182273,3,0.827755,0,0.00162061639,web,0
case_002548,77.423114,244.516386,4,0.632534,0,0.026522791294,web,0
case_002549,55.736571,378.333548,2,0.963259,0,0.001120439384,web,0
case_002550,27.359806,259.815737,0,0.952956,0,0.000301719469,in_store,0
case_002551,60.686472,776.808904,2,0.688804,0,0.007902574512,mobile,0
case_002552,41.386665,1128.306525,2,0.529328,0,0.007856220136,in_store,0
case_002553,34.81109,857.569379,4,0.959505,0,0.001469906798,web,0
case_002554,19.237036,257.174618,2,0.447058,0,0.0124375705,in_store,0
case_002555,80.254302,1809.932912,1,0.69329,0,0.00326595631,web,0
case_002556,9.469466,112.28943,0,0.608688,0,0.002218823815,web,0
case_002557,46.627902,250.283558,4,0.762975,0,0.008585552065,web,0
case_002558,45.278296,716.829433,0,0.819648,0,0.00135916919,mobile,0
case_002559,133.039645,808.265119,3,0.7427,0,0.013603316867,mobile,0
case_002560,22.056258,700.805661,3,0.610834,0,0.005420388019,in_store,0
case_002561,22.178795,775.890147,2,0.350263,1,0.068968459975,in_store,0
case_002562,40.552986,717.814983,1,0.887437,0,0.000641696887,in_store,0
case_002563,13.532929,195.606096,0,0.407977,0,0.008148591173,web,0
case_002564,12.616631,2659.15838,2,0.75684,0,0.000912409954,web,0
case_002565,24.67921,175.129956,1,0.863197,1,0.004269852824,web,0
case_002566,8.489269,213.580474,0,0.618567,0,0.001266164005,in_store,0
case_002567,11.946744,269.014832,0,0.774595,0,0.000546871795,in_store,0
case_002568,120.249283,288.404404,1,0.747981,0,0.005128870454,web,0
case_002569,47.140524,162.16045,3,0.710063,0,0.00718679883,in_store,0
case_002570,67.117748,694.015334,1,0.62403,0,0.004617093572,in_store,0
case_002571,120.806957,1892.453511,1,0.801912,0,0.002129659081,web,0
case_002572,295.860209,1786.634949,0,0.739309,0,0.003002091849,in_store,0
case_002573,59.718811,1257.742523,2,0.795457,0,0.001833128458,in_store,0
case_002574,96.578594,897.010588,3,0.578158,0,0.019995191159,web,0
case_002575,8.699094,770.062215,2,0.327141,0,0.015183947779,web,0
case_002576,2.146789,273.728415,3,0.724242,0,0.000965480835,in_store,0
case_002577,23.163224,26.260194,1,0.735317,0,0.003880098996,web,0
case_002578,27.094299,1291.429731,2,0.417976,0,0.011551877037,in_store,0
case_002579,4.940873,811.320714,1,0.744752,0,0.000547849902,web,0
case_002580,34.36376,2392.891934,3,0.898949,0,0.001589541566,mobile,0
case_002581,24.914299,1267.764019,1,0.470697,0,0.00690374521,web,0
case_002582,8.58209,461.667291,2,0.646995,0,0.001869484493,in_store,0
case_002583,70.540118,398.357003,2,0.911973,1,0.007127226798,web,0
case_002584,107.515253,135.612463,1,0.815122,0,0.003909094544,web,0
case_002585,18.132978,226.401252,0,0.6639,0,0.001478959138,in_store,0
case_002586,28.323144,1215.583656,2,0.584072,0,0.008228201692,mobile,0
case_002587,41.490138,197.655096,3,0.817177,0,0.00614274781,mobile,0
case_002588,32.033005,1181.844758,3,0.605718,0,0.00606752337,in_store,0
case_002589,30.285473,29.608685,2,0.907197,0,0.001751935015,in_store,0
case_002590,5.919558,888.980206,0,0.834846,0,0.000176428754,in_store,0
case_002591,265.668178,1674.834408,0,0.775955,0,0.002270778841,in_store,0
case_002592,10.248543,1163.763366,1,0.502745,0,0.003379709075,web,0
case_002593,44.363744,765.348963,4,0.343129,0,0.061116992696,in_store,0
case_002594,67.428139,770.983237,3,0.886871,0,0.00191125097,in_store,0
case_002595,12.120144,579.646576,2,0.966419,0,0.000291958028,in_store,0
case_002596,36.056627,447.477738,3,0.607335,0,0.008566870207,in_store,0
case_002597,40.969024,759.378786,1,0.830561,0,0.000906335321,in_store,0
case_002598,9.556815,216.141812,2,0.638052,0,0.003365767965,web,0
case_002599,24.446698,217.211005,1,0.773372,0,0.001346518143,in_store,0
case_002600,6.432268,467.03262,1,0.724705,0,0.000843357541,web,0
case_002601,61.21092,124.667554,2,0.652989,0,0.011299625724,web,0
case_002602,51.14634,117.98674,1,0.66945,0,0.009320847821,mobile,0
case_002603,10.932738,575.37789,2,0.887165,1,0.003495502454,mobile,0
case_002604,22.344565,529.467881,2,0.741674,0,0.001773457376,in_store,0
case_002605,41.553027,249.065249,0,0.619451,0,0.004089343904,web,0
case_002606,174.345343,1439.041903,5,0.586585,0,0.040473516249,in_store,0
case_002607,24.272196,114.530949,1,0.648633,0,0.006704390727,mobile,0
case_002608,16.670285,1075.485656,2,0.759768,0,0.001075860275,in_store,0
case_002609,105.299833,578.905308,3,0.849652,0,0.003485315382,in_store,0
case_002610,106.161585,575.021772,3,0.69904,0,0.011462158831,web,0
case_002611,39.722707,364.157582,1,0.707444,0,0.003044473458,web,0
case_002612,24.569257,30.291176,1,0.595172,0,0.007206331007,in_store,0
case_002613,35.97213,174.044128,4,0.757836,0,0.006521567596,in_store,0
case_002614,41.426071,537.955875,3,0.678709,0,0.005692031397,in_store,0
case_002615,19.329499,1298.615965,1,0.704037,0,0.002041730492,mobile,0
case_002616,52.970941,233.133472,2,0.694666,0,0.006653427655,web,0
case_002617,276.83732,1132.783284,1,0.801064,0,0.003305710502,in_store,0
case_002618,85.679665,276.193383,1,0.947876,0,0.001791944002,mobile,0
case_002619,18.741267,1080.44947,3,0.566097,0,0.005711387278,in_store,0
case_002620,23.411113,1717.313183,1,0.655282,0,0.001501596962,in_store,0
case_002621,51.178213,991.488475,2,0.746652,0,0.002413935606,in_store,0
case_002622,27.312652,342.166004,1,0.722521,0,0.001737183855,in_store,0
case_002623,8.593642,367.863188,3,0.814807,0,0.00133255594,web,0
case_002624,100.540928,178.996525,0,0.809471,0,0.001885474827,in_store,0
case_002625,56.976717,819.721274,3,0.858989,0,0.002006388682,in_store,0
case_002626,55.677025,17.19126,1,0.796092,0,0.004047002504,in_store,0
case_002627,15.190434,2820.391033,2,0.735745,0,0.001144896089,web,0
case_002628,26.734446,1562.86113,2,0.779529,0,0.001467130924,web,0
case_002629,30.367543,390.096284,1,0.841488,0,0.000850510336,in_store,0
case_002630,12.795793,1220.819419,3,0.786474,0,0.001106509826,in_store,0
case_002631,90.185702,513.513881,2,0.922632,0,0.001400557479,in_store,0
case_002632,201.517571,471.205673,3,0.916339,0,0.003707750603,in_store,0
case_002633,14.126326,767.114927,5,0.545946,0,0.024814571306,mobile,0
case_002634,13.500231,489.767441,1,0.940195,0,0.000334177763,web,0
case_002635,10.738573,1209.369175,1,0.882353,0,0.000321362604,web,0
case_002636,2.524218,1006.831568,1,0.456651,0,0.001725245058,in_store,0
case_002637,4.581346,792.626037,3,0.76844,0,0.000780273097,in_store,0
case_002638,8.938629,19.86436,1,0.869162,0,0.001022979567,web,0
case_002639,31.509511,391.476557,1,0.97947,0,0.000367287944,in_store,0
case_002640,124.772781,411.287245,1,0.994698,0,0.0007928214,in_store,0
case_002641,102.232893,1224.166891,4,0.479084,0,0.073509469235,mobile,0
case_002642,4.824357,803.72057,5,0.817397,0,0.002468441981,mobile,0
case_002643,263.109709,52.196014,1,0.817711,0,0.007009410007,in_store,0
case_002644,61.992255,371.395125,1,0.90627,0,0.000905410747,in_store,0
case_002645,711.391644,1040.486904,0,0.716903,0,0.007111937914,in_store,0
case_002646,24.16684,57.738689,0,0.928494,0,0.000644962218,web,0
case_002647,30.476042,195.718809,1,0.73501,0,0.00259734347,web,0
case_002648,7.208773,87.984904,2,0.427334,0,0.020291268886,mobile,0
case_002649,47.00691,44.692445,0,0.539611,0,0.00926583166,in_store,0
case_002650,26.864569,371.686627,0,0.670846,0,0.001565350215,in_store,0
case_002651,23.618119,135.653519,2,0.543647,0,0.011946903965,web,0
case_002652,9.576164,899.192436,2,0.701598,0,0.001167796221,in_store,0
case_002653,14.598552,111.016998,1,0.656585,0,0.002466231086,in_store,0
case_002654,33.927808,206.41986,5,0.982872,0,0.00218012789,in_store,0
case_002655,15.035453,342.139529,1,0.837452,0,0.000752335805,web,0
case_002656,52.220225,1899.750041,2,0.680667,0,0.003917627231,web,0
case_002657,43.235286,1129.502,1,0.920328,0,0.000612265339,web,0
case_002658,50.199612,113.902006,3,0.897433,0,0.004932126715,mobile,0
case_002659,60.111198,817.053289,2,0.901026,0,0.001079883373,in_store,0
case_002660,15.097205,453.869523,1,0.824214,0,0.000754608292,web,0
case_002661,88.759822,992.272501,1,0.972277,0,0.000727827131,web,0
case_002662,67.18447,1178.876919,4,0.711122,0,0.009538439057,web,0
case_002663,23.015832,91.599323,3,0.541276,0,0.01536494963,in_store,0
case_002664,35.379604,14.456921,0,0.491998,0,0.014221597167,in_store,0
case_002665,19.768162,302.240862,1,0.5952,0,0.004179627506,web,0
case_002666,69.258828,746.266282,2,0.783986,0,0.003232514148,web,0
case_002667,25.164027,182.88629,2,0.786352,0,0.003761510015,mobile,0
case_002668,5.342838,305.726968,1,0.40423,0,0.006342734535,web,0
case_002669,166.656544,45.950379,0,0.858118,1,0.01145470723,in_store,0
case_002670,37.424036,138.097347,3,0.737791,0,0.005477604515,in_store,0
case_002671,216.124906,483.267118,4,0.877681,0,0.007237389654,in_store,0
case_002672,41.561088,999.681486,2,0.717152,0,0.002536265066,in_store,0
case_002673,13.509712,164.406703,3,0.592654,0,0.008766349584,web,0
case_002674,4.609992,476.267948,3,0.565543,0,0.003219416878,in_store,0
case_002675,135.648735,1025.419301,0,0.336205,0,0.02586851583,in_store,0
case_002676,153.545109,1161.163411,2,0.601348,0,0.011473419482,in_store,0
case_002677,12.046506,403.897461,6,0.66359,0,0.013086444922,web,0
case_002678,56.271193,419.861826,0,0.594086,0,0.007424634817,mobile,0
case_002679,105.716254,930.693768,2,0.514592,0,0.01646053891,in_store,0
case_002680,6.223951,830.071217,4,0.672039,1,0.012673523308,web,0
case_002681,26.834999,136.407434,1,0.826266,0,0.002246197567,mobile,0
case_002682,13.871894,508.287257,2,0.650155,0,0.002370582147,in_store,0
case_002683,103.634572,285.226637,1,0.773547,0,0.003109770836,in_store,0
case_002684,109.912763,88.103933,0,0.845918,0,0.001951854487,in_store,0
case_002685,20.40505,2241.683765,2,0.699069,0,0.001437177013,in_store,0
case_002686,18.550919,306.819477,1,0.833678,0,0.00070439436,in_store,0
case_002687,44.94196,961.434067,3,0.580048,0,0.011965147746,web,0
case_002688,59.788549,302.876261,2,0.775041,1,0.016190319414,web,0
case_002689,15.545724,160.001042,3,0.618563,0,0.006389238258,in_store,0
case_002690,13.958593,169.951964,1,0.653693,0,0.002773005229,web,0
case_002691,18.132395,113.289937,2,0.322254,0,0.060466479223,mobile,0
case_002692,66.298735,344.439539,3,0.626748,0,0.012025901718,in_store,0
case_002693,12.490344,656.959105,1,0.678782,1,0.006047131642,web,0
case_002694,41.069592,2740.774067,2,0.363924,0,0.021491326709,web,0
case_002695,38.496636,440.395058,2,0.95294,0,0.00070399016,in_store,0
case_002696,6.848296,240.044255,3,0.908244,0,0.000575474651,in_store,0
case_002697,51.175948,2254.472456,3,0.614827,0,0.006388943724,in_store,0
case_002698,169.673907,33.563337,1,0.750807,0,0.009072866883,in_store,0
case_002699,39.137497,264.796721,0,0.696206,0,0.001868451594,in_store,0
case_002700,33.072517,1506.355735,4,0.893362,0,0.002720529392,mobile,0
case_002701,9.573499,1254.760384,1,0.838288,0,0.000304695331,in_store,0
case_002702,41.844986,866.587147,0,0.877119,0,0.000446295136,in_store,0
case_002703,46.158252,1526.704471,3,0.489228,0,0.014573447667,in_store,0
case_002704,1.216601,892.090948,0,0.406763,0,0.002333942963,mobile,0
case_002705,26.372373,257.200359,1,0.470875,0,0.008836880974,in_store,0
case_002706,50.457865,878.906496,2,0.89876,0,0.001231022878,web,0
case_002707,146.331321,163.795891,3,0.499472,0,0.052752452619,in_store,0
case_002708,24.382438,180.938776,2,0.346109,0,0.03753375916,web,0
case_002709,14.203995,22.169898,2,0.893402,0,0.00166395274,web,0
case_002710,38.847853,838.956328,1,0.634246,0,0.002897602045,in_store,0
case_002711,75.946038,1038.206754,6,0.703759,0,0.018974472848,in_store,0
case_002712,14.91204,931.467792,1,0.744324,0,0.000779462511,in_store,0
case_002713,23.055722,165.967859,2,0.948978,0,0.000694212732,in_store,0
case_002714,30.23114,279.951761,2,0.701978,0,0.003300457143,in_store,0
case_002715,323.500278,1592.137958,0,0.802076,0,0.002853720249,web,0
case_002716,14.831137,440.949114,7,0.955674,0,0.002717118837,in_store,0
case_002717,30.252992,956.348702,2,0.541576,0,0.008042038701,web,0
case_002718,50.620296,33.349517,4,0.74811,0,0.017577343189,web,0
case_002719,40.972302,2838.361894,2,0.680265,0,0.00233545006,in_store,0
case_002720,59.527384,52.250488,1,0.794708,0,0.003117437881,in_store,0
case_002721,63.502326,992.092989,0,0.428123,0,0.011758607531,web,0
case_002722,45.563907,86.540181,3,0.788557,0,0.005173988846,in_store,0
case_002723,13.29979,52.826728,2,0.632496,0,0.006356309852,web,0
case_002724,77.363628,387.656546,1,0.546647,0,0.012381261519,web,0
case_002725,205.882669,556.653497,2,0.619493,0,0.028865104912,mobile,0
case_002726,17.725788,1795.488485,1,0.957994,0,0.000188356,in_store,0
case_002727,133.707838,2243.29791,1,0.93324,0,0.000742600831,in_store,0
case_002728,7.175259,410.146624,2,0.788114,0,0.000928517607,web,0
case_002729,40.243068,381.913554,3,0.642596,0,0.00989327727,web,0
case_002730,14.10572,445.877439,1,0.481276,0,0.006173225125,web,0
case_002731,181.682368,176.43225,1,0.652219,0,0.013924466386,web,0
case_002732,9.943534,1129.384414,2,0.633594,0,0.001708103255,in_store,0
case_002733,12.566859,375.360964,0,0.358713,0,0.008767231356,web,0
case_002734,65.210837,176.828308,2,0.577139,0,0.016984587512,web,0
case_002735,259.968588,120.174026,2,0.557862,0,0.039755363923,in_store,0
case_002736,4.621313,533.884619,1,0.790916,0,0.000348488519,in_store,0
case_002737,137.360239,205.940653,2,0.498817,0,0.041727682015,web,0
case_002738,17.066761,213.672127,0,0.52306,0,0.003487223466,in_store,0
case_002739,286.466393,125.161482,0,0.762115,0,0.007064061745,web,0
case_002740,43.246744,1118.521186,0,0.698851,0,0.001653274416,web,0
case_002741,44.462187,1496.79949,3,0.754208,0,0.002764744566,in_store,0
case_002742,60.447425,629.970273,2,0.731788,0,0.004308782938,web,0
case_002743,20.979726,693.084274,2,0.658174,0,0.002654758673,in_store,0
case_002744,6.460681,867.30725,0,0.553233,0,0.001391189086,web,0
case_002745,16.778621,1393.39448,4,0.675999,0,0.003699738984,in_store,0
case_002746,136.602714,13.893157,2,0.640246,0,0.029200389436,in_store,0
case_002747,41.900021,501.740073,2,0.616728,0,0.005818088363,in_store,0
case_002748,28.964779,783.844214,0,0.816938,0,0.000530511745,in_store,0
case_002749,51.878618,145.464887,0,0.952766,0,0.00068784585,web,0
case_002750,32.954853,328.626298,3,0.939036,0,0.001122140121,in_store,0
case_002751,129.007999,91.814376,2,0.713911,0,0.010614025001,in_store,0
case_002752,33.369049,346.794965,1,0.879613,0,0.000736046418,in_store,0
case_002753,55.172373,613.704468,2,0.784574,0,0.002297981998,in_store,0
case_002754,22.338411,677.256298,2,0.717032,0,0.002470434785,web,0
case_002755,95.735928,317.407741,3,0.907277,0,0.002725744289,in_store,0
case_002756,16.823588,573.783228,2,0.771434,0,0.001207678936,in_store,0
case_002757,26.51021,518.319119,3,0.643224,0,0.010333689034,mobile,0
case_002758,40.82084,156.94962,4,0.731042,0,0.00858967381,in_store,0
case_002759,41.259843,2.987686,1,0.837447,0,0.00402051137,in_store,0
case_002760,20.906258,1165.354742,0,0.6379,0,0.001179706669,in_store,0
case_002761,129.456363,1821.167326,2,0.491517,0,0.01779201369,in_store,0
case_002762,180.846733,1549.674637,2,0.505866,0,0.026914847128,web,0
case_002763,36.84861,66.954457,3,0.370156,0,0.079091704613,web,0
case_002764,47.821809,65.594365,0,0.764956,0,0.002652895064,web,0
case_002765,24.850467,1331.818914,2,0.791954,0,0.001358879785,web,0
case_002766,387.495088,146.699325,2,0.928653,0,0.006362163565,web,0
case_002767,27.402129,462.465444,1,0.634886,0,0.00275486098,in_store,0
case_002768,18.212177,456.872189,3,0.942258,0,0.000886317286,web,0
case_002769,19.199058,2326.781892,1,0.909356,0,0.000319210951,web,0
case_002770,13.724539,1406.791763,0,0.686248,0,0.000637974262,in_store,0
case_002771,52.71492,2529.768105,2,0.667482,0,0.003068723698,in_store,0
case_002772,89.223311,552.465451,1,0.583814,0,0.014444252156,mobile,0
case_002773,59.460135,1392.516178,3,0.611986,0,0.010531625476,web,0
case_002774,45.874594,1614.515628,0,0.804318,0,0.000798499978,web,0
case_002775,54.714515,2939.694931,1,0.568981,0,0.003755862596,in_store,0
case_002776,57.6762,617.669594,0,0.709677,0,0.001718540212,in_store,0
case_002777,48.286063,1819.475145,3,0.649074,0,0.006790879944,web,0
case_002778,6.823743,67.49136,3,0.764741,0,0.002029607649,in_store,0
case_002779,15.351906,2713.907423,0,0.964902,0,0.000189379517,mobile,0
case_002780,251.805158,483.634797,2,0.525455,0,0.032081783448,in_store,0
case_002781,128.017216,713.007491,2,0.420969,0,0.065738111376,mobile,0
case_002782,41.441108,126.65522,0,0.821552,0,0.001097080826,in_store,0
case_002783,63.037994,1552.992226,1,0.698808,0,0.002203375703,in_store,0
case_002784,50.098494,251.766213,4,0.502577,0,0.044042242724,web,0
case_002785,34.639206,735.743886,2,0.695119,0,0.005416453722,mobile,0
case_002786,36.636674,429.504665,1,0.67983,0,0.002552736108,in_store,0
case_002787,74.098777,1724.235739,2,0.667794,0,0.004253309954,in_store,0
case_002788,16.909542,4000,2,0.909597,0,0.000290342652,in_store,0
case_002789,16.472327,115.434188,1,0.81216,0,0.001276338212,web,0
case_002790,48.397422,2311.592941,3,0.955221,0,0.000733386435,in_store,0
case_002791,35.801319,1002.175152,4,0.775269,0,0.004508455558,web,0
case_002792,37.429941,269.258412,2,0.811693,0,0.00247271105,web,0
case_002793,412.850583,559.787702,3,0.830709,0,0.012200137223,web,0
case_002794,23.659684,288.118344,3,0.896363,0,0.002365602785,mobile,0
case_002795,62.174945,2321.911774,1,0.917268,0,0.000496710792,in_store,0
case_002796,6.8581,451.191867,1,0.935135,0,0.000184772214,in_store,0
case_002797,33.300733,243.49726,2,0.924161,0,0.00091327334,in_store,0
case_002798,59.104586,1055.905339,3,0.771445,0,0.006289296938,mobile,0
case_002799,123.21523,1795.959162,2,0.459769,0,0.02103254735,in_store,0
case_002800,55.466205,701.919502,2,0.75207,0,0.00348432772,web,0
case_002801,99.241384,237.574395,1,0.508397,0,0.031138811981,mobile,0
case_002802,13.602984,422.43278,5,0.525438,0,0.022048546051,web,0
case_002803,15.194927,391.147826,1,0.844175,0,0.000543955601,in_store,0
case_002804,77.71222,1489.919154,0,0.854334,0,0.000652362378,in_store,0
case_002805,14.527643,530.662752,1,0.190175,0,0.052414826404,mobile,0
case_002806,13.882372,53.453292,1,0.392593,0,0.015174959039,in_store,0
case_002807,12.544056,354.249287,1,0.894595,0,0.000467056781,web,0
case_002808,130.912684,804.841375,3,0.67909,0,0.019931174875,mobile,0
case_002809,26.234241,331.165694,1,0.713834,0,0.003452500871,mobile,0
case_002810,67.374431,7.827626,1,0.822006,0,0.004797551955,in_store,0
case_002811,35.572354,260.952073,3,0.786928,0,0.004170973022,web,0
case_002812,126.126765,748.661642,2,0.320173,0,0.063096855297,in_store,0
case_002813,55.462128,800.6499,1,0.742548,0,0.002405198888,web,0
case_002814,22.249751,550.883239,1,0.682289,1,0.008845732667,web,0
case_002815,68.082933,2304.665137,1,0.731822,0,0.002155263165,web,0
case_002816,51.942597,208.101168,2,0.846364,0,0.002641957953,web,0
case_002817,12.115643,529.522594,1,0.661564,0,0.001743686748,web,0
case_002818,1.9402,268.736125,2,0.693607,0,0.000759492435,in_store,0
case_002819,43.258016,270.763705,1,0.491771,0,0.013345380655,web,0
case_002820,64.395293,1600.546494,2,0.294333,0,0.050216426679,web,0
case_002821,36.305871,319.362018,3,0.804623,0,0.002781935595,in_store,0
case_002822,33.415095,264.169423,1,0.755705,0,0.001727976896,in_store,0
case_002823,2.056759,354.202414,3,0.665605,0,0.002425628854,mobile,0
case_002824,25.945913,416.960182,0,0.541507,0,0.004256943234,web,0
case_002825,11.351096,478.686947,0,0.66816,0,0.001119498309,web,0
case_002826,10.656471,1008.270522,2,0.652624,0,0.002096226447,web,0
case_002827,19.457687,908.387893,4,0.798083,0,0.002751365385,web,0
case_002828,22.836602,149.862738,1,0.767671,0,0.002848554715,mobile,0
case_002829,17.328764,1822.705049,0,0.591301,0,0.001233909191,in_store,0
case_002830,129.663525,249.724396,2,0.816318,0,0.005423757512,web,0
case_002831,143.442822,368.110573,0,0.483225,0,0.018650782453,web,0
case_002832,10.225707,1323.164766,2,0.881033,0,0.000454094121,web,0
case_002833,7.567075,41.552648,3,0.708719,0,0.00350544461,in_store,0
case_002834,35.423425,234.081355,1,0.969971,0,0.000625556626,web,0
case_002835,1.995622,346.014238,1,0.719588,0,0.000526529444,web,0
case_002836,15.343702,289.103521,2,0.640848,0,0.004035442495,web,0
case_002837,51.563599,1415.405454,0,0.801047,0,0.000710583471,in_store,0
case_002838,7.207944,11.456564,0,0.834186,0,0.00068720584,in_store,0
case_002839,28.534587,376.808119,2,0.742916,0,0.002262662548,in_store,0
case_002840,32.716631,1338.114612,2,0.849771,0,0.001675813498,mobile,0
case_002841,124.880062,806.784005,2,0.926074,0,0.002834702979,mobile,0
case_002842,15.363723,20.858404,0,0.645311,0,0.003806387331,web,0
case_002843,83.562435,1384.304296,1,0.7196,1,0.009648191359,in_store,0
case_002844,32.633569,243.045839,0,0.74545,0,0.001256011074,in_store,0
case_002845,34.526803,1705.393908,1,0.85504,0,0.001055937193,mobile,0
case_002846,31.839516,40.90798,1,0.722075,0,0.003535857321,in_store,0
case_002847,18.371274,237.332271,3,0.64754,0,0.005273539972,in_store,0
case_002848,3.241709,176.217257,1,0.634413,0,0.001064422865,in_store,0
case_002849,10.241251,299.914249,0,0.900595,0,0.00042133209,mobile,0
case_002850,45.530685,805.385254,2,0.770888,0,0.002626557795,web,0
case_002851,95.481301,1117.58229,1,0.692103,0,0.004229853969,web,0
case_002852,182.662444,41.831954,1,0.95958,0,0.002440605402,in_store,0
case_002853,61.072717,69.811899,1,0.885363,0,0.002126898651,web,0
case_002854,15.873606,6.323364,3,0.615077,0,0.016129525828,in_store,0
case_002855,17.663218,15.182546,0,0.808144,0,0.001639360744,web,0
case_002856,15.131139,658.731163,4,0.555774,0,0.009109284474,in_store,0
case_002857,277.202191,23.775496,1,0.815959,0,0.009140490085,in_store,0
case_002858,64.499241,141.663424,3,0.541014,0,0.032848676557,web,0
case_002859,49.813626,1282.206432,1,0.606387,0,0.006810632881,mobile,0
case_002860,12.616278,1413.51931,2,0.872784,0,0.000531668188,web,0
case_002861,93.133326,78.860358,1,0.633976,0,0.012815517848,web,0
case_002862,43.670292,1295.906819,4,0.734151,0,0.006124937381,web,0
case_002863,35.807792,127.919917,3,0.598869,0,0.016478128151,web,0
case_002864,16.8615,817.06829,1,0.528233,0,0.006417680225,mobile,0
case_002865,28.4243,263.009358,1,0.884709,0,0.000698478897,in_store,0
case_002866,96.531009,434.870586,0,0.881555,0,0.000905281214,in_store,0
case_002867,44.168771,1026.316741,3,0.729174,0,0.003590685222,in_store,0
case_002868,226.84164,1420.697963,4,0.588547,0,0.03239104999,in_store,0
case_002869,519.098141,1376.521336,2,0.628881,0,0.020054394903,in_store,0
case_002870,15.151556,211.992778,2,0.929446,0,0.00072406682,web,0
case_002871,24.020864,149.531125,1,0.569855,0,0.010054962936,mobile,0
case_002872,21.443867,279.709033,3,0.475217,0,0.016067105725,in_store,0
case_002873,485.019161,1892.532452,0,0.522586,0,0.019893588124,web,0
case_002874,9.124936,1267.826253,1,0.479966,0,0.005285048144,mobile,0
case_002875,13.929927,238.90981,0,0.866079,0,0.000350637005,in_store,0
case_002876,9.258222,170.926347,3,0.918637,0,0.00135570876,mobile,0
case_002877,19.562342,961.278972,1,0.673556,0,0.001821344773,web,0
case_002878,25.866142,1459.876188,2,0.744007,0,0.001425549093,in_store,0
case_002879,195.189034,1547.346546,3,0.630601,0,0.015146076394,in_store,0
case_002880,41.212227,144.293821,1,0.727254,0,0.002806379296,in_store,0
case_002881,19.936975,3809.854704,1,0.877626,0,0.000345048229,web,0
case_002882,41.45578,839.033203,1,0.762563,0,0.002594474935,mobile,0
case_002883,38.330378,450.082526,2,0.765974,0,0.00224101822,in_store,0
case_002884,8.453773,632.664764,0,0.655943,0,0.00072954762,in_store,0
case_002885,84.271981,342.503379,0,0.765062,0,0.001840034933,in_store,0
case_002886,47.096103,370.904339,0,0.716233,0,0.001681580755,in_store,0
case_002887,11.223258,1828.503451,3,0.787391,0,0.001160683604,web,0
case_002888,19.768113,207.492127,3,0.577554,0,0.01682231572,mobile,0
case_002889,5.638908,661.050992,1,0.687209,0,0.000895308672,web,0
case_002890,35.769688,660.180832,1,0.869413,0,0.000679672565,in_store,0
case_002891,9.515495,580.935223,2,0.798698,0,0.000720502952,in_store,0
case_002892,18.787104,415.104786,0,0.553401,0,0.003240756881,web,0
case_002893,57.692086,1552.219672,2,0.798842,0,0.001651475245,in_store,0
case_002894,8.355578,2047.999239,2,0.767041,0,0.001079595402,mobile,0
case_002895,151.023913,1922.239223,3,0.678225,0,0.017100263478,mobile,0
case_002896,108.017672,44.502795,0,0.745065,1,0.017603729907,in_store,0
case_002897,6.774944,53.547476,2,0.608772,0,0.004949006339,web,0
case_002898,8.353759,158.554844,0,0.864337,0,0.000294631808,in_store,0
case_002899,53.62887,1579.615867,0,0.853128,0,0.000975909769,mobile,0
case_002900,18.646404,480.783461,0,0.438034,0,0.006336691234,web,0
case_002901,158.039797,2725.045977,1,0.455062,1,0.074828644752,web,1
case_002902,35.865005,518.194032,0,0.74776,0,0.001353713612,web,0
case_002903,70.148132,837.369994,3,0.712869,0,0.005656394657,in_store,0
case_002904,68.862012,378.225558,1,0.817595,0,0.00215025821,web,0
case_002905,36.726762,1800.843085,5,0.445526,0,0.033954053075,in_store,0
case_002906,32.331842,1162.478693,1,0.769522,0,0.001295529551,web,0
case_002907,21.677744,1463.527009,1,0.616941,0,0.001905020212,in_store,0
case_002908,18.040545,1216.7951,1,0.957917,0,0.000213368776,in_store,0
case_002909,59.587272,1801.677739,2,0.573162,1,0.04895245092,mobile,0
case_002910,13.457557,948.907568,3,0.497882,0,0.009491131651,web,0
case_002911,9.440427,899.785933,2,0.830644,0,0.000663980926,web,0
case_002912,12.240246,688.025122,2,0.859209,1,0.004224863851,mobile,0
case_002913,85.154227,282.465763,1,0.409561,0,0.033289178006,web,0
case_002914,53.934697,404.054144,4,0.705923,0,0.009112480841,in_store,0
case_002915,41.375928,670.476996,1,0.461618,0,0.012047624935,web,0
case_002916,126.443095,115.277064,4,0.387647,0,0.143228803532,in_store,0
case_002917,78.88888,868.656184,1,0.785959,0,0.001748595473,in_store,0
case_002918,49.541471,1614.864571,0,0.650081,0,0.00219559734,web,0
case_002919,69.758145,279.1217,2,0.936755,0,0.001666640885,web,0
case_002920,53.997695,1773.274342,0,0.656774,0,0.003225981862,mobile,0
case_002921,114.358099,276.24087,1,0.762619,0,0.003579070597,in_store,0
case_002922,51.182669,322.884786,3,0.723246,0,0.005718772077,in_store,0
case_002923,59.246,715.473144,4,0.535152,0,0.02347662303,in_store,0
case_002924,13.902714,1701.033086,0,0.869402,0,0.000248747131,web,0
case_002925,42.274839,621.978609,2,0.701672,0,0.004157249766,web,0
case_002926,8.353246,845.588503,1,0.913976,0,0.000196696947,in_store,0
case_002927,40.224718,227.615218,2,0.661546,0,0.010281139103,mobile,0
case_002928,29.231648,13.034794,1,0.686524,0,0.007363884257,web,0
case_002929,61.538189,42.824784,1,0.510896,0,0.019536600141,in_store,0
case_002930,404.047278,107.902071,0,0.641583,0,0.019330919365,web,0
case_002931,19.103048,360.345567,1,0.743347,0,0.001203215106,in_store,0
case_002932,67.103819,111.119369,0,0.780947,0,0.001995269692,in_store,0
case_002933,9.414625,459.361062,1,0.892451,0,0.000288200239,in_store,0
case_002934,116.631493,111.067307,0,0.698998,0,0.006075351525,web,0
case_002935,15.960622,79.804625,3,0.788753,0,0.003528827537,web,0
case_002936,16.844654,793.709991,2,0.655561,0,0.002908024206,web,0
case_002937,12.113445,310.19692,1,0.808385,0,0.000814463533,web,0
case_002938,39.720402,327.0558,2,0.577662,0,0.010393066521,web,0
case_002939,50.170523,324.691431,1,0.814843,1,0.011197400318,mobile,0
case_002940,3.48589,571.939072,4,0.761824,0,0.001148830454,in_store,0
case_002941,48.516745,296.920876,0,0.691327,0,0.002135203188,in_store,0
case_002942,112.621195,263.989323,4,0.66869,0,0.026336335541,web,0
case_002943,152.173475,443.047437,5,0.553623,0,0.062707948579,in_store,0
case_002944,15.966402,514.511479,2,0.946705,0,0.000518742539,web,0
case_002945,23.424763,66.243803,3,0.739992,0,0.006382095151,web,0
case_002946,54.516876,169.464033,0,0.725761,0,0.002800687775,web,0
case_002947,171.451593,682.342124,3,0.657836,0,0.014916953306,in_store,1
case_002948,126.302793,200.275486,3,0.432473,0,0.085293465216,web,0
case_002949,305.681487,76.15544,2,0.860403,0,0.007854778736,in_store,0
case_002950,1109.230112,221.888857,1,0.892651,0,0.009411780434,web,0
case_002951,32.908101,612.936965,3,0.837751,0,0.001760039514,in_store,0
case_002952,9.944036,87.166292,3,0.745487,0,0.003391657141,web,0
case_002953,23.722521,1996.278073,1,0.651475,0,0.001483937021,in_store,0
case_002954,179.433527,35.056114,3,0.640967,0,0.049863007661,web,0
case_002955,133.314289,910.011528,2,0.549582,1,0.075660254488,web,0
case_002956,58.050881,1173.038809,1,0.801474,0,0.002287173345,mobile,0
case_002957,27.46205,84.218828,3,0.823472,0,0.003914020165,web,0
case_002958,17.407652,887.558955,1,0.844522,0,0.000596640435,web,0
case_002959,34.248639,683.175515,1,0.810358,0,0.000946721589,in_store,0
case_002960,27.253585,145.339572,2,0.86775,0,0.001329857434,in_store,0
case_002961,11.191128,687.108944,1,0.557349,0,0.00295281752,web,0
case_002962,13.429181,1303.949367,2,0.868411,0,0.000580857609,web,0
case_002963,11.394033,1242.326857,1,0.495387,0,0.003696764753,web,0
case_002964,36.789543,206.177066,3,0.589423,0,0.022947857372,mobile,0
case_002965,51.246901,89.625166,2,0.314975,0,0.067411788557,in_store,0
case_002966,249.999931,61.307603,2,0.859294,0,0.007393663394,in_store,0
case_002967,173.118953,180.619651,3,0.917,0,0.005667821009,web,0
case_002968,11.243411,34.485989,2,0.722228,0,0.002894167047,in_store,0
case_002969,87.019193,195.670265,2,0.72774,0,0.006096745469,in_store,0
case_002970,40.058108,824.092026,3,0.936619,0,0.000986430219,in_store,0
case_002971,30.945434,569.937088,1,0.887103,0,0.000579711793,in_store,0
case_002972,6.105078,369.854591,0,0.888334,0,0.000165860532,in_store,0
case_002973,94.455822,2853.402992,1,0.659266,0,0.003059946187,in_store,0
case_002974,23.482825,165.905341,0,0.826088,0,0.000885789846,web,0
case_002975,84.734748,1500.31803,3,0.678687,0,0.008540362955,web,0
case_002976,23.620278,287.950233,1,0.951471,0,0.00039931282,in_store,0
case_002977,142.264403,1797.219903,0,0.987703,0,0.00050867231,web,0
case_002978,273.348534,435.734721,1,0.841305,0,0.003367321018,in_store,0
case_002979,40.657264,830.638509,2,0.86643,1,0.004204041357,in_store,0
case_002980,98.463986,333.381402,6,0.872995,0,0.010925753426,in_store,0
case_002981,36.58122,277.865293,2,0.895703,0,0.001113994753,in_store,0
case_002982,44.372517,1096.775985,1,0.449847,0,0.00917406888,in_store,0
case_002983,20.355675,2391.473154,2,0.16971,0,0.037129724645,in_store,0
case_002984,4.440857,81.030986,3,0.463646,0,0.009905127988,in_store,0
case_002985,47.815016,1111.238689,1,0.522626,0,0.006100238666,in_store,0
case_002986,3.257669,1118.274586,0,0.481793,0,0.001092324036,in_store,0
case_002987,25.653056,296.216771,1,0.414396,0,0.015137836264,web,0
case_002988,44.46054,151.191089,1,0.821134,0,0.001617690726,in_store,0
case_002989,7.518311,190.455651,1,0.769561,0,0.000703838066,in_store,0
case_002990,69.909898,863.241753,4,0.763315,1,0.045098046852,mobile,0
case_002991,9.799896,2123.605645,1,0.639953,0,0.001750851047,mobile,0
case_002992,36.704245,197.534189,1,0.619794,0,0.005964851293,web,0
case_002993,49.307447,44.338496,0,0.674337,0,0.005317291981,web,0
case_002994,18.507653,755.5507,1,0.546829,0,0.003241789704,in_store,0
case_002995,237.981507,506.129701,2,0.906543,0,0.003726903088,web,0
case_002996,238.62979,195.630064,1,0.889432,0,0.005506749341,mobile,0
case_002997,111.093011,117.812978,1,0.392846,0,0.043542173885,in_store,0
case_002998,16.685775,402.353988,2,0.615269,0,0.003527753148,in_store,0
case_002999,89.534218,1065.367653,2,0.869346,0,0.001572261321,in_store,0
case_003000,36.295996,211.653604,2,0.561171,0,0.009624668781,in_store,0
case_003001,18.533714,1037.575824,4,0.623357,0,0.00761756846,web,0
case_003002,8.144716,2631.035865,3,0.957108,0,0.00029952763,web,0
case_003003,45.070305,369.222882,1,0.871281,0,0.000920953775,in_store,0
case_003004,8.776233,418.059062,1,0.825435,0,0.0005547622,web,0
case_003005,85.739813,68.545833,2,0.769281,0,0.01201113596,mobile,0
case_003006,62.821371,894.787912,2,0.808432,0,0.001927923264,in_store,0
case_003007,21.074729,497.381294,2,0.620912,0,0.003697331086,in_store,0
case_003008,6.946523,82.802648,2,0.780309,0,0.001185070172,in_store,0
case_003009,26.51716,258.834009,0,0.701672,0,0.001826195281,web,0
case_003010,34.835829,878.834002,2,0.334291,0,0.025187423254,in_store,0
case_003011,10.613125,75.707619,4,0.294217,0,0.066573064081,in_store,0
case_003012,62.752502,2266.07682,0,0.61435,0,0.002252153508,in_store,0
case_003013,7.308382,498.831832,1,0.832276,0,0.000353831924,in_store,0
case_003014,10.388934,105.887864,2,0.666915,0,0.005404641585,mobile,0
case_003015,10.502466,1206.370827,2,0.710278,0,0.001072410127,in_store,0
case_003016,27.872659,225.99501,1,0.862787,0,0.001061361228,web,0
case_003017,36.279024,513.38507,1,0.697891,0,0.002761982856,web,0
case_003018,33.763556,161.866689,1,0.831132,0,0.002395467906,mobile,0
case_003019,25.66166,10.568285,2,0.747617,0,0.005663344729,in_store,0
case_003020,15.255765,1198.978166,3,0.835703,0,0.001168103709,web,0
case_003021,43.377702,1453.679206,2,0.829095,0,0.001492042031,web,0
case_003022,6.225665,522.739325,1,0.762189,0,0.000634097095,web,0
case_003023,18.113592,719.853182,1,0.621824,0,0.002608764418,web,0
case_003024,2.826025,1119.426574,1,0.896175,0,0.000145503055,web,0
case_003025,71.193825,167.799103,2,0.678633,0,0.014468281166,mobile,0
case_003026,11.24503,867.902118,3,0.826041,0,0.000883424885,in_store,0
case_003027,108.613858,1330.113313,1,0.501625,0,0.014221933882,web,0
case_003028,20.078557,180.547864,1,0.874057,0,0.00086067329,web,0
case_003029,300.4218,341.022825,2,0.465862,0,0.071198640231,web,0
case_003030,25.187973,757.894524,1,0.869528,0,0.000671897526,web,0
case_003031,10.735079,1210.213275,5,0.539019,0,0.013051049386,web,0
case_003032,83.677772,29.211381,2,0.776317,0,0.014396568166,mobile,0
case_003033,11.510031,1174.88325,2,0.717064,0,0.001093914976,in_store,0
case_003034,123.235758,1044.37352,0,0.776226,1,0.008195916187,web,0
case_003035,76.427749,617.579401,4,0.386277,0,0.069681860359,in_store,0
case_003036,17.827461,1035.284568,3,0.517781,0,0.007570099546,in_store,0
case_003037,16.055181,1412.645799,2,0.800154,0,0.000968812143,web,0
case_003038,50.99034,1795.182729,0,0.477178,0,0.006362537635,web,0
case_003039,710.042164,311.482598,1,0.910938,0,0.004456990764,in_store,0
case_003040,35.303482,1018.182648,1,0.637743,0,0.003237246119,web,0
case_003041,68.964612,2018.56009,2,0.684432,0,0.003499079021,in_store,0
case_003042,35.323163,1355.617891,0,0.65008,0,0.00145279327,in_store,0
case_003043,86.691587,53.878615,0,0.467356,0,0.020186649993,in_store,0
case_003044,51.444676,103.444679,2,0.87324,0,0.002717722909,web,0
case_003045,90.513365,233.81922,2,0.881964,0,0.002273424514,in_store,0
case_003046,413.385509,140.782191,1,0.917555,0,0.004865845712,web,0
case_003047,180.514733,1573.191525,1,0.821543,0,0.002006780962,in_store,0
case_003048,25.657689,17.456086,1,0.509266,0,0.027717890757,mobile,0
case_003049,32.373568,217.315165,2,0.441872,0,0.023706224824,web,0
case_003050,14.291184,279.221191,2,0.637503,0,0.003986487634,web,0
case_003051,32.336958,99.776074,3,0.610232,0,0.015479087691,web,0
case_003052,48.608935,283.156736,1,0.765869,0,0.002015079123,in_store,0
case_003053,83.953076,926.968612,1,0.779889,0,0.001854590544,in_store,0
case_003054,42.829149,516.173536,0,0.728319,0,0.002551717532,mobile,0
case_003055,11.805777,1002.264224,3,0.579125,0,0.005217901236,web,0
case_003056,707.709994,576.762756,1,0.711328,0,0.01283512669,in_store,0
case_003057,21.722284,1222.88171,3,0.829534,0,0.001500104656,web,0
case_003058,109.28023,859.889537,1,0.840787,0,0.001535504218,in_store,0
case_003059,15.65101,85.60405,2,0.295649,0,0.07001885652,mobile,0
case_003060,26.090448,464.937385,2,0.760247,0,0.002318380458,web,0
case_003061,40.072117,99.425824,0,0.450453,0,0.014832740404,web,0
case_003062,26.783041,1034.749004,1,0.643774,0,0.002033314503,in_store,0
case_003063,90.564681,240.879832,0,0.743662,0,0.003129364997,web,0
case_003064,5.605188,644.061525,6,0.805497,0,0.003054172244,web,0
case_003065,40.894811,220.967512,0,0.798408,0,0.002047422081,mobile,0
case_003066,36.491326,488.703522,3,0.684064,0,0.005225991365,in_store,0
case_003067,6.450006,195.46439,0,0.702671,0,0.001257108586,mobile,0
case_003068,13.880682,666.406603,1,0.9928,0,0.000223669435,web,0
case_003069,43.137902,599.91355,2,0.904279,0,0.000937198585,in_store,0
case_003070,7.432619,248.743162,0,0.781571,0,0.000405386462,in_store,0
case_003071,21.645061,1591.713383,2,0.880064,0,0.000531949196,in_store,0
case_003072,9.272101,275.985297,5,0.810032,0,0.003416234726,web,0
case_003073,99.125737,420.191162,1,0.698275,0,0.004316674643,in_store,0
case_003074,32.374934,2742.100404,1,0.861148,1,0.001797578976,in_store,0
case_003075,3.307124,667.742601,2,0.596799,0,0.001367091106,in_store,0
case_003076,16.267897,409.953473,1,0.565329,0,0.004089321252,web,0
case_003077,37.544122,117.808658,0,0.746408,0,0.00168213387,in_store,0
case_003078,34.164595,924.209219,3,0.561237,0,0.011448138215,web,0
case_003079,31.006502,149.479524,1,0.866763,0,0.001860392061,mobile,0
case_003080,17.12102,423.952195,3,0.949169,0,0.000650584457,in_store,0
case_003081,31.243779,2074.872217,3,0.742856,0,0.004128925798,mobile,0
case_003082,25.945575,507.980442,1,0.611684,0,0.00384105156,web,0
case_003083,26.937195,212.809572,2,0.776005,0,0.002095533171,in_store,0
case_003084,12.658044,612.223047,0,0.74741,1,0.002138904123,in_store,0
case_003085,40.645903,1119.561944,2,0.536992,0,0.01412401812,mobile,0
case_003086,75.159283,933.219044,3,0.646002,0,0.008674037796,in_store,0
case_003087,22.44576,367.65786,0,0.77659,0,0.000931260889,web,0
case_003088,6.289169,46.800378,1,0.54965,0,0.007171960473,mobile,0
case_003089,78.064261,58.014852,2,0.990872,0,0.002997090858,mobile,0
case_003090,87.148833,1531.610946,1,0.642943,0,0.003854475857,in_store,0
case_003091,38.990817,2766.841333,1,0.844636,0,0.001056873156,mobile,0
case_003092,13.790627,27.877689,0,0.680186,0,0.002645744853,web,0
case_003093,72.478933,1385.518259,1,0.885252,0,0.00099856862,web,0
case_003094,22.713732,751.689644,2,0.590525,0,0.005323836173,web,0
case_003095,43.354581,222.010253,2,0.850969,0,0.003347462821,mobile,0
case_003096,39.5859,566.455606,3,0.932628,0,0.001119414642,in_store,0
case_003097,14.473588,500.991712,1,0.866427,0,0.000549025525,web,0
case_003098,75.836784,447.501241,5,0.97889,0,0.005687579817,mobile,0
case_003099,54.919066,347.464818,1,0.705729,0,0.003830652264,web,0
case_003100,74.515032,99.664552,3,0.559643,0,0.035411008539,web,0
case_003101,19.98528,345.953763,1,0.668415,0,0.002564414868,web,0
case_003102,17.507994,197.508818,0,0.58173,0,0.002514074245,in_store,0
case_003103,91.791771,807.57325,2,0.716453,0,0.005758145432,web,0
case_003104,62.989266,156.794612,2,0.896316,0,0.002374718438,web,0
case_003105,11.99826,300.737832,1,0.554159,0,0.003110096742,in_store,0
case_003106,33.26337,809.150231,2,0.5412,0,0.00897599759,web,0
case_003107,7.193564,2486.023524,1,0.734281,0,0.000775748931,mobile,0
case_003108,121.474535,4000,5,0.857067,0,0.004552083036,in_store,0
case_003109,132.945358,241.761739,0,0.754007,0,0.002922883796,in_store,0
case_003110,19.37951,5.382423,0,0.879368,0,0.001459188904,web,0
case_003111,26.238148,104.362874,1,0.801289,0,0.001875886544,web,0
case_003112,22.872874,1165.03202,3,0.942904,1,0.002440647293,in_store,0
case_003113,10.431204,32.723072,3,0.782036,0,0.002863459458,in_store,0
case_003114,14.022413,100.949421,1,0.672049,0,0.002246259196,in_store,0
case_003115,9.881852,733.88749,1,0.887623,0,0.000266656931,in_store,0
case_003116,105.412569,1028.226965,0,0.648133,0,0.003199921747,in_store,0
case_003117,14.556725,590.224915,3,0.460258,0,0.01124206116,in_store,0
case_003118,109.664702,356.403675,5,0.784497,0,0.013447118077,in_store,0
case_003119,8.271053,472.855105,1,0.862319,0,0.000319871085,in_store,0
case_003120,8.691324,840.065714,3,0.849675,0,0.000661018788,in_store,0
case_003121,38.940098,371.749891,0,0.762743,0,0.001430260131,web,0
case_003122,27.064815,746.175154,2,0.475847,0,0.009453826575,in_store,0
case_003123,22.287986,184.079607,2,0.659193,0,0.004021785859,in_store,0
case_003124,10.974794,964.140079,3,0.721709,0,0.002078789241,web,0
case_003125,75.563938,688.245447,3,0.973741,1,0.009518662509,mobile,0
case_003126,58.101039,2726.96686,1,0.629699,0,0.002732222059,in_store,0
case_003127,20.429803,29.89191,1,0.55565,1,0.032622083716,in_store,0
case_003128,106.044782,536.237799,1,0.852037,0,0.002067189123,web,0
case_003129,12.603252,737.783194,1,0.777018,0,0.000614272776,in_store,0
case_003130,37.234839,115.401395,2,0.891758,0,0.001489236099,in_store,0
case_003131,4.160842,79.948932,0,0.947039,0,0.00018685297,web,0
case_003132,29.132485,395.095998,1,0.746755,0,0.002852903094,mobile,0
case_003133,20.271264,373.265523,1,0.518771,0,0.005009074932,in_store,0
case_003134,36.683293,1096.708156,0,0.870223,0,0.000400239912,in_store,0
case_003135,250.678132,484.727277,0,0.529243,0,0.027389996073,mobile,0
case_003136,57.259683,242.870513,1,0.745478,0,0.003406806622,web,0
case_003137,14.7355,943.765375,1,0.986951,0,0.00021738598,web,0
case_003138,57.541872,240.373263,2,0.848118,0,0.002084657198,in_store,0
case_003139,9.570989,599.000404,2,0.776495,0,0.000823136516,in_store,0
case_003140,289.753455,3.171685,2,0.832829,0,0.026593340155,web,0
case_003141,66.28311,63.32058,1,0.359442,0,0.058221194163,web,0
case_003142,4.326305,1133.501505,3,0.814735,0,0.000977971656,mobile,0
case_003143,39.821505,363.62696,0,0.592155,0,0.003296216178,in_store,0
case_003144,56.691651,519.136864,3,0.60592,0,0.014092699787,web,0
case_003145,48.283737,464.888784,2,0.630298,0,0.005979715334,in_store,0
case_003146,31.228584,1021.538038,0,0.827494,0,0.000482071601,in_store,0
case_003147,22.693615,1530.516485,1,0.940635,1,0.001038433049,in_store,0
case_003148,25.973873,1132.900994,1,0.745984,0,0.001026594007,in_store,0
case_003149,78.581128,29.238151,1,0.768138,0,0.0066358487,web,0
case_003150,3.47735,34.192122,0,0.520967,0,0.00242030902,in_store,0
case_003151,4.593148,2001.213278,2,0.706909,0,0.000591706199,in_store,0
case_003152,155.746496,855.841466,1,0.893601,0,0.001389350268,in_store,0
case_003153,20.808579,213.37812,2,0.419991,1,0.062825082519,in_store,0
case_003154,39.443023,526.167429,0,0.599334,0,0.00281458537,in_store,0
case_003155,254.948901,197.457023,5,0.457946,0,0.216205560053,web,1
case_003156,19.864754,508.518859,3,0.627468,0,0.006447152671,web,0
case_003157,103.298936,300.919218,1,0.778861,0,0.003792385224,web,0
case_003158,30.748747,551.40608,2,0.792681,0,0.001556443533,in_store,0
case_003159,71.180659,242.80442,2,0.591951,0,0.011695187221,in_store,0
case_003160,12.905115,178.340809,2,0.521391,0,0.006849243397,in_store,0
case_003161,14.374858,121.254177,3,0.873831,0,0.002574380433,mobile,0
case_003162,86.595157,233.568688,2,0.591341,0,0.017192694038,web,0
case_003163,37.497553,625.342209,3,0.766636,0,0.00379785877,web,0
case_003164,47.012824,441.336317,1,0.627511,0,0.00410809448,in_store,0
case_003165,15.777407,308.751251,0,0.604037,0,0.002314299984,web,0
case_003166,11.955753,77.328892,2,0.618524,0,0.00583410901,web,0
case_003167,14.45022,126.207314,0,0.976519,0,0.000216361963,in_store,0
case_003168,2.449659,149.564756,1,0.492491,0,0.003036355448,web,0
case_003169,22.843726,819.022388,1,0.658761,0,0.002303576202,web,0
case_003170,88.716428,530.186183,2,0.862708,1,0.010304516008,web,0
case_003171,62.194509,319.013674,2,0.935116,0,0.001172612177,in_store,0
case_003172,293.887741,68.285604,0,0.686473,0,0.013633279594,web,0
case_003173,6.450512,817.307014,1,0.655263,0,0.001107412071,web,0
case_003174,18.790729,77.785228,2,0.69649,0,0.004717349192,web,0
case_003175,108.647599,146.297158,2,0.922361,0,0.002275815698,in_store,0
case_003176,75.906409,161.374605,3,0.814802,0,0.00508175728,in_store,0
case_003177,26.456186,2496.693929,1,0.589974,0,0.004175944855,mobile,0
case_003178,58.166662,660.720417,2,0.583567,0,0.008123261229,in_store,0
case_003179,17.585154,33.397745,2,0.839972,0,0.00183718704,in_store,0
case_003180,79.606747,856.470128,2,0.798455,0,0.00241774074,in_store,0
case_003181,43.130763,2272.577783,1,0.777364,0,0.001217750196,web,0
case_003182,23.873093,146.381333,0,0.700563,0,0.001582690752,in_store,0
case_003183,89.86448,75.420537,2,0.791536,0,0.007059985565,web,0
case_003184,38.33198,374.774797,1,0.807433,0,0.001582359745,web,0
case_003185,27.591784,16.994091,1,0.690254,0,0.005037377348,in_store,0
case_003186,49.079747,1355.619234,0,0.774914,0,0.001571316683,mobile,0
case_003187,33.791029,249.328219,1,0.558348,0,0.007754239493,web,0
case_003188,30.124804,1114.766821,0,0.878196,0,0.000334706698,in_store,0
case_003189,103.955638,138.168341,0,0.632308,0,0.00625629029,in_store,0
case_003190,6.582897,105.337092,0,0.698117,0,0.001564403097,mobile,0
case_003191,27.819944,485.824491,1,0.724122,0,0.001571413974,in_store,0
case_003192,30.888406,397.092648,3,0.221377,0,0.147809518394,mobile,0
case_003193,14.804956,520.931079,3,0.789514,0,0.001949979037,web,0
case_003194,101.20543,204.565568,2,0.830904,0,0.004476461144,web,0
case_003195,54.081898,468.338246,1,0.687291,0,0.003041670886,in_store,0
case_003196,16.43802,124.422833,2,0.536527,0,0.015218779554,mobile,0
case_003197,42.29164,475.909576,2,0.778826,0,0.002165858644,in_store,0
case_003198,212.431285,389.669424,3,0.626194,0,0.045616284144,mobile,0
case_003199,12.942966,12.647689,2,0.237296,0,0.142078573862,mobile,0
case_003200,64.122954,1359.925796,1,0.456439,0,0.013371878482,web,0
case_003201,174.039635,211.707235,2,0.596774,0,0.026561699622,web,0
case_003202,12.862654,906.661997,3,0.77814,1,0.005150385559,in_store,0
case_003203,31.409245,2190.523014,2,0.329353,0,0.018770057905,in_store,0
case_003204,31.665426,1015.557946,1,0.803604,0,0.000837458325,in_store,0
case_003205,46.894509,244.908123,2,0.232013,0,0.078977758007,in_store,0
case_003206,35.724985,255.340724,2,0.857534,0,0.001427292365,in_store,0
case_003207,42.28175,166.904119,0,0.824438,0,0.001007548251,in_store,0
case_003208,196.030889,3.082731,0,0.458447,0,0.091737019676,web,0
case_003209,19.248633,112.089431,2,0.649278,0,0.004508545692,in_store,0
case_003210,67.674898,82.904468,1,0.691036,0,0.005651336073,in_store,0
case_003211,41.625209,546.745637,0,0.880187,0,0.000640601732,web,0
case_003212,38.30971,864.711856,0,0.270692,0,0.018356141473,in_store,0
case_003213,341.874176,83.407361,2,0.916692,0,0.011049630605,mobile,0
case_003214,8.699088,131.379873,2,0.79832,0,0.001354258237,web,0
case_003215,37.606871,796.802302,0,0.775866,0,0.001032745852,web,0
case_003216,18.493355,283.158351,5,0.606217,0,0.014161107614,in_store,0
case_003217,28.88601,713.039909,7,0.632289,0,0.026308135087,in_store,0
case_003218,41.731371,671.947694,1,0.387051,0,0.014980188325,in_store,0
case_003219,8.350917,165.638259,2,0.828642,0,0.000797251316,in_store,0
case_003220,29.25323,117.466061,3,0.625915,0,0.012605390367,web,0
case_003221,3.198805,726.90496,0,0.756816,0,0.000220189222,in_store,0
case_003222,9.176944,28.307514,5,0.931318,0,0.002388343023,in_store,0
case_003223,5.951081,738.856263,1,0.57507,0,0.001798284295,web,0
case_003224,10.289506,214.68755,2,0.869251,0,0.000832584177,web,0
case_003225,193.257903,393.092435,6,0.964192,0,0.011676301605,web,0
case_003226,9.470119,140.81515,1,0.633655,0,0.002051346815,in_store,0
case_003227,70.029446,147.130985,1,0.875654,0,0.001550022409,in_store,0
case_003228,32.06611,391.051348,3,0.710225,0,0.004367666049,in_store,0
case_003229,3.177195,778.015656,5,0.819043,0,0.001038868463,in_store,0
case_003230,95.398736,99.218832,2,0.827595,0,0.004226114228,in_store,0
case_003231,28.375315,674.013648,2,0.689814,0,0.003402479363,web,0
case_003232,34.994533,1100.212777,1,0.724676,1,0.005758787385,in_store,0
case_003233,60.145955,22.358853,2,0.507687,0,0.04377497912,web,0
case_003234,53.547518,751.439335,2,0.746967,0,0.002687579116,in_store,0
case_003235,21.372758,20.66176,0,0.894186,0,0.000771201553,in_store,0
case_003236,2.764424,733.635494,1,0.68717,0,0.000468116192,in_store,0
case_003237,292.796201,1193.849211,1,0.708196,0,0.006015603115,in_store,0
case_003238,28.686034,365.993358,2,0.948749,0,0.000633505971,in_store,0
case_003239,35.759489,1341.573303,1,0.715098,0,0.001448871404,in_store,0
case_003240,49.953522,601.964485,2,0.942104,0,0.00081156202,in_store,0
case_003241,58.56726,51.979266,4,0.829807,1,0.040413953517,web,0
case_003242,17.326299,1355.059845,2,0.606161,0,0.002685591684,in_store,0
case_003243,20.265745,1965.319664,3,0.671457,0,0.002614444853,in_store,0
case_003244,14.727206,269.261105,0,0.453416,0,0.004599523588,in_store,0
case_003245,22.469926,735.331939,2,0.776203,0,0.001303992224,in_store,0
case_003246,88.795066,137.638102,0,0.727797,0,0.003125639028,in_store,0
case_003247,34.808851,171.248692,3,0.753748,0,0.005711825747,web,0
case_003248,64.266673,175.108582,3,0.722,0,0.010177522415,web,0
case_003249,78.662267,1110.991809,1,0.561342,0,0.006581596897,in_store,0
case_003250,39.147559,349.345015,2,0.806491,0,0.001898612525,in_store,0
case_003251,4.746534,1883.199994,2,0.561065,0,0.002914681179,mobile,0
case_003252,31.175483,315.496829,2,0.760146,0,0.002902370145,web,0
case_003253,32.981181,25.888624,2,0.573829,0,0.015213903309,in_store,0
case_003254,66.287978,1240.073535,1,0.645496,0,0.003386375471,in_store,0
case_003255,161.042952,2011.317891,1,0.907267,1,0.004109380855,in_store,0
case_003256,37.62042,33.798742,0,0.807232,0,0.002114696852,web,0
case_003257,50.854001,31.791943,2,0.720835,0,0.009735561387,web,0
case_003258,9.721716,1287.157331,1,0.401063,0,0.004671397152,in_store,0
case_003259,123.254967,764.117202,1,0.920371,0,0.001341255205,web,0
case_003260,15.057702,586.693148,0,0.489523,0,0.002970910688,in_store,0
case_003261,5.704863,242.783574,4,0.430566,0,0.019132635262,web,0
case_003262,112.603783,819.394987,2,0.757646,0,0.003944358746,in_store,0
case_003263,37.499647,484.767553,0,0.564125,0,0.003476589036,in_store,0
case_003264,6.806063,92.26993,1,0.879595,0,0.000412455881,in_store,0
case_003265,35.861202,87.807232,0,0.792097,0,0.001716589756,web,0
case_003266,19.180499,945.183942,4,0.80616,0,0.001997576527,in_store,0
case_003267,14.236878,169.619778,2,0.707492,0,0.002315328532,in_store,0
case_003268,146.958685,303.020396,0,0.727382,0,0.006582028898,mobile,0
case_003269,9.872541,357.077777,1,0.72335,1,0.003708415989,in_store,0
case_003270,36.141764,616.21712,1,0.519016,0,0.006202240199,in_store,0
case_003271,154.186244,667.350465,2,0.689801,0,0.010001566758,web,0
case_003272,141.115943,1563.189491,1,0.8149,0,0.001787970993,in_store,0
case_003273,44.313219,499.770174,4,0.945778,0,0.001700587483,in_store,0
case_003274,20.959378,173.340419,1,0.662424,0,0.002609981755,in_store,0
case_003275,33.866126,2210.498149,3,0.817068,0,0.001801994745,web,0
case_003276,100.229013,513.469081,2,0.718526,0,0.006855127333,web,0
case_003277,62.822017,906.179776,0,0.771383,1,0.005724735356,web,0
case_003278,19.470535,2053.077569,3,0.700369,0,0.002102984386,in_store,0
case_003279,71.060822,931.105714,1,0.635451,0,0.007815681301,mobile,0
case_003280,51.839699,700.069342,0,0.812643,0,0.000814055224,in_store,0
case_003281,70.330441,13.639037,1,0.734366,0,0.007339595936,in_store,0
case_003282,17.559847,91.311259,2,0.584121,0,0.00677697063,in_store,0
case_003283,42.417966,536.141216,0,0.640002,0,0.002274700643,in_store,0
case_003284,46.028851,1242.638495,2,0.627545,0,0.005691958403,web,0
case_003285,6.27855,2.943969,2,0.699132,0,0.004518398847,in_store,0
case_003286,116.263607,666.855069,3,0.780728,0,0.007017464014,web,0
case_003287,15.752357,1110.352964,3,0.590016,1,0.022450819992,web,0
case_003288,28.907763,2538.863346,3,0.893422,0,0.000757783177,in_store,0
case_003289,47.179482,372.714694,0,0.874904,0,0.000624261856,in_store,0
case_003290,16.172705,17.605968,3,0.795421,0,0.005227807615,web,0
case_003291,22.658375,519.766923,3,0.716756,0,0.003988305182,web,0
case_003292,105.641504,1890.210948,4,0.786421,0,0.005430114582,in_store,0
case_003293,61.735356,589.89075,4,0.902355,0,0.003366567994,web,0
case_003294,40.509163,2045.111352,3,0.561389,0,0.007899409381,in_store,0
case_003295,53.628738,1760.490856,0,0.786889,0,0.000746944084,in_store,0
case_003296,25.265661,669.021533,3,0.73203,1,0.021427880206,mobile,0
case_003297,67.205587,846.94732,2,0.666539,0,0.004950232096,in_store,0
case_003298,10.425081,744.449236,1,0.875017,0,0.000296552193,in_store,0
case_003299,21.202004,460.185791,2,0.603307,0,0.004235332662,in_store,0
case_003300,51.0727,489.997445,3,0.93132,0,0.001776299722,web,0
case_003301,23.66821,3.192294,3,0.774058,0,0.011601767391,web,0
case_003302,44.016838,1563.207881,0,0.706094,0,0.001129382932,in_store,0
case_003303,14.118344,124.838853,6,0.762272,0,0.010953120612,web,0
case_003304,12.003245,29.549982,2,0.885143,0,0.001137761693,in_store,0
case_003305,15.593237,1776.636833,1,0.633633,0,0.002534430239,mobile,0
case_003306,21.717912,696.375151,1,0.571763,0,0.004024035904,web,0
case_003307,17.233075,287.505375,2,0.664283,0,0.005583462596,mobile,0
case_003308,5.151163,1398.315403,1,0.61967,0,0.000813615424,in_store,0
case_003309,28.457355,1798.526237,2,0.795757,0,0.001323475575,web,0
case_003310,167.489675,102.887168,2,0.61733,0,0.021975306383,in_store,0
case_003311,8.863506,985.742732,1,0.485824,0,0.00282095516,in_store,0
case_003312,38.323739,516.207154,1,0.956926,1,0.00229461448,web,0
case_003313,70.574604,335.891087,2,0.47396,0,0.021898870935,in_store,0
case_003314,34.604013,664.650447,3,0.814327,0,0.002053568565,in_store,0
case_003315,51.170257,3308.639028,1,0.757903,0,0.001070416274,in_store,0
case_003316,12.06875,710.766843,1,0.780642,0,0.000591479051,in_store,0
case_003317,70.110378,1546.542797,0,0.80057,0,0.001084963644,web,0
case_003318,3.652481,447.923524,2,0.639939,0,0.001233146432,in_store,0
case_003319,156.665098,709.036681,0,0.943538,0,0.00139441937,mobile,0
case_003320,29.612731,82.440623,1,0.881094,0,0.001316290717,web,0
case_003321,21.274475,1695.543973,2,0.759893,0,0.001404728642,web,0
case_003322,40.790644,322.751792,2,0.312549,0,0.041946902386,in_store,1
case_003323,151.021454,56.98472,3,0.901416,0,0.006211799524,in_store,0
case_003324,31.477333,201.068544,2,0.342222,0,0.04350698636,web,0
case_003325,151.334324,451.876241,4,0.873346,0,0.007729530265,web,0
case_003326,67.570487,1426.633496,3,0.325335,0,0.050861160651,in_store,0
case_003327,31.573352,243.734464,3,0.494776,0,0.02401161863,web,0
case_003328,19.467949,576.436166,3,0.658993,0,0.003935963307,in_store,0
case_003329,15.918268,322.628179,5,0.76516,0,0.004649136881,in_store,0
case_003330,26.489538,155.606416,4,0.76321,0,0.006896261488,web,0
case_003331,19.049598,309.585073,2,0.647773,0,0.003371766455,in_store,0
case_003332,7.896188,288.778944,2,0.538587,0,0.004011845539,in_store,0
case_003333,11.516524,843.522663,3,0.946071,0,0.000548128035,web,0
case_003334,27.38737,231.782796,2,0.441416,0,0.031096340481,mobile,0
case_003335,34.734129,291.55683,0,0.942731,0,0.000361436293,in_store,0
case_003336,73.170685,538.771208,5,0.486507,0,0.071534674949,web,1
case_003337,32.662915,1127.166452,2,0.934372,0,0.000695922344,web,0
case_003338,22.996193,304.05023,1,0.603337,0,0.006483248516,mobile,0
case_003339,10.190498,831.659755,3,0.805702,0,0.001833279035,mobile,0
case_003340,18.23639,278.440904,3,0.569316,0,0.008147846313,in_store,0
case_003341,32.793963,538.030797,1,0.860601,0,0.00092626748,web,0
case_003342,87.687521,519.677402,0,0.866372,0,0.000888488261,in_store,0
case_003343,32.193252,385.217153,2,0.828018,0,0.002728285904,mobile,0
case_003344,22.455522,456.127936,1,0.799171,0,0.000876425761,in_store,0
case_003345,80.577121,428.708651,2,0.985534,0,0.00119017513,web,0
case_003346,19.320032,320.266089,3,0.601988,0,0.006619603306,in_store,0
case_003347,19.831066,1003.014059,6,0.826179,0,0.003872758158,in_store,0
case_003348,18.827817,1107.810029,5,0.733175,0,0.004396536112,in_store,0
case_003349,15.056765,109.746548,1,0.384368,1,0.053196714268,in_store,0
case_003350,18.435214,379.514486,1,0.660794,0,0.001940956704,in_store,0
case_003351,18.333623,695.24283,1,0.985685,0,0.000213251395,in_store,0
case_003352,4.349646,1746.436964,1,0.829906,0,0.00024045667,web,0
case_003353,19.809585,1126.028369,3,0.661243,0,0.006169120705,mobile,0
case_003354,14.602342,674.765012,2,0.886968,0,0.00065930931,web,0
case_003355,39.766993,1336.09313,0,0.631479,0,0.002266370871,web,0
case_003356,25.156306,939.161093,1,0.419186,0,0.008135470822,in_store,0
case_003357,49.860774,1492.481218,2,0.796478,0,0.002954981239,mobile,0
case_003358,266.847245,159.612391,0,0.955469,0,0.001470806711,in_store,0
case_003359,133.029397,151.066286,1,0.647492,0,0.009595246871,in_store,0
case_003360,44.751437,509.511499,2,0.863759,0,0.001295531452,in_store,0
case_003361,27.740589,499.656635,0,0.54704,0,0.003171844385,in_store,0
case_003362,50.24761,509.45585,1,0.698692,0,0.005041716734,mobile,0
case_003363,13.264304,247.966463,1,0.814681,0,0.000687497385,in_store,0
case_003364,31.082097,310.90807,2,0.768054,0,0.002158074723,in_store,0
case_003365,37.184918,439.973226,0,0.648836,0,0.002691984086,web,0
case_003366,18.843849,290.293982,2,0.952712,0,0.000653306169,web,0
case_003367,53.263917,630.217857,1,0.656493,0,0.003348227192,in_store,0
case_003368,137.595314,2249.99383,3,0.880683,0,0.002299436632,in_store,0
case_003369,91.486005,356.105206,3,0.752851,1,0.026602724347,in_store,0
case_003370,33.480755,1782.409529,0,0.86745,0,0.0003336821,in_store,0
case_003371,80.999614,1361.311001,3,0.562672,0,0.013655063439,in_store,0
case_003372,59.272192,2031.056496,4,0.612545,0,0.0138507546,web,0
case_003373,23.130732,66.411001,1,0.842301,0,0.001191204173,in_store,0
case_003374,56.682353,350.311214,1,0.420327,1,0.068541344106,in_store,0
case_003375,11.034523,827.727278,2,0.384434,0,0.011996148434,web,0
case_003376,42.661972,325.564846,1,0.666978,0,0.004233068692,web,0
case_003377,32.171938,2144.970398,0,0.885889,0,0.000274752814,in_store,0
case_003378,20.608987,244.994157,3,0.863042,0,0.00187957602,web,0
case_003379,19.246263,3427.495564,3,0.693841,0,0.001873494014,in_store,0
case_003380,161.522013,839.632225,2,0.43115,1,0.134090464357,in_store,0
case_003381,5.449175,128.86431,3,0.651952,0,0.003852620998,web,0
case_003382,37.443425,28.568804,0,0.562307,0,0.010136422585,web,0
case_003383,8.478065,2212.25323,1,0.7295,0,0.000609446359,web,0
case_003384,12.542293,593.11178,1,0.766084,0,0.000698783222,in_store,0
case_003385,36.622011,835.387821,2,0.680379,0,0.005925401118,mobile,0
case_003386,69.434402,231.07644,4,0.471717,0,0.052095515032,in_store,0
case_003387,43.419873,1902.311476,0,0.671114,0,0.001315488786,in_store,0
case_003388,31.878382,1506.485707,1,0.691068,1,0.006110291161,in_store,0
case_003389,45.953486,11.038222,2,0.681095,0,0.015580121202,web,0
case_003390,219.632707,188.624755,3,0.51315,0,0.059980108176,in_store,0
case_003391,27.318936,449.069691,1,0.758932,0,0.001641872483,web,0
case_003392,75.531362,334.757786,0,0.747247,0,0.002476507941,web,0
case_003393,25.525785,678.816664,2,0.692993,0,0.00464131638,mobile,0
case_003394,24.210342,3216.711343,4,0.618986,0,0.006650891139,web,0
case_003395,33.591542,99.473776,0,0.797821,0,0.001533325685,web,0
case_003396,58.674516,19.409758,5,0.913669,0,0.00929245349,in_store,0
case_003397,18.671304,378.968953,4,0.792841,0,0.003571862379,web,0
case_003398,50.422817,327.677269,3,0.302103,0,0.091959557429,web,0
case_003399,28.497628,56.174183,0,0.535848,0,0.008321541235,web,0
case_003400,100.599986,1005.231963,0,0.862484,0,0.000820632629,in_store,0
case_003401,6.850331,651.666305,0,0.860211,0,0.000342650148,mobile,0
case_003402,87.055834,252.116853,4,0.471492,0,0.073785400488,web,0
case_003403,10.228026,478.234259,1,0.881215,0,0.000614443267,mobile,0
case_003404,103.148397,209.337028,2,0.695053,0,0.010458573029,web,0
case_003405,22.343627,380.178125,0,0.747694,0,0.001101455707,web,0
case_003406,108.982455,719.851328,1,0.699891,0,0.003885017407,in_store,0
case_003407,46.08391,139.416797,2,0.728644,0,0.004460948874,in_store,0
case_003408,41.455988,77.584433,0,0.717182,0,0.00242388802,in_store,0
case_003409,18.881507,528.78744,1,0.621935,0,0.002279458475,in_store,0
case_003410,33.984901,2253.884162,1,0.730248,0,0.001408809535,web,0
case_003411,55.569479,813.312752,0,0.778011,0,0.00193530424,mobile,0
case_003412,41.282196,586.858773,2,0.779694,0,0.002561668756,web,0
case_003413,34.228472,51.84371,0,0.738225,0,0.002712872382,web,0
case_003414,5.398111,1399.885484,2,0.960619,0,0.000281238042,mobile,0
case_003415,80.753672,488.142305,2,0.91144,0,0.001419889325,in_store,0
case_003416,93.224926,758.93665,3,0.708714,0,0.009174778209,web,0
case_003417,26.709675,604.504705,0,0.831779,0,0.000949060477,mobile,0
case_003418,41.420838,917.80661,0,0.833258,0,0.001098018043,mobile,0
case_003419,47.024464,40.643581,0,0.948586,0,0.000745352665,in_store,0
case_003420,155.357099,667.366901,1,0.624589,0,0.007959736041,in_store,0
case_003421,6.749412,227.679978,2,0.642305,0,0.002059236506,in_store,0
case_003422,95.616814,271.588035,2,0.743757,0,0.005332298534,in_store,0
case_003423,104.536508,10.922439,0,0.933853,0,0.002516774519,web,0
case_003424,54.286988,921.131171,3,0.425271,0,0.035109943442,web,0
case_003425,30.532327,238.889263,1,0.86005,0,0.000876348058,in_store,0
case_003426,32.040104,547.091113,1,0.795725,0,0.001061007189,in_store,0
case_003427,110.008435,1021.532947,2,0.735104,0,0.008003089033,mobile,0
case_003428,28.643204,790.037558,1,0.886203,0,0.00050497808,in_store,0
case_003429,8.564736,717.930476,2,0.746349,0,0.000883338352,in_store,0
case_003430,111.581103,266.870961,4,0.440123,0,0.100588175976,web,0
case_003431,10.363651,1134.197053,1,0.6741,0,0.001755168933,mobile,0
case_003432,54.858106,2245.130672,2,0.436276,0,0.013678527452,in_store,0
case_003433,195.414903,373.944056,2,0.636731,0,0.019048439943,web,0
case_003434,93.293194,941.167336,1,0.81049,0,0.002094980152,web,0
case_003435,19.481366,134.248475,2,0.821335,0,0.001475361333,in_store,0
case_003436,115.241605,2703.662856,1,0.918652,0,0.001340078381,mobile,0
case_003437,17.147859,39.176516,0,0.759273,0,0.001305591595,in_store,0
case_003438,20.824812,515.065111,2,0.812273,0,0.001413855881,web,0
case_003439,76.949641,1061.399842,2,0.648672,0,0.007241547132,web,0
case_003440,191.078345,88.9344,1,0.713392,0,0.011989916035,web,0
case_003441,44.692189,125.12921,3,0.589563,1,0.110659933788,mobile,0
case_003442,64.946998,1262.04835,3,0.696539,0,0.005292767479,in_store,0
case_003443,8.652019,110.106538,3,0.772234,0,0.002474307429,web,0
case_003444,61.528594,304.485337,3,0.767775,0,0.006356227618,web,0
case_003445,9.147605,1091.246753,2,0.739835,0,0.001086467769,web,0
case_003446,80.12604,1036.374256,3,0.73503,0,0.009616455047,mobile,0
case_003447,20.093814,1159.333613,4,0.829788,0,0.002145494595,web,0
case_003448,12.604677,257.280321,2,0.651392,0,0.003470994911,web,0
case_003449,30.246455,54.064598,3,0.884846,0,0.003221068897,web,0
case_003450,13.159825,186.029713,3,0.317808,0,0.044704916105,web,0
case_003451,13.554356,129.178338,5,0.772032,0,0.005264072001,in_store,0
case_003452,192.498651,427.579972,2,0.8998,0,0.002774685301,in_store,0
case_003453,15.41585,20.34318,0,0.456361,1,0.038151192816,in_store,0
case_003454,8.672807,1884.795775,2,0.691617,0,0.000945542232,in_store,0
case_003455,16.728983,850.93748,1,0.769236,0,0.000943278624,web,0
case_003456,36.31785,178.131613,2,0.604689,0,0.007726609455,in_store,0
case_003457,162.505862,1266.582522,1,0.589673,0,0.008452920781,in_store,0
case_003458,286.140571,157.5275,3,0.812829,0,0.015498680121,web,0
case_003459,53.674967,1033.797419,1,0.574938,1,0.024710103473,web,0
case_003460,53.025442,214.311662,0,0.894996,0,0.000894249873,web,0
case_003461,93.195579,225.666179,0,0.578338,1,0.02810888687,in_store,0
case_003462,47.122844,1076.171249,2,0.796145,0,0.003141571831,mobile,0
case_003463,14.339441,2658.891742,2,0.877165,0,0.000464967693,web,0
case_003464,11.081789,757.929881,2,0.630692,0,0.002672657061,web,0
case_003465,43.398546,8.865528,1,0.756542,0,0.010063004813,mobile,0
case_003466,24.344383,699.451978,1,0.739787,0,0.002256324914,mobile,0
case_003467,478.640346,292.022776,2,0.494055,0,0.06613811819,in_store,0
case_003468,33.217342,609.471802,2,0.400855,0,0.018068286398,in_store,0
case_003469,17.576122,224.096585,3,0.890393,0,0.002197622891,mobile,0
case_003470,7.134234,529.826808,3,0.769643,0,0.001427387042,web,0
case_003471,45.844317,898.810874,1,0.817655,0,0.001289503242,web,0
case_003472,4.696058,1206.037668,1,0.775762,0,0.000304773335,in_store,0
case_003473,36.9659,600.930631,2,0.859842,0,0.001121073141,in_store,0
case_003474,15.109695,553.419119,0,0.64702,0,0.00216932797,mobile,0
case_003475,75.698698,2988.842177,1,0.845354,0,0.000820255476,in_store,0
case_003476,124.371145,268.351002,1,0.812025,0,0.002800001577,in_store,0
case_003477,41.526586,927.661543,3,0.889477,0,0.001308662837,in_store,0
case_003478,31.810024,724.586608,4,0.753389,0,0.004108142125,in_store,0
case_003479,5.707004,512.019605,2,0.758801,0,0.000919254786,web,0
case_003480,52.549598,1572.792257,4,0.806084,0,0.003244907492,in_store,0
case_003481,22.11843,84.285193,0,0.853565,0,0.000680968524,in_store,0
case_003482,18.874004,22.862675,2,0.813247,0,0.003235247851,web,0
case_003483,60.313927,814.262788,0,0.820376,0,0.001049567674,web,0
case_003484,64.801426,976.277433,1,0.62138,0,0.004157399631,in_store,0
case_003485,252.971158,634.249811,0,0.352222,0,0.039703433943,in_store,0
case_003486,39.69284,654.84241,6,0.774134,0,0.017720029599,mobile,0
case_003487,27.355951,44.637095,1,0.38865,0,0.024659434345,in_store,0
case_003488,12.664035,395.029308,1,0.886498,0,0.000372855586,in_store,0
case_003489,8.335234,198.407861,1,0.863712,0,0.000526335677,web,0
case_003490,13.078954,1043.939959,3,0.964206,0,0.000386709608,in_store,0
case_003491,23.029561,1302.224522,2,0.822086,0,0.001611485942,mobile,0
case_003492,2.965698,874.465949,1,0.298799,0,0.00518748436,in_store,0
case_003493,47.212345,229.867512,0,0.911195,0,0.000572907555,in_store,0
case_003494,105.087248,487.914997,1,0.807794,0,0.002168967712,in_store,0
case_003495,91.073934,606.188686,2,0.904253,0,0.00150626476,in_store,0
case_003496,24.079952,1555.43342,1,0.945552,0,0.000256664691,in_store,0
case_003497,17.130346,108.546816,2,0.452219,0,0.014369405906,in_store,0
case_003498,490.957908,48.35106,2,0.877746,0,0.010882801047,in_store,0
case_003499,18.898147,905.045304,2,0.695601,0,0.002340478557,web,0
case_003500,91.639564,576.218558,1,0.416515,0,0.021407615587,in_store,0
case_003501,10.939352,357.113312,2,0.765152,1,0.005760067194,web,0
case_003502,95.641593,40.055928,2,0.861407,0,0.008479117464,mobile,0
case_003503,52.297636,2158.934299,4,0.246215,0,0.111685256086,web,0
case_003504,41.872711,741.957847,1,0.864783,0,0.000959178055,web,0
case_003505,102.740911,1250.321783,3,0.526735,0,0.038138904764,mobile,0
case_003506,50.120627,878.933706,0,0.818878,0,0.000717219122,in_store,0
case_003507,33.052261,178.357418,3,0.553083,0,0.014776629748,in_store,0
case_003508,37.964707,949.049264,2,0.498601,0,0.01211861304,web,1
case_003509,96.344247,1846.179084,1,0.814992,0,0.001331768114,in_store,0
case_003510,47.951448,863.972891,1,0.565757,0,0.006446636321,web,0
case_003511,50.530782,85.259727,2,0.602942,0,0.011873364129,in_store,0
case_003512,9.917943,1499.4024,1,0.854078,0,0.000343610433,web,0
case_003513,231.804366,493.331703,2,0.730539,0,0.011008876213,web,0
case_003514,65.995766,737.352294,1,0.674689,0,0.004200179591,web,0
case_003515,44.401792,583.340715,2,0.85412,0,0.001316219873,in_store,0
case_003516,4.535666,298.538309,0,0.693377,0,0.000507419596,in_store,0
case_003517,64.425451,277.45363,0,0.796769,1,0.005457636884,in_store,0
case_003518,21.923554,87.583892,0,0.371663,0,0.013439933473,in_store,0
case_003519,15.14723,1048.504249,3,0.558741,0,0.006790170955,web,0
case_003520,39.909545,568.700642,0,0.692989,0,0.001984023967,web,0
case_003521,14.216073,1157.657295,3,0.76757,0,0.001729630946,web,0
case_003522,89.576151,848.216848,3,0.614515,0,0.022945784988,mobile,0
case_003523,65.938476,161.884407,2,0.583634,0,0.016853433756,web,0
case_003524,18.862764,713.748459,2,0.341,0,0.02251522967,web,0
case_003525,65.602792,1803.339486,4,0.482221,0,0.033850722532,web,0
case_003526,32.303855,839.648359,0,0.473489,0,0.006084278076,web,0
case_003527,16.477553,128.850775,5,0.89818,0,0.002704055524,in_store,0
case_003528,42.879077,306.940215,2,0.713673,0,0.004776685307,web,0
case_003529,92.31231,433.615517,1,0.906637,0,0.001430697747,web,0
case_003530,20.055055,557.754937,0,0.66612,0,0.001533302788,web,0
case_003531,51.512156,1381.584351,2,0.756212,0,0.002073643787,in_store,0
case_003532,44.073994,142.015291,7,0.746542,1,0.125734841017,web,0
case_003533,21.116005,269.818664,0,0.791365,1,0.00361737511,web,0
case_003534,16.736681,777.212511,0,0.844556,0,0.000408697373,web,0
case_003535,28.748764,660.987003,0,0.808886,0,0.000749119534,web,0
case_003536,231.538386,301.740676,2,0.798916,0,0.008300790483,web,0
case_003537,12.686417,534.369003,0,0.671841,0,0.000882326859,in_store,0
case_003538,8.523523,2370.204397,1,0.653925,0,0.001432353159,mobile,0
case_003539,248.066521,698.544553,4,0.702336,0,0.026768819148,web,0
case_003540,40.236622,1753.239346,1,0.825416,0,0.001388265809,mobile,0
case_003541,39.484077,3015.922881,4,0.560921,0,0.010284700171,in_store,0
case_003542,60.2142,133.630588,1,0.54241,0,0.011498710519,in_store,0
case_003543,10.941675,1272.110293,2,0.586682,0,0.002339667406,in_store,0
case_003544,75.943877,849.247359,5,0.639501,0,0.038117122234,mobile,0
case_003545,3.893676,2234.844894,2,0.855641,0,0.000266329016,web,0
case_003546,12.574728,228.863269,1,0.88387,0,0.000567831359,web,0
case_003547,26.434463,1114.240488,1,0.433716,0,0.007297045783,in_store,0
case_003548,62.590993,658.606265,1,0.685571,0,0.003921157549,web,0
case_003549,7.613567,109.12652,1,0.726202,0,0.001091913096,in_store,0
case_003550,26.151184,153.885599,1,0.790506,0,0.001394457019,in_store,0
case_003551,54.180093,1036.51486,2,0.741887,0,0.003266122898,web,0
case_003552,21.764319,123.991893,4,0.673036,0,0.011395241856,web,0
case_003553,64.988482,1438.671277,2,0.867252,1,0.004803054072,in_store,0
case_003554,26.037058,250.380802,2,0.611143,0,0.005464686933,in_store,0
case_003555,85.04212,690.801959,0,0.743773,1,0.006954244482,in_store,0
case_003556,62.499162,296.114438,2,0.649394,0,0.013562327617,mobile,0
case_003557,2.016256,4000,2,0.431913,0,0.002313934191,web,0
case_003558,9.513149,481.635119,2,0.512944,1,0.018084465394,in_store,0
case_003559,24.664892,77.149503,1,0.703996,0,0.005376958636,mobile,0
case_003560,6.429569,262.718189,2,0.663446,0,0.001684730335,in_store,0
case_003561,35.358931,213.956565,0,0.731591,0,0.002859416859,mobile,0
case_003562,869.476203,63.04335,4,0.824284,0,0.079814623017,mobile,0
case_003563,9.792525,1014.524916,4,0.492013,0,0.009213389396,in_store,0
case_003564,52.669596,174.821413,2,0.932112,0,0.001279398477,in_store,0
case_003565,15.214513,55.995082,1,0.942099,0,0.000665165454,web,0
case_003566,49.849181,127.845475,1,0.860115,1,0.007410731465,web,0
case_003567,72.865137,116.960258,1,0.963625,0,0.001259371471,web,0
case_003568,19.073269,666.641919,2,0.715316,0,0.001772614177,in_store,0
case_003569,85.17811,591.170215,1,0.797304,0,0.002456015998,web,0
case_003570,14.593632,768.832038,2,0.681248,0,0.001785474013,in_store,0
case_003571,12.852563,1284.410415,2,0.632128,0,0.00193489638,in_store,0
case_003572,58.885615,709.983354,1,0.879804,0,0.001098956572,web,0
case_003573,25.714348,160.380018,1,0.877158,0,0.001018957395,web,0
case_003574,58.813667,410.303088,2,0.849398,0,0.00179572804,in_store,0
case_003575,57.558566,2495.926997,1,0.338277,0,0.016978204366,in_store,0
case_003576,37.338894,622.222093,1,0.733648,0,0.001658341717,in_store,0
case_003577,54.490169,1486.569966,3,0.770666,0,0.005435554956,mobile,0
case_003578,40.438584,1703.704444,2,0.424216,0,0.01684985397,web,0
case_003579,11.436887,690.845563,1,0.897814,0,0.000531885795,mobile,0
case_003580,3.998035,352.041829,1,0.516933,0,0.002587750063,web,0
case_003581,72.652199,261.192999,2,0.772396,0,0.003785875503,in_store,0
case_003582,47.89285,170.701276,5,0.631393,0,0.025192395234,in_store,0
case_003583,14.34979,88.344891,1,0.686476,0,0.002776157288,web,0
case_003584,42.294295,1144.171596,2,0.868431,0,0.000959389479,in_store,0
case_003585,23.829002,102.263386,2,0.449622,1,0.069762274016,in_store,0
case_003586,76.596969,1095.312767,3,0.758254,0,0.005352667931,web,0
case_003587,77.196999,28.328709,3,0.592152,0,0.03307043228,in_store,0
case_003588,18.711335,313.05699,1,0.397476,0,0.020198440586,mobile,0
case_003589,24.891286,311.869737,1,0.755685,0,0.00175736626,web,0
case_003590,59.305806,2561.926488,1,0.633618,0,0.002750867447,in_store,0
case_003591,46.436535,369.770515,3,0.593625,0,0.014780571834,web,0
case_003592,41.472533,643.981488,1,0.86627,0,0.001467657944,mobile,0
case_003593,79.271368,428.381009,0,0.644128,0,0.004520268607,web,0
case_003594,75.567659,439.382062,0,0.871986,0,0.001051116731,web,0
case_003595,64.11929,853.998491,2,0.534402,0,0.010878657766,in_store,0
case_003596,199.005239,761.633536,2,0.630774,0,0.024135999478,mobile,0
case_003597,44.575181,2092.266515,4,0.910979,0,0.001794886244,web,0
case_003598,11.403423,398.115251,1,0.901446,0,0.000318187767,in_store,0
case_003599,27.139035,1510.520224,3,0.716369,0,0.002557848109,in_store,0
case_003600,16.26551,1010.317235,2,0.796559,0,0.000857738858,in_store,0
case_003601,59.879142,1596.291438,5,0.562508,0,0.029795462737,web,0
case_003602,183.011868,1838.69204,4,0.595807,0,0.0471391742,mobile,0
case_003603,77.116208,334.596614,2,0.763148,0,0.003877699693,in_store,0
case_003604,50.504131,466.749366,3,0.70422,0,0.005737037433,in_store,0
case_003605,9.912698,486.438899,2,0.641234,0,0.002664937675,web,0
case_003606,61.12315,1275.819467,0,0.745251,0,0.002213151945,mobile,0
case_003607,82.168963,473.59959,1,0.852779,0,0.001411033709,in_store,0
case_003608,6.854519,2679.716052,1,0.583764,0,0.000987331128,in_store,0
case_003609,23.94476,1243.727951,6,0.871135,0,0.003090208681,in_store,0
case_003610,68.747737,318.571463,2,0.933857,0,0.001618004183,web,0
case_003611,51.874133,2322.821209,2,0.7433,0,0.001940905565,in_store,0
case_003612,35.356433,312.962706,3,0.703542,0,0.006620514799,web,0
case_003613,17.557153,783.413979,0,0.877644,0,0.000265973053,in_store,0
case_003614,23.640183,1126.503401,1,0.843348,0,0.000527846181,in_store,0
case_003615,61.353048,1376.053012,2,0.674655,0,0.004947939518,web,0
case_003616,20.634057,812.542132,2,0.587114,0,0.005010291228,web,0
case_003617,19.183836,2152.545328,3,0.485976,0,0.009998221314,web,0
case_003618,6.159225,1182.936259,4,0.956026,0,0.000717177161,mobile,0
case_003619,86.444723,126.380349,0,0.64414,0,0.006795545296,web,0
case_003620,33.154439,232.699357,2,0.775079,0,0.002339674899,in_store,0
case_003621,120.423222,303.120991,2,0.717249,0,0.009046149416,web,0
case_003622,14.234639,237.101885,4,0.494017,0,0.017238047388,in_store,0
case_003623,54.530987,274.639042,4,0.620248,0,0.017391999698,in_store,0
case_003624,18.636974,1121.731717,2,0.499719,0,0.010966034274,mobile,0
case_003625,10.541096,418.977731,1,0.703158,0,0.001975510535,mobile,0
case_003626,40.910019,207.08483,3,0.897066,0,0.001911233323,in_store,0
case_003627,65.579829,2919.303445,2,0.91474,0,0.000723289615,in_store,0
case_003628,96.617786,17.265444,0,0.588662,0,0.017987411435,web,0
case_003629,12.005427,1.353435,3,0.537696,0,0.030313981704,in_store,0
case_003630,19.316837,254.773372,4,0.787185,0,0.003303994879,in_store,0
case_003631,77.005152,32.916324,2,0.777671,0,0.013101792183,mobile,0
case_003632,2.612697,1083.112118,0,0.737825,0,0.000383412084,mobile,0
case_003633,11.134232,1127.311324,2,0.840641,0,0.00096055536,mobile,0
case_003634,7.398005,707.079931,1,0.540789,0,0.00198698148,in_store,0
case_003635,55.866397,1500.866841,1,0.813795,0,0.001290444859,web,0
case_003636,29.984572,399.73964,0,0.785266,0,0.000803777607,in_store,0
case_003637,15.750885,1448.736422,0,0.403556,0,0.005145353969,web,0
case_003638,13.109561,171.279653,1,0.814076,0,0.000979311593,web,0
case_003639,142.511271,3551.522883,2,0.604335,1,0.039207270616,web,0
case_003640,31.613489,150.09366,2,0.897497,0,0.001201103209,in_store,0
case_003641,45.805452,282.882473,3,0.607711,0,0.014508440161,web,0
case_003642,40.400241,82.852448,1,0.834562,0,0.001665406245,in_store,0
case_003643,10.517081,1820.674534,3,0.816067,1,0.002946356253,in_store,0
case_003644,53.754848,930.274289,0,0.585119,0,0.003171679267,in_store,0
case_003645,59.992291,319.311188,0,0.560067,0,0.006947952638,web,0
case_003646,52.194604,923.373968,0,0.5207,0,0.005974147176,web,0
case_003647,112.116962,1530.235421,2,0.986191,0,0.000788390555,in_store,0
case_003648,18.158365,162.812512,1,0.841186,0,0.000797213426,in_store,0
case_003649,38.802343,749.025869,4,0.706214,0,0.011775217929,mobile,0
case_003650,18.786287,749.318204,3,0.483551,0,0.010607303072,in_store,0
case_003651,7.1491,721.677702,0,0.839379,0,0.00020267521,in_store,0
case_003652,29.411147,2088.574129,3,0.849454,0,0.001067049835,in_store,0
case_003653,9.05309,495.98007,3,0.753378,0,0.001847750709,web,0
case_003654,96.85558,462.839918,3,0.647973,0,0.015767979841,web,0
case_003655,6.177849,81.862572,2,0.499591,0,0.006399506149,in_store,0
case_003656,24.246665,181.802292,4,0.890154,0,0.004220010896,mobile,0
case_003657,4.358752,478.289015,3,0.830482,0,0.000597469514,in_store,0
case_003658,62.90414,1016.366395,0,0.836858,0,0.000710355706,in_store,0
case_003659,28.469698,709.317413,0,0.880747,0,0.000465619763,web,0
case_003660,97.730845,421.367542,1,0.725535,1,0.014467929238,in_store,0
case_003661,9.933287,146.988663,0,0.767971,0,0.000608545799,in_store,0
case_003662,32.111376,294.396825,1,0.56833,0,0.006729035402,web,0
case_003663,121.141428,332.752751,3,0.774454,0,0.00915472765,web,0
case_003664,15.175275,16.806202,4,0.774757,0,0.006675593048,in_store,0
case_003665,6.181438,911.213195,0,0.524353,0,0.002388048882,mobile,0
case_003666,17.403114,1235.629892,3,0.828191,0,0.001960905262,mobile,0
case_003667,15.315094,367.829733,2,0.464266,0,0.016689797319,mobile,0
case_003668,21.892819,1331.862816,3,0.577283,0,0.010517197598,mobile,0
case_003669,125.323694,1572.29032,0,0.670801,0,0.002744565743,in_store,0
case_003670,13.396655,134.273729,1,0.536957,0,0.005987570865,web,0
case_003671,12.148267,1614.386778,0,0.705774,0,0.000504050846,in_store,0
case_003672,19.146479,287.242746,0,0.754801,0,0.001038780805,web,0
case_003673,81.901274,383.766687,2,0.658712,0,0.009497910979,web,0
case_003674,12.528558,98.212623,1,0.722591,0,0.00198078896,web,0
case_003675,51.195993,1370.699761,4,0.793088,0,0.00461989976,web,0
case_003676,131.994561,406.35825,3,0.852906,0,0.008347532199,mobile,0
case_003677,7.324557,352.825736,1,0.715234,0,0.000813952407,in_store,0
case_003678,18.723774,269.635349,0,0.946936,0,0.00024477791,in_store,0
case_003679,45.808779,126.856062,1,0.840983,0,0.00293129088,mobile,0
case_003680,41.778876,1094.90688,2,0.528445,0,0.015242580885,mobile,0
case_003681,17.450979,604.459813,4,0.875382,0,0.00139357654,in_store,0
case_003682,72.518257,492.029621,2,0.344956,0,0.043665289781,in_store,0
case_003683,9.586581,1858.549258,2,0.845104,0,0.000385979595,in_store,0
case_003684,4.10182,4000,2,0.744787,0,0.000359540004,in_store,0
case_003685,11.470539,66.952793,0,0.657456,0,0.001657831073,in_store,0
case_003686,136.307701,470.899621,4,0.737819,0,0.01650564886,web,0
case_003687,127.48187,180.243904,1,0.87464,0,0.002160635964,in_store,0
case_003688,7.567075,451.917782,2,0.909282,0,0.000436586104,web,0
case_003689,43.707677,821.288331,0,0.832045,0,0.000617589184,in_store,0
case_003690,25.797434,149.100912,1,0.847176,0,0.000979573713,in_store,0
case_003691,176.180406,17.758226,0,0.792816,0,0.007419527673,web,0
case_003692,61.051124,910.879195,1,0.894978,0,0.000951394741,web,0
case_003693,70.980299,149.727681,2,0.509802,0,0.02833446568,web,0
case_003694,76.197292,554.978795,3,0.770122,0,0.008975051811,mobile,0
case_003695,5.726285,248.852295,2,0.66263,0,0.002069758537,web,0
case_003696,47.912431,798.613634,5,0.868351,0,0.007138288253,mobile,0
case_003697,10.107,1625.600823,1,0.490039,0,0.002566075582,in_store,1
case_003698,54.129996,148.474169,2,0.930358,0,0.00137995889,in_store,0
case_003699,9.778835,262.796776,2,0.849229,0,0.000672508458,in_store,0
case_003700,49.241258,805.004702,2,0.939838,0,0.000749481895,in_store,0
case_003701,605.508473,55.131301,4,0.867093,0,0.027684174272,in_store,0
case_003702,46.067396,1074.896158,1,0.387903,0,0.013853060419,in_store,0
case_003703,30.559183,51.971307,1,0.426569,0,0.020064763757,in_store,0
case_003704,9.502559,98.03536,2,0.770907,1,0.007425066337,web,0
case_003705,21.012569,877.896697,3,0.789591,0,0.00161771261,in_store,0
case_003706,71.416925,77.802544,1,0.797359,0,0.00307326615,in_store,0
case_003707,14.40972,1526.567565,2,0.583109,0,0.002676688333,in_store,0
case_003708,17.379474,578.921427,1,0.665395,0,0.003077377484,mobile,0
case_003709,36.028831,406.669669,1,0.53997,0,0.007855987483,web,0
case_003710,42.651466,370.241305,1,0.869095,0,0.001724013651,mobile,0
case_003711,30.144899,274.685301,1,0.76836,0,0.001479739056,in_store,0
case_003712,36.136624,326.715325,0,0.623388,0,0.003377451045,web,0
case_003713,41.456782,965.843242,3,0.816816,0,0.002033153056,in_store,0
case_003714,80.017532,290.912764,3,0.417447,0,0.05065370667,in_store,0
case_003715,55.071334,353.805665,4,0.880097,0,0.003250784322,in_store,0
case_003716,28.178808,629.632489,1,0.904962,0,0.000609718368,web,0
case_003717,111.72654,187.98259,3,0.917818,0,0.004207909978,web,0
case_003718,143.922472,551.27762,1,0.484883,0,0.024223211918,web,0
case_003719,23.903431,893.539124,5,0.623115,0,0.010730492096,in_store,0
case_003720,194.763048,91.579936,4,0.920144,0,0.01075726352,web,0
case_003721,102.605009,833.412401,0,0.909284,0,0.000841237625,web,0
case_003722,24.067594,1004.287305,1,0.812019,0,0.000671229481,in_store,0
case_003723,99.051719,447.909988,1,0.638598,0,0.011692690706,mobile,0
case_003724,75.97538,647.277446,2,0.717736,0,0.00539751705,web,0
case_003725,9.42816,136.453781,4,0.86738,0,0.0019993902,web,0
case_003726,108.631536,2682.72807,0,0.595002,0,0.006564311977,mobile,0
case_003727,17.602006,2747.91698,1,0.968362,0,0.000155272896,in_store,0
case_003728,110.629416,1735.820254,3,0.816814,0,0.003208902315,in_store,0
case_003729,37.207101,959.772076,1,0.572192,0,0.005119012541,web,0
case_003730,4.340535,377.831571,1,0.840786,0,0.000350452344,web,0
case_003731,131.960022,579.970234,1,0.763979,0,0.005993654287,mobile,0
case_003732,85.837915,563.709862,2,0.546475,0,0.025896611286,mobile,0
case_003733,14.671867,492.746552,0,0.391506,0,0.007258409315,web,0
case_003734,25.975796,51.760822,0,0.641606,0,0.003248858173,in_store,0
case_003735,9.637639,1699.995785,1,0.891932,0,0.000257110069,web,0
case_003736,12.299729,306.791681,2,0.452149,0,0.016618906799,mobile,1
case_003737,8.105981,642.050529,2,0.851623,0,0.000457947589,in_store,0
case_003738,97.804006,308.358549,1,0.473769,1,0.129384327137,mobile,1
case_003739,90.266327,306.86128,1,0.775016,0,0.003542513309,web,0
case_003740,17.131186,318.892829,3,0.947426,0,0.000714722479,in_store,0
case_003741,34.386146,173.895773,1,0.711994,0,0.003346766681,web,0
case_003742,44.647371,458.901412,0,0.749037,0,0.001245127893,in_store,0
case_003743,260.009317,965.479689,1,0.871885,0,0.002138584957,in_store,0
case_003744,86.980456,251.570288,1,0.852513,0,0.002260682797,web,0
case_003745,241.71241,2012.201416,0,0.795502,0,0.001792761467,in_store,0
case_003746,3.896366,154.123072,3,0.830403,0,0.001005418221,web,0
case_003747,36.260332,1242.525881,1,0.704495,0,0.00159688624,in_store,0
case_003748,218.828769,275.393302,2,0.784102,0,0.007030383243,in_store,0
case_003749,30.093322,1012.374451,1,0.385039,0,0.010993258088,in_store,0
case_003750,16.207244,280.516366,2,0.740948,0,0.001757699209,in_store,0
case_003751,5.43836,1255.559289,2,0.723686,0,0.000668764553,in_store,0
case_003752,13.453605,151.766507,0,0.549962,0,0.002817438582,in_store,0
case_003753,13.253645,1339.635638,1,0.569897,0,0.002488974879,web,0
case_003754,15.792576,43.953797,0,0.857789,0,0.000649447385,in_store,0
case_003755,14.209871,347.079549,1,0.79046,0,0.000970812855,web,0
case_003756,53.179035,65.494101,2,0.784788,0,0.004279775218,in_store,0
case_003757,7.521742,70.880347,2,0.658611,0,0.005293519841,mobile,0
case_003758,55.908249,65.771779,2,0.589154,0,0.014830497557,in_store,0
case_003759,5.834411,230.496154,2,0.855239,0,0.000500482465,in_store,0
case_003760,9.059418,264.263209,1,0.895349,0,0.000324973442,in_store,0
case_003761,7.441961,212.516193,0,0.350581,1,0.024839964373,in_store,0
case_003762,23.917325,281.72181,3,0.594572,0,0.008204107261,in_store,0
case_003763,11.280708,424.086307,4,0.950972,0,0.000739813594,in_store,0
case_003764,100.093332,1072.964755,1,0.940639,0,0.000729464687,in_store,0
case_003765,7.792649,846.381779,3,0.583402,0,0.003261521317,in_store,0
case_003766,21.081032,1023.58604,2,0.78604,0,0.002048689468,mobile,0
case_003767,54.79608,775.967717,1,0.744121,0,0.001858470731,in_store,0
case_003768,159.237289,2959.071727,1,0.831934,0,0.001443303925,in_store,0
case_003769,8.208181,1033.079424,2,0.814644,0,0.000649616057,web,0
case_003770,81.778491,290.303515,0,0.792175,0,0.001598966764,in_store,0
case_003771,39.626275,265.874601,3,0.514841,0,0.023846529384,web,0
case_003772,37.834037,878.586871,1,0.757305,0,0.002496689595,mobile,0
case_003773,462.868483,537.819264,1,0.933894,0,0.004778541836,mobile,0
case_003774,34.760618,183.027328,2,0.741433,0,0.003186800082,in_store,0
case_003775,22.730923,81.255735,2,0.766178,0,0.002646458656,in_store,0
case_003776,13.77999,267.343784,3,0.510519,0,0.019005916789,mobile,0
case_003777,63.216714,22.067435,4,0.913441,0,0.008173347021,web,0
case_003778,25.946349,1394.050987,3,0.652202,0,0.003796960296,in_store,0
case_003779,28.260338,206.807941,3,0.52165,0,0.019939887609,web,0
case_003780,264.033862,2939.072112,2,0.858773,0,0.002509389345,in_store,0
case_003781,73.907601,24.574572,1,0.875419,0,0.003437373324,web,0
case_003782,68.439341,459.650233,2,0.923378,0,0.00120631565,in_store,0
case_003783,23.533128,578.60287,2,0.92678,0,0.001075905511,mobile,0
case_003784,28.743578,305.460868,6,0.803266,0,0.00793050057,in_store,0
case_003785,298.312483,65.711815,4,0.93894,0,0.013826052269,web,0
case_003786,6.551154,36.783339,2,0.907746,0,0.000837643232,web,0
case_003787,11.663211,966.53383,5,0.718125,0,0.004819922432,web,0
case_003788,8.917352,204.7383,0,0.849626,0,0.000596602375,mobile,0
case_003789,192.091638,943.11535,1,0.882003,0,0.002133658203,web,0
case_003790,10.735328,109.466657,3,0.951916,0,0.000714215191,in_store,0
case_003791,14.07433,289.009189,4,0.456206,0,0.038370906219,mobile,0
case_003792,14.309409,1291.151954,2,0.730767,0,0.001113889061,in_store,0
case_003793,149.110745,488.304878,0,0.859168,0,0.001709423321,web,0
case_003794,101.068242,1771.172569,1,0.701804,0,0.003612996254,web,0
case_003795,29.245027,1763.821987,0,0.521419,0,0.002666186036,in_store,0
case_003796,7.361805,647.523493,3,0.830963,0,0.000728202179,in_store,0
case_003797,18.024112,764.210389,2,0.72737,0,0.001958643639,web,0
case_003798,177.905329,1096.812922,1,0.771525,0,0.003868973296,web,0
case_003799,11.486695,990.985478,0,0.898244,0,0.000168804619,in_store,0
case_003800,10.009773,858.633908,0,0.797843,0,0.00058159709,mobile,0
case_003801,30.057196,2626.193684,4,0.308723,0,0.042189615759,in_store,1
case_003802,7.856667,5.803614,2,0.80889,0,0.00221003174,in_store,0
case_003803,18.721131,868.565918,1,0.674908,0,0.002698366911,mobile,0
case_003804,17.465032,487.407159,1,0.763728,0,0.001757564736,mobile,0
case_003805,129.017229,1524.061822,3,0.697398,0,0.007727370156,in_store,0
case_003806,77.810759,721.77282,4,0.66423,0,0.012583713276,in_store,0
case_003807,61.86079,172.369331,2,0.972406,0,0.002118170364,mobile,0
case_003808,20.84422,380.552049,1,0.796202,0,0.000898599423,in_store,0
case_003809,7.710446,371.898343,2,0.679731,0,0.001957942224,web,0
case_003810,17.734772,1404.952236,1,0.725369,0,0.001656688602,mobile,0
case_003811,48.405209,1498.465152,1,0.530776,0,0.005359218729,in_store,0
case_003812,61.431703,87.776161,2,0.665762,0,0.011569004857,web,0
case_003813,182.441707,436.41295,1,0.794671,0,0.004447816413,web,0
case_003814,31.009217,196.21113,2,0.759817,0,0.00259217965,in_store,0
case_003815,50.53047,1878.095698,2,0.772616,0,0.001691146452,in_store,0
case_003816,9.375988,440.912225,1,0.973777,0,0.000335235424,mobile,0
case_003817,142.526974,20.095502,5,0.765427,0,0.039852919508,in_store,0
case_003818,12.074273,254.128516,2,0.884761,0,0.000616607472,in_store,0
case_003819,7.005239,76.780905,0,0.723744,0,0.001512598766,mobile,0
case_003820,193.614314,1305.566013,1,0.637808,0,0.008913561096,web,0
case_003821,9.414991,1026.700829,3,0.460707,0,0.014040678505,mobile,0
case_003822,141.567143,436.979087,3,0.893153,0,0.003488059774,in_store,0
case_003823,13.552638,569.862987,4,0.882486,0,0.001162522668,in_store,0
case_003824,15.684916,626.058341,2,0.696276,0,0.001803164457,in_store,0
case_003825,52.920929,766.219848,2,0.877776,0,0.001172824793,in_store,0
case_003826,22.623398,429.563489,5,0.674294,0,0.009333455683,in_store,0
case_003827,21.635339,1417.182879,4,0.741022,0,0.003683759941,web,0
case_003828,5.104023,192.965953,4,0.760859,0,0.001934977624,in_store,0
case_003829,23.100712,109.573866,1,0.785183,0,0.001889105111,web,0
case_003830,101.333115,11.31325,3,0.729763,0,0.021719931036,in_store,0
case_003831,108.104504,392.90902,3,0.725452,0,0.010989881223,web,0
case_003832,12.359615,290.750295,1,0.739263,0,0.001928186424,mobile,0
case_003833,32.667664,357.254501,2,0.652703,0,0.004387998306,in_store,0
case_003834,63.027252,262.549436,2,0.729654,1,0.018020072479,in_store,0
case_003835,3.71968,324.631511,0,0.837495,0,0.000232958315,web,0
case_003836,41.753508,27.638468,3,0.398643,0,0.072321561246,in_store,0
case_003837,19.382588,698.724343,0,0.586082,0,0.003452234441,mobile,0
case_003838,15.769493,574.851258,0,0.146026,0,0.025707491897,in_store,0
case_003839,69.681526,822.917205,3,0.357809,0,0.063010289977,web,1
case_003840,11.541147,7.323102,2,0.379718,0,0.046846330824,web,0
case_003841,14.222914,1623.040133,1,0.497765,0,0.005733154213,mobile,0
case_003842,15.653109,234.653796,2,0.827043,0,0.001359206018,web,0
case_003843,27.611139,201.707855,2,0.847815,0,0.002641891912,mobile,0
case_003844,17.738229,1286.149711,2,0.841671,0,0.000636150848,in_store,0
case_003845,8.018335,1027.540559,3,0.617526,0,0.003250766881,web,0
case_003846,15.641058,320.709472,1,0.82348,0,0.000856889991,web,0
case_003847,53.382927,23.824991,0,0.612769,0,0.007612246596,in_store,0
case_003848,16.159929,630.199666,1,0.444106,0,0.005958983546,in_store,0
case_003849,45.936614,293.863267,0,0.685426,0,0.002146103813,in_store,0
case_003850,38.712388,165.081207,2,0.763106,0,0.003070173729,in_store,0
case_003851,19.993319,34.383845,0,0.72461,0,0.00353525216,mobile,0
case_003852,187.133952,1293.333463,2,0.752016,0,0.006359444911,web,0
case_003853,83.979195,988.417468,1,0.771185,0,0.002466867407,web,0
case_003854,120.344451,331.12889,0,0.518552,0,0.010811181851,in_store,0
case_003855,92.367538,428.974984,1,0.703395,0,0.005095001333,web,0
case_003856,5.529864,577.482282,3,0.517022,0,0.00454362591,in_store,0
case_003857,42.443071,4000,3,0.818869,0,0.001347335529,in_store,0
case_003858,48.327958,14.157718,3,0.584338,0,0.031261353606,in_store,0
case_003859,38.067766,1001.987006,2,0.722451,1,0.01774084753,mobile,0
case_003860,6.160143,313.225983,1,0.742814,0,0.000643146027,in_store,0
case_003861,9.277866,189.478688,2,0.595734,0,0.003486249893,in_store,0
case_003862,56.791511,2894.113203,0,0.797542,0,0.000627155722,in_store,0
case_003863,35.543301,5.474343,3,0.407243,0,0.164701804603,mobile,0
case_003864,13.491328,588.92928,3,0.77611,0,0.001933800899,web,0
case_003865,57.30909,43.923435,4,0.515434,1,0.194934215847,in_store,1
case_003866,39.0464,2758.125808,0,0.459406,0,0.005300016021,web,0
case_003867,245.235068,353.220477,1,0.625979,0,0.016243636654,web,0
case_003868,18.587524,1017.625204,2,0.584886,0,0.004462934125,web,0
case_003869,48.999931,2069.430101,0,0.367473,0,0.011749686251,web,0
case_003870,19.616878,703.676863,3,0.577934,0,0.007920020866,web,0
case_003871,10.362497,565.226777,3,0.624958,0,0.004287410318,web,0
case_003872,33.800642,533.262102,3,0.859286,0,0.001629552574,in_store,0
case_003873,24.596468,116.387529,3,0.867177,0,0.001975785893,in_store,0
case_003874,42.227459,304.247896,0,0.452685,0,0.010976941439,web,0
case_003875,48.949488,1133.360957,3,0.720796,0,0.003922992748,in_store,0
case_003876,9.054559,299.938832,1,0.806901,0,0.000544140323,in_store,0
case_003877,91.87542,1334.464442,0,0.551467,0,0.006357915584,web,0
case_003878,13.577721,356.754695,3,0.883857,0,0.001146369556,web,0
case_003879,18.741963,1277.55469,4,0.747561,0,0.004968438611,mobile,0
case_003880,21.36237,197.478312,2,0.870222,0,0.00197013126,mobile,0
case_003881,19.429683,315.643027,1,0.865882,0,0.001125496569,mobile,0
case_003882,4.406708,151.947642,2,0.593142,0,0.002490555385,in_store,0
case_003883,20.775536,301.302475,1,0.687716,0,0.00188888396,in_store,0
case_003884,24.310561,163.612554,3,0.780308,0,0.00305535494,in_store,0
case_003885,28.251496,653.717154,2,0.664113,0,0.004017573223,web,0
case_003886,8.858566,762.046782,3,0.683186,0,0.002494938193,web,0
case_003887,47.160485,1581.773903,2,0.720488,1,0.009482634681,in_store,0
case_003888,33.572972,838.976689,2,0.837833,0,0.002101850003,mobile,0
case_003889,3.540063,82.058785,2,0.74467,0,0.001031935041,in_store,0
case_003890,12.378592,439.821857,4,0.68142,0,0.005332353961,web,0
case_003891,4.385707,1814.082219,3,0.828871,0,0.00052727432,web,0
case_003892,27.011359,148.662814,0,0.626882,0,0.003457360996,web,0
case_003893,89.425865,1882.256547,1,0.923622,0,0.000822438476,web,0
case_003894,9.216744,833.34432,1,0.9271,0,0.000247456444,web,0
case_003895,22.218857,536.456589,0,0.71594,0,0.001210810637,web,0
case_003896,19.314362,1172.872689,3,0.511728,0,0.010200404186,web,0
case_003897,34.433313,1737.403358,1,0.832383,0,0.00080989369,web,0
case_003898,12.14992,449.071526,3,0.476677,0,0.012628508878,web,0
case_003899,110.462616,451.899926,3,0.865366,0,0.003501720915,in_store,0
case_003900,5.139743,93.603855,2,0.549737,0,0.005226789918,web,0
case_003901,73.825234,657.858214,3,0.724521,0,0.007472012203,web,0
case_003902,473.084819,800.671821,1,0.870007,0,0.003363980738,in_store,0
case_003903,160.446156,121.740336,1,0.566019,0,0.024264423777,web,0
case_003904,66.602152,425.638229,2,0.757643,0,0.003408076118,in_store,0
case_003905,79.940976,577.550479,3,0.913733,0,0.001960318974,in_store,0
case_003906,16.338523,376.718063,1,0.806273,0,0.000935093076,web,0
case_003907,76.731784,844.115232,0,0.666036,0,0.00317276711,web,0
case_003908,41.120659,1114.933044,0,0.840006,1,0.002687024296,web,0
case_003909,218.695492,1754.176668,4,0.530819,0,0.077896924828,mobile,0
case_003910,15.895895,246.048327,3,0.569129,0,0.014787960934,mobile,0
case_003911,343.389434,134.492826,5,0.424496,0,0.315480651096,web,0
case_003912,83.408811,599.192453,1,0.542693,0,0.009167835165,in_store,0
case_003913,115.731921,120.943169,0,0.613482,0,0.010025296166,web,0
case_003914,12.271522,233.881472,1,0.875163,0,0.000875637587,mobile,0
case_003915,19.828126,419.044617,3,0.82165,0,0.001584172294,in_store,0
case_003916,55.021189,453.274365,1,0.923651,1,0.002874354303,in_store,0
case_003917,78.511628,936.015414,0,0.867746,0,0.000691432358,in_store,0
case_003918,116.19763,794.116699,3,0.523578,0,0.025422677613,in_store,0
case_003919,30.461733,192.626514,1,0.653,0,0.00338916831,in_store,0
case_003920,62.275057,268.579235,2,0.817071,0,0.002576559832,in_store,0
case_003921,12.640944,116.664975,1,0.69362,0,0.001768978666,in_store,0
case_003922,38.396085,28.393402,1,0.826605,0,0.002950613961,web,0
case_003923,1.917142,382.838072,1,0.803552,1,0.00120493613,web,0
case_003924,248.121905,480.795073,0,0.825297,0,0.002945842951,web,0
case_003925,11.807107,656.869433,0,0.70588,0,0.000643422252,in_store,0
case_003926,102.653437,117.702907,1,0.400517,0,0.039617402418,in_store,0
case_003927,19.150333,1474.992811,3,0.572265,0,0.005089359504,in_store,0
case_003928,32.416951,1510.771652,2,0.780836,0,0.001658616542,web,0
case_003929,70.16696,97.604267,4,0.814006,0,0.01062245158,web,0
case_003930,26.062356,462.896008,1,0.527596,0,0.009924747766,mobile,0
case_003931,42.836734,1330.043014,1,0.645371,1,0.010123100766,in_store,0
case_003932,24.101358,450.750644,0,0.539917,0,0.003129436443,in_store,0
case_003933,19.193258,594.840566,2,0.73392,0,0.002102038768,web,0
case_003934,34.513428,150.244801,2,0.769005,0,0.005404186735,mobile,0
case_003935,48.242179,58.403823,0,0.535914,0,0.008932919195,in_store,0
case_003936,29.688382,2336.380548,1,0.843591,0,0.000630954626,web,0
case_003937,126.11857,152.226474,1,0.338835,0,0.060405773316,in_store,0
case_003938,58.2879,2925.540106,2,0.658693,0,0.003312605586,in_store,0
case_003939,34.02342,628.098339,4,0.770235,0,0.007676379617,mobile,0
case_003940,25.609074,675.675954,0,0.812702,0,0.000526563105,in_store,0
case_003941,74.595587,296.284958,4,0.873487,0,0.005549413687,web,0
case_003942,15.585414,145.336822,4,0.786903,0,0.003413521076,in_store,0
case_003943,85.267903,42.017708,1,0.792275,0,0.004236201256,in_store,0
case_003944,41.560092,24.449499,3,0.499201,0,0.041147766168,in_store,0
case_003945,36.903995,705.656323,2,0.823076,0,0.001725681578,web,0
case_003946,12.891292,50.967351,3,0.92334,0,0.001186644687,in_store,0
case_003947,17.089342,661.563239,2,0.655092,0,0.002417638597,in_store,0
case_003948,21.965668,627.533988,1,0.937947,0,0.000331111494,in_store,0
case_003949,17.98038,238.854833,3,0.82175,0,0.001754722466,in_store,0
case_003950,34.293785,934.430136,1,0.86288,1,0.003235873986,web,0
case_003951,26.482206,1076.258702,1,0.917856,0,0.000360521531,in_store,0
case_003952,290.331904,2198.761,2,0.839058,0,0.006268775134,mobile,0
case_003953,11.08253,228.324976,4,0.447206,0,0.020027809386,in_store,0
case_003954,89.487545,153.258045,1,0.823788,0,0.00247702339,in_store,0
case_003955,9.660136,55.352908,3,0.859361,0,0.00145500937,in_store,0
case_003956,17.875239,1103.088807,1,0.920922,0,0.000526813645,mobile,0
case_003957,47.283154,1146.351697,0,0.855692,0,0.00050825817,in_store,0
case_003958,52.910793,365.40583,0,0.769114,0,0.001307518724,in_store,0
case_003959,21.835182,463.206913,4,0.606887,0,0.009190610062,in_store,0
case_003960,61.639016,230.21771,2,0.844511,0,0.002894577828,web,0
case_003961,13.904395,234.423205,1,0.796921,0,0.00103128396,web,0
case_003962,14.079989,57.892955,3,0.781775,0,0.003744284359,web,0
case_003963,38.722355,752.867418,3,0.532271,0,0.012267917841,in_store,0
case_003964,43.320747,759.023003,1,0.533786,0,0.005971420611,in_store,0
case_003965,174.352083,695.023697,1,0.8273,0,0.003080398899,web,0
case_003966,43.714325,8.598137,1,0.5632,1,0.085663817183,web,0
case_003967,52.297089,1019.568763,0,0.851527,0,0.000575547373,in_store,0
case_003968,14.292455,57.344367,3,0.612961,0,0.010805211192,web,0
case_003969,30.305512,292.849255,1,0.527439,0,0.012444868517,mobile,0
case_003970,3.694768,400.119249,2,0.679995,0,0.000998182309,in_store,0
case_003971,54.709614,412.934805,0,0.697921,0,0.002579455042,web,0
case_003972,49.618391,112.133177,5,0.538813,0,0.05055355394,in_store,0
case_003973,88.426205,1026.608932,0,0.786573,0,0.00120597911,in_store,0
case_003974,74.603903,387.309516,5,0.555262,0,0.076947033917,mobile,0
case_003975,30.114962,317.747952,0,0.805016,1,0.003952983148,web,0
case_003976,28.420186,118.825389,2,0.632195,0,0.011955600286,mobile,0
case_003977,18.997448,279.453232,3,0.78501,0,0.002181109764,in_store,0
case_003978,27.003987,735.39926,1,0.532104,0,0.004525563398,in_store,0
case_003979,9.285287,1325.207499,1,0.496582,0,0.003191363042,web,0
case_003980,115.815934,148.322772,3,0.938966,0,0.004042343897,web,0
case_003981,5.114122,464.931377,1,0.60368,0,0.001233761311,in_store,0
case_003982,51.683729,1903.044446,0,0.584995,0,0.00251440631,in_store,0
case_003983,31.958699,492.749488,1,0.745025,0,0.001923377493,web,0
case_003984,29.103833,691.06522,2,0.901844,0,0.000914347992,web,0
case_003985,96.092248,206.328143,3,0.606534,0,0.037502921045,mobile,0
case_003986,31.957437,547.435413,0,0.667284,0,0.002046886326,web,0
case_003987,43.893189,1203.993166,1,0.859157,0,0.000889086719,web,0
case_003988,20.904087,894.866212,3,0.748235,0,0.002075571898,in_store,0
case_003989,7.670789,38.720238,0,0.607039,0,0.004009444931,mobile,0
case_003990,17.082567,609.03726,2,0.696186,1,0.014693755269,mobile,0
case_003991,333.853876,613.817828,7,0.76135,0,0.057129149926,in_store,0
case_003992,18.949936,135.230566,2,0.744281,0,0.002340640882,in_store,0
case_003993,51.815489,339.561461,1,0.741679,0,0.002970660957,web,0
case_003994,11.750337,167.459126,3,0.734982,0,0.002581171193,in_store,0
case_003995,30.742343,157.21543,1,0.673445,0,0.00318257124,in_store,0
case_003996,139.299507,2341.417491,2,0.93452,0,0.00110611424,in_store,0
case_003997,98.709394,1471.658918,2,0.397762,0,0.02825903119,in_store,0
case_003998,9.116053,103.974831,2,0.951411,0,0.000572487411,web,0
case_003999,9.935511,782.948386,3,0.96368,0,0.000685570669,mobile,0
case_004000,76.507914,1658.58827,1,0.742572,0,0.001862120505,in_store,0
case_004001,18.621203,1560.443486,3,0.722105,0,0.001935006849,in_store,0
case_004002,28.317744,291.782524,3,0.825399,0,0.00214591916,in_store,0
case_004003,39.734599,385.288435,3,0.473051,0,0.021733554485,in_store,0
case_004004,6.866501,302.9579,5,0.494243,0,0.019788766792,web,0
case_004005,67.851705,1359.922691,2,0.894018,0,0.001051003701,in_store,0
case_004006,33.895777,13.33278,0,0.801331,0,0.00265925384,web,0
case_004007,6.34309,107.622374,2,0.966239,0,0.000419584974,web,0
case_004008,39.563452,433.624936,1,0.553777,0,0.005856674155,in_store,0
case_004009,46.26873,234.200137,1,0.971543,0,0.000571427022,in_store,0
case_004010,92.35522,2536.364813,5,0.954562,0,0.002374500188,in_store,0
case_004011,71.708959,338.067602,1,0.365267,0,0.029188398449,in_store,0
case_004012,28.529824,1770.693614,2,0.786461,0,0.001411172901,web,0
case_004013,34.731484,729.213529,1,0.522317,0,0.007235791862,web,1
case_004014,30.659679,792.590692,4,0.595061,0,0.010452054495,in_store,0
case_004015,15.647592,698.788268,0,0.783296,0,0.000462010986,in_store,0
case_004016,19.558794,1093.255884,4,0.424006,0,0.020720404043,in_store,0
case_004017,127.514947,224.401794,3,0.760947,0,0.017084996677,mobile,0
case_004018,243.191995,1728.284129,2,0.796378,0,0.004095849064,in_store,0
case_004019,103.145382,445.873739,2,0.536125,0,0.017527075234,in_store,0
case_004020,192.260655,1338.002564,0,0.530961,0,0.011566821938,web,0
case_004021,30.360753,785.02638,1,0.831594,0,0.000947514155,web,0
case_004022,12.642245,337.367562,2,0.917699,0,0.000909922501,mobile,0
case_004023,172.432045,1835.195105,1,0.829857,0,0.001768797739,in_store,0
case_004024,49.518907,1190.975263,4,0.961793,0,0.001282800675,in_store,0
case_004025,100.694254,271.455306,2,0.676501,0,0.008368813157,in_store,0
case_004026,94.732322,134.44922,4,0.929893,0,0.004459480505,in_store,0
case_004027,26.726891,725.0689,3,0.719242,0,0.003951443075,web,0
case_004028,22.471596,898.821026,1,0.340521,0,0.012501840072,in_store,0
case_004029,15.383702,635.19263,2,0.780042,0,0.001350398633,web,0
case_004030,26.571374,160.726093,1,0.437322,0,0.012504567882,in_store,0
case_004031,26.224444,1045.131335,3,0.648142,0,0.005465899662,web,0
case_004032,56.345465,354.17699,3,0.864888,0,0.002450270076,in_store,0
case_004033,179.398325,1028.070056,2,0.811457,0,0.003563856716,in_store,0
case_004034,34.193165,548.018069,2,0.725993,0,0.003242221226,web,0
case_004035,8.793439,2165.223297,3,0.687253,0,0.001392792438,in_store,0
case_004036,77.647718,652.289098,3,0.826097,0,0.003207420699,in_store,0
case_004037,39.022932,121.278813,2,0.85856,0,0.002387381354,web,0
case_004038,29.227175,264.986804,1,0.950149,0,0.000902366723,mobile,0
case_004039,62.827365,309.348751,3,0.582594,0,0.0157380819,in_store,0
case_004040,183.494968,617.133792,3,0.74218,0,0.012197580165,web,0
case_004041,4.507842,491.55086,2,0.568099,0,0.002096690845,in_store,0
case_004042,28.1497,667.731853,1,0.824857,0,0.000987837214,web,0
case_004043,112.813864,606.95583,0,0.82406,0,0.001669242843,web,0
case_004044,60.127095,110.545975,4,0.25684,0,0.192067373216,in_store,0
case_004045,79.975532,979.337981,1,0.570726,0,0.008341440129,web,0
case_004046,38.494217,715.663025,3,0.872198,0,0.001498263837,in_store,0
case_004047,45.945002,636.662733,2,0.902441,0,0.001856090366,mobile,0
case_004048,78.190032,1586.150599,2,0.564947,0,0.010941546749,web,0
case_004049,72.991523,392.609923,1,0.575095,0,0.014804341786,mobile,0
case_004050,94.600825,1948.600922,2,0.898645,0,0.001460699667,web,0
case_004051,51.553085,2055.071565,1,0.765243,0,0.002258236448,mobile,0
case_004052,88.397293,1547.636414,1,0.618489,0,0.004515521745,in_store,0
case_004053,28.261724,5.442477,3,0.804632,0,0.007389049873,in_store,0
case_004054,76.324444,1389.969016,1,0.800748,1,0.007048884231,web,0
case_004055,39.814586,88.515199,3,0.743564,0,0.006243888881,in_store,0
case_004056,29.301461,1455.377154,0,0.950421,0,0.000248838364,web,0
case_004057,4.514456,640.800094,1,0.820522,1,0.001410753087,web,0
case_004058,61.366256,924.890428,2,0.772084,0,0.002359745833,in_store,0
case_004059,22.214091,1634.718372,2,0.820611,0,0.000777623589,in_store,0
case_004060,11.797474,7.85323,4,0.662746,0,0.026571708454,mobile,0
case_004061,8.488347,69.2348,1,0.557815,0,0.003787491019,in_store,0
case_004062,64.732683,1432.894706,2,0.893857,0,0.001290643187,web,0
case_004063,10.272177,719.851116,4,0.775769,0,0.00229873887,web,0
case_004064,54.337832,1298.466161,1,0.768738,0,0.00136482527,in_store,0
case_004065,43.940807,1634.424383,3,0.945285,0,0.001042167281,web,0
case_004066,14.86087,941.488456,2,0.90742,0,0.000414579845,in_store,0
case_004067,118.190703,797.060105,2,0.603557,0,0.020248790731,mobile,0
case_004068,9.84446,878.773969,1,0.584603,0,0.001675226304,in_store,0
case_004069,265.228489,2803.707456,1,0.481878,0,0.022847597574,web,0
case_004070,43.703192,761.823916,2,0.786192,0,0.003522873929,mobile,0
case_004071,50.519976,1159.828677,2,0.423831,0,0.016949883868,in_store,0
case_004072,8.356099,2729.142613,3,0.888542,1,0.001869364923,web,0
case_004073,120.074545,675.059653,2,0.421449,0,0.034474625356,in_store,0
case_004074,235.496929,1311.77128,0,0.835621,0,0.001995028134,web,0
case_004075,5.469802,146.564321,2,0.434034,0,0.009745046838,web,0
case_004076,115.816788,1065.567284,2,0.814667,0,0.002608653209,in_store,0
case_004077,23.783523,521.208014,2,0.847143,0,0.001230906736,web,0
case_004078,39.370097,434.426047,2,0.954578,0,0.000910965045,web,0
case_004079,13.823275,5.800901,2,0.652317,0,0.008170098351,in_store,0
case_004080,97.912572,224.40403,2,0.802585,0,0.003967673555,in_store,0
case_004081,94.237685,514.432806,1,0.293785,0,0.047231789306,in_store,0
case_004082,60.236775,954.670892,2,0.674236,0,0.005451476149,web,0
case_004083,109.963332,44.970882,1,0.699473,0,0.011144973538,web,0
case_004084,62.49275,115.542206,2,0.949069,0,0.001857106089,web,0
case_004085,20.990006,2617.050188,0,0.637481,0,0.00120263758,web,0
case_004086,54.790796,160.422981,2,0.823842,0,0.00339082311,web,0
case_004087,20.06909,153.567988,1,0.372807,0,0.015867528647,in_store,0
case_004088,7.55792,951.283528,0,0.616728,0,0.000995981248,web,0
case_004089,30.20075,68.994317,0,0.793006,0,0.001641811809,web,0
case_004090,129.838546,168.533013,0,0.25907,0,0.066023673231,in_store,0
case_004091,19.153064,9.612181,2,0.534513,0,0.018111690986,in_store,0
case_004092,57.003552,1189.659387,2,0.792151,0,0.002369380114,web,0
case_004093,47.093681,958.449469,3,0.934317,0,0.001061258259,in_store,0
case_004094,186.439405,120.150325,2,0.902757,0,0.007354240657,mobile,0
case_004095,12.844953,215.156132,3,0.926123,0,0.000768165286,in_store,0
case_004096,10.135255,775.772062,1,0.496942,0,0.003052525277,in_store,0
case_004097,16.902351,528.87157,4,0.762493,0,0.00287261362,in_store,0
case_004098,29.735839,588.012527,3,0.693085,0,0.005281496247,web,0
case_004099,43.051271,670.591404,2,0.511185,1,0.041148357137,in_store,0
case_004100,11.985892,173.900296,0,0.665287,0,0.00157967501,web,0
case_004101,9.506379,82.723431,0,0.782407,0,0.000639741412,in_store,0
case_004102,5.044464,1123.846776,2,0.481749,0,0.003000285975,in_store,0
case_004103,7.401489,1000.453773,2,0.745094,0,0.000743026294,in_store,0
case_004104,3.281389,305.665492,0,0.904156,0,0.000146710927,web,0
case_004105,137.84493,111.58538,1,0.851324,0,0.003017895048,in_store,0
case_004106,29.809707,303.036142,1,0.624795,0,0.003495712229,in_store,0
case_004107,131.906164,609.779436,0,0.762143,1,0.008515792381,in_store,0
case_004108,66.77671,138.51616,3,0.636904,0,0.014730029041,in_store,0
case_004109,43.724997,223.418247,3,0.739967,1,0.026441924325,web,0
case_004110,61.807721,226.504452,1,0.700484,0,0.003765014333,in_store,0
case_004111,28.916443,1098.475559,2,0.373547,0,0.021173620386,web,0
case_004112,11.870691,2982.428542,4,0.75556,0,0.001464362751,in_store,0
case_004113,15.629384,476.513601,3,0.905271,0,0.000782311402,in_store,0
case_004114,48.116601,1203.981817,0,0.768126,0,0.00112381805,web,0
case_004115,27.939096,7.784357,2,0.704501,0,0.010824957199,web,1
case_004116,53.000989,6.706914,1,0.539604,0,0.045929728756,mobile,0
case_004117,8.195272,279.59851,5,0.655833,0,0.008261819023,web,0
case_004118,47.012427,232.301576,3,0.570982,0,0.019549280671,web,0
case_004119,53.79573,117.551458,0,0.439889,0,0.014189547047,in_store,0
case_004120,18.959266,605.66747,1,0.703972,0,0.001690143321,web,0
case_004121,60.553455,986.571386,3,0.838703,0,0.004287785044,mobile,0
case_004122,26.862613,495.492498,0,0.947828,0,0.000255273654,in_store,0
case_004123,19.725975,148.535922,2,0.534111,0,0.008630372241,in_store,0
case_004124,16.033434,166.989084,2,0.569111,0,0.00758458902,web,0
case_004125,6.87759,1702.286273,1,0.582348,0,0.002179476155,mobile,0
case_004126,61.6137,187.381851,1,0.858579,0,0.001901330126,web,0
case_004127,24.890086,853.464249,4,0.870035,0,0.001623802219,in_store,0
case_004128,189.560892,3049.707668,3,0.947798,0,0.002184999356,web,0
case_004129,42.067934,737.215762,3,0.535386,0,0.012752246092,in_store,0
case_004130,32.014928,1.21901,2,0.622153,0,0.028933839393,web,0
case_004131,125.349,3.676943,3,0.865764,0,0.01422817601,in_store,0
case_004132,76.926865,488.677607,5,0.490305,0,0.074016545487,web,0
case_004133,26.09144,1249.221839,0,0.433742,0,0.006074986057,web,0
case_004134,25.197651,1122.883466,2,0.89197,0,0.000600930425,in_store,0
case_004135,34.603324,1439.975574,2,0.581975,0,0.004716093553,in_store,0
case_004136,37.855183,46.953651,2,0.947181,0,0.001378641043,in_store,0
case_004137,52.018509,1262.193542,1,0.796377,0,0.001126311577,in_store,0
case_004138,11.904545,1780.790131,5,0.594822,0,0.006858723151,in_store,0
case_004139,1.840382,306.570712,1,0.546056,0,0.001556906969,web,0
case_004140,98.051859,667.431018,1,0.960235,0,0.001399969814,mobile,0
case_004141,10.409219,177.636617,2,0.642978,0,0.002831518192,in_store,0
case_004142,20.546246,847.333195,1,0.715262,0,0.001169653121,in_store,0
case_004143,11.82311,131.184264,1,0.428299,0,0.008565185013,in_store,0
case_004144,24.096942,373.53298,3,0.951229,0,0.000823323796,in_store,0
case_004145,17.902116,302.753187,1,0.894866,0,0.000903844025,mobile,0
case_004146,20.653317,583.755648,2,0.77147,0,0.001749669886,web,0
case_004147,537.894207,2025.290648,2,0.638177,0,0.017350420747,in_store,0
case_004148,34.479575,406.920556,1,0.449672,0,0.010434071151,in_store,0
case_004149,87.546771,700.146499,2,0.835016,0,0.002783548142,web,0
case_004150,9.591283,258.154268,0,0.531232,0,0.002219418973,in_store,0
case_004151,11.301853,166.01257,0,0.574862,0,0.002117267071,in_store,0
case_004152,11.228494,557.092658,4,0.927422,0,0.000789474025,in_store,0
case_004153,155.219261,1029.371155,1,0.508748,0,0.014369478135,in_store,0
case_004154,39.206257,96.024393,2,0.773333,0,0.004355049156,web,0
case_004155,19.318997,396.587027,2,0.908285,0,0.000622905989,in_store,0
case_004156,47.819649,929.264979,2,0.750303,0,0.002302938837,in_store,0
case_004157,95.092317,30.292599,1,0.774465,0,0.007134811441,web,0
case_004158,32.177526,92.236055,1,0.925615,0,0.001016919202,web,0
case_004159,16.274209,1047.877047,4,0.370162,0,0.048801407671,mobile,0
case_004160,83.364189,339.835001,3,0.863533,0,0.003211875971,in_store,0
case_004161,25.707705,890.655317,1,0.563298,0,0.003418801789,in_store,0
case_004162,47.383097,751.130665,0,0.76891,0,0.000989709135,in_store,0
case_004163,77.407168,75.411811,2,0.46866,0,0.04635047871,web,0
case_004164,10.538923,120.536582,2,0.459033,0,0.010003427287,in_store,0
case_004165,61.036115,203.914374,1,0.903903,0,0.001389896506,web,0
case_004166,7.215098,271.232752,1,0.926049,0,0.000299668758,web,0
case_004167,39.221404,134.295677,2,0.748102,0,0.003607602555,in_store,0
case_004168,34.029952,541.012666,3,0.921634,0,0.001104315281,in_store,0
case_004169,15.953315,1287.875296,0,0.561602,0,0.00200484736,web,0
case_004170,7.958438,355.845707,3,0.57562,0,0.005713077033,web,0
case_004171,536.248757,209.445703,2,0.804598,0,0.022572253721,mobile,0
case_004172,198.022048,1236.249715,1,0.729698,0,0.007728508469,mobile,0
case_004173,77.917693,187.950915,1,0.651011,0,0.011932836454,mobile,0
case_004174,20.455244,1081.404779,0,0.52288,0,0.004659536529,mobile,0
case_004175,28.286016,784.357961,1,0.731762,0,0.001690538988,web,0
case_004176,15.134351,127.25595,2,0.757795,0,0.002448482969,web,0
case_004177,63.013204,881.798865,0,0.865959,0,0.000617982708,in_store,0
case_004178,5.119899,1439.393421,3,0.887505,0,0.000424906246,web,0
case_004179,46.614033,461.83064,8,0.564084,0,0.08604684105,in_store,0
case_004180,26.004133,419.194329,1,0.855771,0,0.000691202806,in_store,0
case_004181,69.60879,1282.276312,1,0.854569,0,0.001205389478,web,0
case_004182,17.880228,1995.371012,3,0.755579,0,0.001829993698,web,0
case_004183,9.895435,426.884302,3,0.66812,0,0.003459689356,web,0
case_004184,18.110019,356.649631,3,0.759972,0,0.002959786715,web,0
case_004185,120.345753,974.324084,1,0.727959,0,0.006081309364,mobile,0
case_004186,27.340376,2944.52077,2,0.92779,1,0.001984852447,web,0
case_004187,57.225055,810.084847,0,0.763749,0,0.002157796747,mobile,0
case_004188,26.115811,2391.581965,5,0.560727,0,0.016054587394,web,0
case_004189,175.572653,154.377316,5,0.553906,0,0.090495510057,in_store,0
case_004190,59.529215,414.645724,1,0.788931,0,0.002281080858,web,0
case_004191,85.17201,638.888668,0,0.683146,0,0.002576432197,in_store,0
case_004192,89.018314,165.757701,2,0.472227,0,0.031243261973,in_store,0
case_004193,3.421218,411.290964,0,0.854555,0,0.000145917241,in_store,0
case_004194,157.40892,2449.602639,1,0.526809,0,0.012936031601,web,0
case_004195,39.92781,642.335561,5,0.615345,0,0.017019212457,in_store,0
case_004196,31.718581,1503.576576,3,0.655705,0,0.007864341796,mobile,0
case_004197,13.695098,1099.447579,3,0.800341,0,0.001089939426,in_store,0
case_004198,36.834379,54.479879,3,0.862407,0,0.004183508569,web,0
case_004199,70.931034,944.253394,1,0.88014,0,0.000885619401,in_store,0
case_004200,69.184632,1620.858009,1,0.648848,0,0.004045078686,web,0
case_004201,34.693285,1807.849789,0,0.564248,0,0.002256579914,in_store,0
case_004202,31.184363,18.285977,0,0.819391,0,0.001611342954,in_store,0
case_004203,44.454602,505.907919,2,0.80114,0,0.002452158003,web,0
case_004204,95.117053,37.355501,2,0.656531,1,0.078359200532,web,1
case_004205,42.393527,19.127681,0,0.671621,0,0.006220090762,web,0
case_004206,12.875439,880.751447,3,0.949728,0,0.000440614849,in_store,0
case_004207,12.779772,2950.594229,1,0.87798,0,0.000220129794,in_store,0
case_004208,264.473575,125.050193,1,0.848791,0,0.004514258043,in_store,0
case_004209,23.733098,279.240703,2,0.697618,0,0.002917722963,in_store,0
case_004210,21.350671,3.29677,2,0.716255,0,0.008180206323,in_store,0
case_004211,21.690515,2345.332196,1,0.984431,0,0.000167346771,in_store,0
case_004212,9.184326,2329.58028,1,0.942386,1,0.000525183686,in_store,0
case_004213,64.810472,299.328395,0,0.786687,0,0.001813833136,web,0
case_004214,62.121762,1025.873937,2,0.904075,0,0.001012675495,in_store,0
case_004215,24.697613,347.040571,4,0.764711,0,0.004045996197,in_store,0
case_004216,18.562092,199.70682,0,0.615884,0,0.002694070762,web,0
case_004217,9.53306,706.385279,0,0.887503,0,0.000178375893,in_store,0
case_004218,20.151044,501.14057,0,0.910782,0,0.000268115918,in_store,0
case_004219,24.167928,1633.430031,0,0.873653,0,0.000268348771,in_store,0
case_004220,8.667051,678.361273,1,0.555051,0,0.003854189997,mobile,0
case_004221,45.575542,302.058211,1,0.452985,0,0.016967293987,web,0
case_004222,58.374273,107.868995,3,0.514482,0,0.057238649317,mobile,0
case_004223,33.923496,210.350477,1,0.794842,0,0.002792597706,mobile,0
case_004224,15.749415,374.17409,1,0.788748,0,0.001022081322,web,0
case_004225,28.918436,149.047769,1,0.45268,0,0.012247617808,in_store,0
case_004226,62.782872,204.772815,4,0.920126,0,0.003226506884,in_store,0
case_004227,61.497039,145.620047,1,0.65752,0,0.007140583139,web,0
case_004228,34.503501,164.564272,4,0.450368,0,0.053935042354,web,0
case_004229,45.209415,1413.368411,5,0.497306,0,0.056286065462,mobile,0
case_004230,6.222931,132.753593,0,0.33875,1,0.051604839383,mobile,0
case_004231,59.288012,1930.258322,0,0.747613,0,0.001271780246,web,0
case_004232,27.131058,189.792672,3,0.882463,0,0.001657742346,in_store,0
case_004233,31.086574,125.355152,0,0.373279,0,0.019056513735,web,0
case_004234,34.919302,968.221432,3,0.865402,0,0.001346103408,in_store,0
case_004235,29.658672,2547.883301,1,0.776249,0,0.00072933015,in_store,0
case_004236,38.347977,1019.438322,3,0.728416,0,0.003305700862,in_store,0
case_004237,58.560639,730.290356,1,0.891881,0,0.001007245044,web,0
case_004238,34.076647,1286.903771,0,0.476938,0,0.005441669652,web,0
case_004239,8.090604,295.150688,0,0.831966,0,0.00029563009,in_store,0
case_004240,139.708825,210.071503,2,0.813734,0,0.006077790112,web,0
case_004241,30.366317,1470.23111,0,0.738004,0,0.000956413654,web,0
case_004242,10.027019,629.475059,0,0.759878,1,0.002192705001,web,0
case_004243,80.539357,252.309408,0,0.811968,0,0.001870744766,web,0
case_004244,79.33428,138.634759,0,0.554633,0,0.008516734789,in_store,0
case_004245,15.101123,353.102701,1,0.576492,0,0.005668783993,mobile,0
case_004246,24.124469,851.400413,3,0.788899,0,0.001786118779,in_store,0
case_004247,13.392632,190.190321,1,0.398098,0,0.009998396224,in_store,0
case_004248,27.01083,566.464599,5,0.401039,1,0.293856449168,mobile,1
case_004249,87.720698,429.257525,1,0.71921,0,0.00348220001,in_store,0
case_004250,56.208761,736.364878,2,0.882832,0,0.001194635562,in_store,0
case_004251,120.544152,127.266398,2,0.535133,0,0.027769467905,in_store,0
case_004252,54.631853,758.88319,3,0.910851,0,0.001445401033,in_store,0
case_004253,77.298404,1318.195997,1,0.768954,0,0.001699848719,in_store,0
case_004254,41.700548,2160.467423,3,0.715178,0,0.003904098209,web,0
case_004255,12.042065,55.268641,3,0.811813,0,0.004266913532,mobile,0
case_004256,24.427933,772.329168,2,0.871184,0,0.00096072046,web,0
case_004257,35.380835,1223.55677,1,0.473042,0,0.008555695412,web,0
case_004258,12.190824,655.447111,5,0.627364,0,0.007590525478,in_store,0
case_004259,13.686654,898.09667,0,0.371928,0,0.006607173467,web,0
case_004260,106.582236,139.234894,3,0.821939,0,0.008076601285,web,0
case_004261,45.449841,816.333923,1,0.604937,0,0.003871721724,in_store,0
case_004262,16.924608,635.789943,1,0.892753,0,0.000478127259,web,0
case_004263,23.681706,466.868928,1,0.605985,0,0.003853095443,web,0
case_004264,45.669747,1164.644277,1,0.620943,0,0.004067375777,web,0
case_004265,50.160836,84.164202,4,0.768659,1,0.046420493634,web,1
case_004266,29.468227,785.227544,1,0.754565,0,0.00150398641,web,0
case_004267,22.658766,16.9259,2,0.813585,0,0.00306151286,in_store,0
case_004268,59.719255,997.611991,2,0.493688,0,0.012788821044,in_store,1
case_004269,41.23728,554.967367,2,0.801958,0,0.003374575076,mobile,0
case_004270,21.49646,663.705857,1,0.678352,0,0.003110068369,mobile,0
case_004271,17.808672,535.855785,4,0.498581,0,0.015188337111,in_store,0
case_004272,46.988692,537.320159,2,0.929355,0,0.000873654744,in_store,0
case_004273,29.871986,202.246919,3,0.753903,0,0.003852576807,in_store,0
case_004274,130.94802,591.76293,0,0.527529,0,0.009130969936,in_store,0
case_004275,4.637104,2750.596256,1,0.608662,0,0.00067618819,in_store,0
case_004276,69.097804,116.885325,4,0.930793,0,0.003773558256,in_store,0
case_004277,197.878517,42.996808,3,0.583411,0,0.070280745748,web,0
case_004278,27.830037,125.795463,3,0.65149,0,0.010232253526,web,0
case_004279,17.101502,907.050211,0,0.641201,0,0.001409753671,web,0
case_004280,446.726121,384.678424,2,0.750509,0,0.02353812284,mobile,1
case_004281,80.609695,282.579281,0,0.923938,0,0.000900444058,web,0
case_004282,20.153128,394.51295,2,0.591856,1,0.034719005041,mobile,0
case_004283,94.419478,255.677404,1,0.644464,0,0.006749853182,in_store,0
case_004284,17.483421,1194.057029,1,0.739366,0,0.000824309724,in_store,0
case_004285,24.401472,386.48489,2,0.776813,0,0.002115870619,web,0
case_004286,65.318843,2299.334554,0,0.771523,0,0.000862737457,in_store,0
case_004287,43.635766,369.859569,2,0.794497,0,0.002766278536,web,0
case_004288,24.941707,99.150474,0,0.810996,0,0.001172756203,web,0
case_004289,12.151001,1721.690748,1,0.9801,0,0.000169475702,web,0
case_004290,15.545394,318.742863,1,0.893468,0,0.000552374734,web,0
case_004291,134.390867,1301.084875,0,0.877057,0,0.000837508348,in_store,0
case_004292,24.477001,598.932962,0,0.82723,0,0.000621620351,web,0
case_004293,39.713129,911.349907,2,0.422734,0,0.015730248999,in_store,0
case_004294,74.316884,636.341005,0,0.793084,0,0.002277866473,mobile,0
case_004295,17.424717,655.39236,2,0.787027,0,0.001077035006,in_store,0
case_004296,11.32696,147.340248,1,0.314846,0,0.016276067055,in_store,0
case_004297,35.410814,410.507542,0,0.896004,0,0.000569411928,web,0
case_004298,54.274747,909.07996,2,0.634336,0,0.006630964327,web,0
case_004299,11.886173,396.029363,2,0.489585,0,0.006310430405,in_store,0
case_004300,49.530165,975.088982,1,0.535118,0,0.011420534969,mobile,0
case_004301,58.979093,1253.157127,1,0.840474,0,0.001777066809,mobile,0
case_004302,44.77439,902.412499,1,0.621775,0,0.003354341154,in_store,0
case_004303,28.071722,1085.811736,3,0.494026,0,0.014643919871,web,0
case_004304,6.009324,310.225896,2,0.796455,0,0.000673782565,in_store,0
case_004305,17.339714,40.407411,1,0.505739,0,0.009337658489,in_store,0
case_004306,35.242049,28.471691,1,0.698852,0,0.004823856528,in_store,0
case_004307,93.240143,711.81582,1,0.920019,0,0.001146750539,web,0
case_004308,91.141939,132.725326,0,0.964913,0,0.000731507668,in_store,0
case_004309,42.08354,2109.322683,0,0.464301,0,0.00454297255,in_store,0
case_004310,8.135059,377.332583,1,0.650552,0,0.001629790098,web,0
case_004311,45.483361,1011.372576,1,0.692543,0,0.00210850697,in_store,0
case_004312,16.484947,362.04607,1,0.614548,0,0.002451441762,in_store,0
case_004313,3.819175,517.760894,1,0.881236,0,0.000180932398,in_store,0
case_004314,9.678819,644.100571,4,0.825918,0,0.00249918143,mobile,0
case_004315,24.8866,854.225539,0,0.915929,0,0.000325451356,web,0
case_004316,33.989183,79.895991,1,0.420466,0,0.025165043935,web,0
case_004317,68.556164,613.388698,1,0.763049,0,0.002040162345,in_store,0
case_004318,85.989256,17.227987,2,0.821703,0,0.008619644188,web,0
case_004319,37.085805,320.453192,2,0.850573,0,0.001834023299,web,0
case_004320,39.537536,341.93267,1,0.414982,0,0.018925550732,web,0
case_004321,54.502814,392.585508,1,0.750872,0,0.002164501382,in_store,0
case_004322,92.92207,16.47185,0,0.774086,0,0.004403402644,in_store,0
case_004323,9.877078,829.29061,2,0.509555,0,0.007695567282,mobile,0
case_004324,44.924538,16.929064,3,0.853464,0,0.005426102109,in_store,0
case_004325,18.86983,133.003664,0,0.861805,0,0.000513864728,in_store,0
case_004326,25.71405,250.383898,2,0.882761,0,0.000997364678,in_store,0
case_004327,58.153344,11.264862,4,0.592149,0,0.065391434371,web,0
case_004328,10.142704,1018.967351,2,0.746639,0,0.000879315204,in_store,0
case_004329,114.167267,1588.530249,3,0.464679,0,0.029550937314,in_store,0
case_004330,32.902557,208.224286,3,0.914664,0,0.00191237252,web,0
case_004331,145.538499,612.217663,1,0.780476,0,0.002968582534,in_store,0
case_004332,13.458862,192.104005,3,0.767428,0,0.002198448805,in_store,0
case_004333,47.832819,741.904319,0,0.82989,0,0.000682802509,in_store,0
case_004334,134.53258,833.944645,4,0.673539,0,0.020622399118,web,0
case_004335,17.848086,1064.808287,2,0.863955,0,0.000587011817,in_store,0
case_004336,39.826182,582.221092,2,0.769231,0,0.002087682149,in_store,0
case_004337,29.474033,548.334812,1,0.869695,0,0.000633890377,in_store,0
case_004338,14.521991,243.78192,0,0.910922,0,0.000270150583,in_store,0
case_004339,20.865793,646.730543,1,0.460817,0,0.007991615773,web,0
case_004340,55.935481,403.26688,2,0.803105,0,0.004459529377,mobile,0
case_004341,35.008381,2190.813348,2,0.83781,0,0.000852919032,in_store,0
case_004342,34.682407,431.6673,0,0.398739,0,0.01224656593,web,0
case_004343,17.711394,105.794007,1,0.586269,0,0.004359955594,in_store,0
case_004344,44.666672,4000,3,0.810734,0,0.001464194646,in_store,0
case_004345,89.339176,209.14219,2,0.839134,0,0.005809030643,mobile,0
case_004346,115.645571,678.540868,3,0.722466,0,0.00779329235,in_store,0
case_004347,19.510267,37.157157,1,0.779994,0,0.003569119808,mobile,0
case_004348,24.863688,616.223395,2,0.767259,0,0.001984257756,web,0
case_004349,84.619839,9.823189,2,0.368061,0,0.14578221696,web,0
case_004350,16.07156,45.983339,0,0.887323,0,0.001031716638,mobile,0
case_004351,30.141588,609.108475,2,0.870871,0,0.001176525377,web,0
case_004352,289.166331,125.263898,3,0.696429,0,0.026578964381,in_store,0
case_004353,18.820908,1353.452855,2,0.892861,0,0.000472154008,in_store,0
case_004354,11.584403,14.390139,0,0.571921,0,0.005613582097,web,0
case_004355,53.192723,978.007292,1,0.90194,0,0.000636508556,in_store,0
case_004356,14.590626,1729.953055,3,0.705171,0,0.001797796193,in_store,0
case_004357,155.694247,1118.863606,4,0.723795,0,0.015277663499,web,0
case_004358,27.669652,1102.759982,0,0.620769,0,0.001588688832,in_store,0
case_004359,19.108941,28.940723,1,0.571372,0,0.00724558062,in_store,0
case_004360,16.138316,155.286971,1,0.925827,0,0.000568861305,web,0
case_004361,35.17579,700.37933,5,0.603944,0,0.016457078477,in_store,0
case_004362,18.347814,984.945582,2,0.483021,0,0.006565678425,in_store,0
case_004363,22.256222,111.302224,2,0.568155,1,0.032352210389,in_store,0
case_004364,13.46823,726.600475,3,0.709892,0,0.002746476306,web,0
case_004365,106.987867,81.943306,2,0.892442,0,0.003209087687,in_store,0
case_004366,34.717443,360.729898,5,0.506538,0,0.045356700535,web,0
case_004367,97.596789,247.78398,3,0.680166,0,0.015542888063,web,0
case_004368,126.206784,2168.047206,3,0.709786,0,0.006371045937,in_store,0
case_004369,36.421867,1968.973208,1,0.706135,0,0.001779349951,web,0
case_004370,38.535879,1554.53128,1,0.335482,0,0.015389846225,in_store,0
case_004371,627.593392,73.932338,3,0.825075,0,0.022975589129,in_store,0
case_004372,79.063061,63.400483,3,0.90398,0,0.003917061915,in_store,0
case_004373,19.768412,228.149275,3,0.371636,0,0.038841900549,web,0
case_004374,24.643451,437.406166,0,0.696254,0,0.001207203029,in_store,0
case_004375,35.247365,180.433883,3,0.924425,0,0.001958796203,web,0
case_004376,51.468116,55.272012,2,0.639,0,0.010872706251,in_store,0
case_004377,126.942954,545.846537,3,0.739135,0,0.00794371712,in_store,0
case_004378,96.458443,287.266857,1,0.516123,0,0.014637251973,in_store,0
case_004379,25.268785,1666.652885,2,0.913504,0,0.000469041111,in_store,0
case_004380,67.880987,342.58189,0,0.773494,0,0.001519816315,in_store,0
case_004381,26.919227,136.205109,2,0.872468,0,0.002497960876,mobile,0
case_004382,11.766265,1828.296426,0,0.826681,0,0.000224047394,in_store,0
case_004383,52.265688,51.620845,4,0.994075,0,0.003454216298,web,0
case_004384,52.869775,1649.348458,3,0.644768,0,0.007599593094,web,0
case_004385,101.483117,372.851655,2,0.646911,0,0.011807347525,web,0
case_004386,174.723734,377.854888,1,0.338934,1,0.198047182396,in_store,0
case_004387,35.979289,2316.55149,3,0.183393,0,0.070305451015,in_store,0
case_004388,42.30071,1438.698261,0,0.376654,0,0.008775105281,in_store,0
case_004389,4.459656,850.65819,2,0.602308,0,0.001435895404,in_store,0
case_004390,161.117418,305.370786,6,0.613467,0,0.091909648482,web,0
case_004391,417.615425,308.416496,2,0.862867,0,0.006324411814,in_store,0
case_004392,12.069841,27.13313,1,0.777333,0,0.001548004959,in_store,0
case_004393,638.503817,287.151037,4,0.592328,0,0.115657527004,web,0
case_004394,94.816854,194.863051,1,0.75171,0,0.004819832278,web,0
case_004395,3.630914,190.480906,0,0.475472,0,0.002006714235,in_store,0
case_004396,20.23837,57.596111,3,0.670396,0,0.013876337882,mobile,0
case_004397,44.258288,5.496784,2,0.631337,0,0.024624563668,web,0
case_004398,145.550611,167.171075,4,0.753168,0,0.016462737955,in_store,0
case_004399,119.725599,183.523962,1,0.748911,0,0.00579416775,web,0
case_004400,120.508745,689.230376,2,0.862161,0,0.002258884427,in_store,0
case_004401,19.586579,322.611157,2,0.85315,0,0.000941261233,in_store,0
case_004402,88.954544,39.129226,3,0.771562,0,0.014102533851,web,0
case_004403,16.194584,635.451678,1,0.474364,0,0.004931867182,in_store,0
case_004404,34.835544,23.656976,1,0.85471,0,0.002451082655,web,0
case_004405,55.809945,145.841068,1,0.843867,0,0.003135219874,mobile,0
case_004406,149.60262,414.445192,3,0.814724,0,0.005977939363,in_store,0
case_004407,39.310006,931.141307,0,0.632355,0,0.002485265056,web,0
case_004408,87.888511,159.730603,1,0.471846,0,0.021412042374,in_store,0
case_004409,6.666763,1204.580145,2,0.783321,0,0.001000209171,mobile,0
case_004410,33.857641,797.938109,3,0.940462,0,0.000874075516,in_store,0
case_004411,10.296658,461.865578,5,0.403735,0,0.03004937809,in_store,0
case_004412,11.029169,3553.242668,3,0.624272,0,0.003902664397,mobile,0
case_004413,350.743437,258.642203,3,0.807929,0,0.015785520124,web,0
case_004414,43.200631,1531.990627,1,0.886182,0,0.001033617403,mobile,0
case_004415,228.503849,314.482761,2,0.401508,0,0.089493856239,web,0
case_004416,37.940266,1962.051732,5,0.790457,0,0.004036101102,in_store,0
case_004417,36.635789,1935.731601,1,0.675787,0,0.002168851503,web,0
case_004418,399.614093,2623.857573,1,0.803019,0,0.004160382933,web,0
case_004419,146.165439,119.553189,2,0.661785,0,0.014704164068,in_store,0
case_004420,34.733633,1080.212827,2,0.873987,0,0.001067921524,web,0
case_004421,15.161066,11.61161,3,0.867109,0,0.005364249095,mobile,0
case_004422,40.916376,100.057191,3,0.226756,0,0.1668808147,web,0
case_004423,45.622616,576.299666,0,0.696211,0,0.001642856765,in_store,0
case_004424,25.147299,3466.823749,1,0.707605,0,0.000923067389,in_store,0
case_004425,20.18293,809.105514,1,0.429877,0,0.013205526907,mobile,0
case_004426,7.630563,1537.606139,1,0.790378,0,0.000339506547,in_store,0
case_004427,73.07258,975.319982,0,0.579999,0,0.005038097952,web,0
case_004428,107.502389,1130.33304,2,0.956833,0,0.001006737782,in_store,0
case_004429,10.778299,1546.736267,0,0.987317,0,8.1811274e-05,in_store,0
case_004430,8.664075,367.412061,0,0.980753,0,0.000113915149,in_store,0
case_004431,71.353235,228.817447,0,0.760952,0,0.002448080189,web,0
case_004432,30.335047,615.378856,1,0.641441,0,0.003328539615,web,0
case_004433,9.468038,406.748236,2,0.945357,0,0.000318793257,in_store,0
case_004434,31.278805,677.145842,2,0.691508,1,0.014336413945,web,0
case_004435,31.62565,319.761805,2,0.85472,0,0.001617459621,web,0
case_004436,40.742265,6.342564,2,0.959091,0,0.002315517351,in_store,0
case_004437,27.614992,1881.750005,3,0.964505,0,0.000661704613,web,0
case_004438,10.208817,56.239954,4,0.586684,1,0.047149833295,in_store,0
case_004439,38.682964,369.925236,3,0.672958,0,0.00629609066,in_store,0
case_004440,26.736958,429.47163,2,0.795435,0,0.001934308261,web,0
case_004441,32.0874,1571.476037,2,0.92435,0,0.000518008967,in_store,0
case_004442,173.061852,46.674861,1,0.73498,0,0.009235134522,in_store,0
case_004443,124.335718,35.97699,0,0.805219,0,0.003516845192,in_store,0
case_004444,15.177583,195.256541,0,0.714371,0,0.001296898717,web,0
case_004445,7.642963,637.84067,1,0.78534,0,0.000581747539,web,0
case_004446,7.988095,21.088274,6,0.937774,0,0.003400184921,in_store,0
case_004447,80.034914,922.151967,1,0.943159,0,0.000834495984,web,0
case_004448,92.322713,30.928052,2,0.665579,0,0.015718312631,in_store,0
case_004449,123.15272,198.39579,3,0.810589,1,0.026615692699,in_store,0
case_004450,8.003288,168.6623,2,0.853405,0,0.000662926689,in_store,0
case_004451,74.036151,520.183371,3,0.96711,0,0.001769878717,web,0
case_004452,28.290549,575.448618,3,0.838821,0,0.002078313192,web,0
case_004453,11.406632,1126.676363,0,0.373803,0,0.004276137891,in_store,0
case_004454,47.300436,793.097619,1,0.501903,0,0.009733425267,web,0
case_004455,79.965414,418.199942,0,0.68207,0,0.003614428259,web,0
case_004456,12.497225,362.034694,4,0.808401,0,0.002005442532,in_store,0
case_004457,6.685766,414.256577,2,0.994927,1,0.000771340546,in_store,0
case_004458,122.083973,1514.45222,2,0.452213,0,0.02298961814,in_store,0
case_004459,29.480878,692.209672,1,0.79751,0,0.00092985971,in_store,0
case_004460,13.571866,951.342739,1,0.880413,0,0.000598774247,mobile,0
case_004461,162.678952,560.423035,2,0.670605,0,0.009569985488,in_store,0
case_004462,58.063644,215.569962,1,0.938118,0,0.000833510569,in_store,0
case_004463,18.749261,129.031273,2,0.679636,0,0.004523461971,web,0
case_004464,28.633543,752.519521,2,0.707933,0,0.002307021328,in_store,0
case_004465,25.300634,2391.020441,0,0.701726,0,0.000928621499,web,0
case_004466,11.408052,960.378682,3,0.943381,0,0.000415713265,in_store,0
case_004467,16.908418,2036.560264,2,0.582634,0,0.002721445227,in_store,0
case_004468,14.157705,331.678827,1,0.71864,0,0.002290795534,mobile,0
case_004469,56.034028,1177.134486,1,0.457419,0,0.012724644424,web,0
case_004470,39.944194,478.633843,1,0.676989,0,0.00341197911,web,0
case_004471,340.785564,400.473969,1,0.560595,0,0.028792708082,web,0
case_004472,18.565297,145.784597,0,0.466081,0,0.005844647421,in_store,0
case_004473,58.291423,241.076332,1,0.621509,0,0.011093994878,mobile,0
case_004474,22.851016,1.090961,2,0.392211,0,0.093617344704,web,0
case_004475,49.790685,94.707011,0,0.637047,0,0.004235119794,in_store,0
case_004476,69.855164,1949.48042,3,0.791779,0,0.002700968129,in_store,0
case_004477,31.953884,1487.693699,1,0.743251,0,0.001098567821,in_store,0
case_004478,32.811433,4.073191,1,0.903797,0,0.002145563525,in_store,0
case_004479,15.83357,434.161905,0,0.482436,0,0.004481488386,web,0
case_004480,38.561017,1974.833279,0,0.679683,0,0.001144096721,in_store,0
case_004481,68.796993,518.357798,4,0.836162,0,0.004408452746,in_store,0
case_004482,162.082491,151.279188,1,0.642133,0,0.011248229096,in_store,0
case_004483,24.997347,3612.436706,1,0.467266,0,0.005217497294,web,0
case_004484,83.833241,230.920606,3,0.417743,0,0.070071159105,web,0
case_004485,18.807894,49.446338,0,0.744101,1,0.007358808928,web,0
case_004486,24.505883,525.55292,2,0.62321,0,0.003938791691,in_store,0
case_004487,10.73691,105.454485,3,0.737877,0,0.002745644559,in_store,0
case_004488,8.268172,1174.123998,1,0.520545,0,0.002073812854,in_store,0
case_004489,72.331675,925.873806,3,0.526764,0,0.017709945005,in_store,0
case_004490,179.817834,488.088894,1,0.303974,1,0.22514033649,in_store,1
case_004491,35.578177,791.417738,1,0.645883,0,0.002592953913,in_store,0
case_004492,6.363167,574.310833,2,0.685149,0,0.001165480766,in_store,0
case_004493,217.794261,145.034524,1,0.77969,0,0.005865820561,in_store,0
case_004494,35.018544,260.544989,2,0.775288,0,0.002340617297,in_store,0
case_004495,106.842809,335.103371,1,0.725026,0,0.004094308403,in_store,0
case_004496,142.496955,220.259894,5,0.84252,0,0.016312837932,web,0
case_004497,179.730576,160.113538,1,0.358576,0,0.065763652582,in_store,0
case_004498,37.252248,509.055016,5,0.608439,0,0.023218465009,web,0
case_004499,15.029407,58.658702,2,0.725749,0,0.003719078741,web,0
case_004500,25.584046,42.469938,3,0.578112,0,0.016241597764,in_store,0
case_004501,17.592192,2352.813161,1,0.786628,0,0.000649007233,web,0
case_004502,19.241312,2197.033947,1,0.768131,0,0.000611736882,in_store,0
case_004503,36.835723,3202.551321,4,0.882598,0,0.002500603461,mobile,0
case_004504,25.317024,852.01428,2,0.784116,0,0.001280847876,in_store,0
case_004505,80.451809,744.394566,5,0.322705,0,0.139090760722,in_store,0
case_004506,27.6036,133.954392,0,0.908098,0,0.00062469928,web,0
case_004507,43.696941,1050.60227,0,0.360932,0,0.013836434456,web,0
case_004508,81.21443,784.516778,3,0.680091,0,0.007756249318,in_store,0
case_004509,26.434563,50.540377,1,0.530439,0,0.009749303571,in_store,0
case_004510,357.464314,886.325282,2,0.773231,0,0.009425411023,web,0
case_004511,80.083965,471.763539,2,0.712268,0,0.006328492325,web,0
case_004512,9.4127,318.817159,0,0.637706,0,0.00106241693,in_store,0
case_004513,11.446129,1237.112029,3,0.581733,0,0.003696777405,in_store,0
case_004514,16.566293,9.980415,2,0.53851,0,0.016029824333,in_store,0
case_004515,21.112988,163.724918,3,0.573155,0,0.019244831177,mobile,0
case_004516,30.352087,592.595538,1,0.920162,0,0.000460583361,in_store,0
case_004517,93.506125,794.916065,2,0.733909,0,0.005251578952,web,0
case_004518,48.741839,554.32038,2,0.738604,0,0.003737836766,web,1
case_004519,14.499673,122.302133,2,0.954656,0,0.00055012607,in_store,0
case_004520,66.540801,2005.033407,3,0.568313,0,0.010414270559,in_store,0
case_004521,39.3152,93.043044,1,0.692479,0,0.007327882113,mobile,0
case_004522,43.82921,308.572875,0,0.777189,0,0.001158431306,in_store,0
case_004523,31.590559,865.486781,1,0.668376,0,0.002614582493,web,0
case_004524,54.901809,1127.389843,1,0.463865,0,0.012222881788,web,0
case_004525,29.573444,379.335219,1,0.76617,0,0.002581962367,mobile,0
case_004526,75.695417,40.118444,3,0.810697,0,0.007747977991,in_store,0
case_004527,35.097342,493.98027,0,0.825892,0,0.001239724356,mobile,0
case_004528,49.799477,1396.630679,0,0.800278,0,0.000701067479,in_store,0
case_004529,218.322679,434.025997,1,0.739338,0,0.007052223415,web,0
case_004530,32.874648,861.065596,1,0.825192,0,0.000786193741,in_store,0
case_004531,34.676871,825.543923,6,0.805835,0,0.006585437909,in_store,0
case_004532,13.101267,320.704887,2,0.607215,0,0.006532095885,mobile,0
case_004533,48.799509,337.731396,1,0.681946,0,0.003238795343,in_store,0
case_004534,8.280434,548.241896,0,0.95077,0,0.000228133561,mobile,0
case_004535,32.123886,935.412403,1,0.52158,0,0.005023253087,in_store,0
case_004536,22.767943,559.89073,2,0.654967,0,0.00303134184,in_store,0
case_004537,54.216395,1685.223101,1,0.498305,0,0.012963392094,mobile,0
case_004538,126.926113,710.356748,1,0.44969,0,0.020215572918,in_store,0
case_004539,32.988724,654.274347,4,0.424692,0,0.032810534164,in_store,0
case_004540,73.771949,181.064513,3,0.761624,0,0.008608821824,web,0
case_004541,13.360304,115.825498,2,0.899792,0,0.000961739303,web,0
case_004542,11.096256,2451.168391,0,0.835095,0,0.000360905753,mobile,0
case_004543,39.501009,340.037708,5,0.499038,0,0.052102919984,web,0
case_004544,10.6624,662.747675,0,0.727483,0,0.000677422222,web,0
case_004545,35.863194,518.258563,2,0.863595,1,0.005812736171,web,0
case_004546,142.170581,3843.254185,1,0.652572,0,0.00380435779,in_store,0
case_004547,9.039473,211.270664,3,0.820037,0,0.001215575547,in_store,0
case_004548,3.544612,34.23408,2,0.590095,0,0.003475881665,in_store,0
case_004549,19.234776,1773.09012,5,0.825249,0,0.004185779751,mobile,0
case_004550,13.558429,432.716346,3,0.898526,0,0.001473400743,mobile,0
case_004551,23.981979,1402.768206,2,0.716545,0,0.001632899245,in_store,0
case_004552,35.575063,766.139423,1,0.910516,0,0.000501745698,in_store,0
case_004553,54.434216,12.35363,2,0.82674,0,0.006836207064,web,0
case_004554,12.888108,1669.116711,1,0.576306,0,0.001718765125,in_store,0
case_004555,6.455976,50.962772,1,0.747862,0,0.001080932433,in_store,0
case_004556,22.253929,902.226786,1,0.765178,1,0.00682332659,mobile,0
case_004557,31.42435,83.122125,2,0.672357,0,0.007397704043,web,0
case_004558,30.643913,1999.833443,1,0.369909,0,0.012845176338,web,0
case_004559,53.013896,294.713348,0,0.657402,0,0.005344386128,mobile,0
case_004560,23.989133,170.15403,1,0.478665,0,0.008942860183,in_store,0
case_004561,4.122084,193.691003,1,0.612381,0,0.002569687652,mobile,0
case_004562,17.104098,55.004395,2,0.770654,0,0.002414958038,in_store,0
case_004563,7.806048,87.932449,2,0.690999,0,0.002789367134,web,0
case_004564,51.265561,559.398869,1,0.805222,0,0.001717425289,web,0
case_004565,15.009732,781.241111,2,0.674465,1,0.007604071481,in_store,0
case_004566,9.664383,234.304991,3,0.67689,0,0.003843777124,web,0
case_004567,24.98079,19.369456,1,0.727413,0,0.003624257774,in_store,0
case_004568,36.16502,1483.054684,3,0.682244,0,0.007271041799,mobile,0
case_004569,15.662355,1694.889421,3,0.674763,0,0.004363260171,mobile,0
case_004570,163.572959,1074.178763,2,0.945015,1,0.011090169652,mobile,0
case_004571,133.310472,605.944408,3,0.468642,0,0.041659987598,in_store,0
case_004572,27.811214,1198.574146,1,0.545208,0,0.003687092495,in_store,0
case_004573,16.267491,352.128194,1,0.59799,0,0.003487089103,web,0
case_004574,13.770529,3.480362,4,0.72639,0,0.012655822843,in_store,0
case_004575,83.57006,94.758603,1,0.903792,0,0.002122275079,web,0
case_004576,51.855086,1814.852082,5,0.601421,0,0.016212403882,in_store,0
case_004577,72.780904,1305.760938,0,0.82081,0,0.001534009218,mobile,0
case_004578,29.277519,244.66439,2,0.944849,0,0.000739095741,in_store,0
case_004579,27.780907,599.948348,2,0.897275,0,0.000741669183,in_store,0
case_004580,54.475022,2217.195909,4,0.422354,0,0.059734815723,mobile,0
case_004581,5.705499,1058.880763,4,0.733842,0,0.001905510242,web,0
case_004582,39.659051,224.676324,0,0.863906,0,0.001327964794,mobile,0
case_004583,127.43776,1015.031445,1,0.752507,1,0.021355448742,mobile,0
case_004584,49.795937,170.177466,0,0.738683,0,0.003630191773,mobile,0
case_004585,76.030352,84.594066,0,0.736763,0,0.00307910419,in_store,0
case_004586,17.108808,247.034562,0,0.955435,0,0.00022523873,in_store,0
case_004587,18.016278,1224.673477,3,0.855561,0,0.00088455128,in_store,0
case_004588,10.575032,464.870342,0,0.828085,0,0.000310522669,in_store,0
case_004589,119.824282,1252.365303,4,0.776607,0,0.007048510556,in_store,0
case_004590,39.396664,909.599651,3,0.516433,0,0.024516486778,mobile,0
case_004591,38.278081,1465.611925,0,0.60857,0,0.001935836267,in_store,0
case_004592,42.066716,54.6182,1,0.298745,0,0.065880147235,web,0
case_004593,17.013461,1115.21088,2,0.58202,0,0.003266698594,in_store,0
case_004594,5.863684,782.170841,3,0.798485,0,0.000953358312,web,0
case_004595,149.67769,1422.376898,1,0.738981,0,0.003931271836,web,0
case_004596,43.940716,588.817459,2,0.666743,0,0.005378663263,web,0
case_004597,14.551258,764.210564,4,0.815354,0,0.00169437674,in_store,0
case_004598,79.356474,587.917727,2,0.69167,0,0.006709234315,web,0
case_004599,174.342067,894.418063,2,0.744226,0,0.00553533872,in_store,0
case_004600,18.429257,510.219054,2,0.836505,0,0.000880366931,in_store,0
case_004601,29.622534,2154.638944,2,0.966263,0,0.000345809123,in_store,0
case_004602,56.196884,793.460653,3,0.505616,0,0.022974153541,web,0
case_004603,7.996823,305.072634,2,0.800759,0,0.000995072243,web,0
case_004604,33.248069,559.54701,0,0.510339,0,0.005541791746,web,0
case_004605,11.981565,96.741763,1,0.704678,0,0.002165813478,web,0
case_004606,8.896153,503.415103,6,0.95797,0,0.001283833288,in_store,0
case_004607,7.797341,292.405516,1,0.629187,0,0.0019568155,web,0
case_004608,110.722749,102.575607,3,0.950802,0,0.003162767926,in_store,0
case_004609,21.401964,621.206661,2,0.694422,0,0.002840187665,web,0
case_004610,56.050853,32.46061,3,0.832029,0,0.005951781817,in_store,0
case_004611,9.293182,184.254787,3,0.859112,0,0.001292850141,web,0
case_004612,12.655183,124.38476,2,0.50957,0,0.01035098722,web,0
case_004613,6.830896,490.533566,0,0.49601,1,0.00760652222,in_store,0
case_004614,51.043094,644.993563,3,0.543632,0,0.018185318769,web,0
case_004615,6.982837,1407.540282,0,0.679086,0,0.000858116439,mobile,0
case_004616,31.890552,286.836798,2,0.779477,0,0.002090692068,in_store,0
case_004617,160.980782,615.595133,1,0.669536,0,0.008083621032,web,0
case_004618,68.294657,836.890154,1,0.619988,0,0.004534490834,in_store,0
case_004619,65.182695,216.078028,2,0.769683,0,0.007245051727,mobile,0
case_004620,13.73037,258.256982,1,0.583888,0,0.003757563284,web,0
case_004621,14.805194,352.47508,2,0.446977,1,0.048507795282,web,0
case_004622,20.002166,780.057525,1,0.682989,0,0.001441399577,in_store,0
case_004623,43.547286,1687.257416,1,0.827903,0,0.001453284472,mobile,0
case_004624,15.712262,169.131025,3,0.84288,0,0.00156501645,in_store,0
case_004625,118.340978,1778.102264,6,0.841791,0,0.011777157211,web,0
case_004626,78.667837,107.88293,3,0.355592,0,0.093854837035,in_store,0
case_004627,17.294974,545.157646,4,0.302943,0,0.061676376488,web,1
case_004628,77.171915,94.964004,0,0.672031,0,0.004499636234,in_store,0
case_004629,61.155721,478.849868,1,0.828131,1,0.007030219124,web,0
case_004630,25.354934,1287.863973,1,0.571935,1,0.011599511452,in_store,0
case_004631,68.65952,2069.326336,3,0.715078,0,0.004233381245,in_store,0
case_004632,103.688299,984.126671,1,0.950061,0,0.000721493016,in_store,0
case_004633,72.910802,1496.55413,0,0.926504,0,0.000398449907,in_store,0
case_004634,35.570993,298.941749,3,0.8537,0,0.002645417317,web,0
case_004635,3.092681,36.7586,0,0.315924,0,0.015234491673,mobile,0
case_004636,18.402823,542.888386,0,0.781966,0,0.000553835691,in_store,0
case_004637,262.900079,505.704865,0,0.639855,0,0.007445728637,in_store,0
case_004638,61.090159,2293.974478,3,0.87707,0,0.001388998989,in_store,0
case_004639,7.598819,1176.337008,0,0.835032,0,0.000240160348,web,0
case_004640,22.413285,779.538268,1,0.573192,0,0.003068077012,in_store,0
case_004641,56.198368,137.355003,3,0.927112,0,0.004174022332,mobile,0
case_004642,53.233362,518.672465,2,0.847373,0,0.001594232342,in_store,0
case_004643,19.123641,102.192884,0,0.725839,0,0.001677467385,web,0
case_004644,69.490913,214.377528,1,0.547398,0,0.010660873987,in_store,0
case_004645,83.020436,253.821483,0,0.967306,0,0.000722072672,web,0
case_004646,49.364114,542.836,3,0.760374,0,0.007285711037,mobile,0
case_004647,10.02769,713.316412,1,0.830571,0,0.000387359283,in_store,0
case_004648,16.71897,1400.755968,4,0.861704,0,0.001486027017,web,0
case_004649,141.44361,41.46598,1,0.874931,0,0.003516692478,in_store,0
case_004650,11.978554,107.398599,0,0.694933,0,0.001175279395,in_store,0
case_004651,53.879744,1791.834249,2,0.562534,0,0.006606951436,in_store,0
case_004652,33.405844,601.703252,2,0.975023,0,0.000980362891,mobile,0
case_004653,20.478232,1758.629573,2,0.90077,1,0.00177655832,in_store,0
case_004654,10.342289,1250.012297,4,0.779446,0,0.001496944695,in_store,0
case_004655,12.656832,669.55357,2,0.449737,0,0.007208399617,in_store,0
case_004656,75.639666,1013.694434,2,0.725931,0,0.004491199507,web,0
case_004657,17.65012,493.378097,0,0.94288,0,0.000260751216,web,0
case_004658,19.073444,48.865179,4,0.464787,0,0.070745648355,mobile,0
case_004659,94.415329,391.555875,1,0.788604,0,0.003121590717,web,0
case_004660,27.332835,239.22501,0,0.749924,0,0.001409099959,web,0
case_004661,6.791616,373.665544,0,0.610565,0,0.001905375504,mobile,0
case_004662,4.004219,323.014308,1,0.847524,0,0.000262567716,in_store,0
case_004663,15.494386,126.989106,1,0.394438,0,0.023735613477,mobile,0
case_004664,32.660351,1088.002663,1,0.548239,0,0.004115589956,in_store,0
case_004665,57.010587,1765.584661,1,0.654004,0,0.005030519821,mobile,0
case_004666,6.908875,36.763464,2,0.944468,0,0.00053465584,in_store,0
case_004667,93.353447,3128.905148,2,0.656944,0,0.005689941842,web,0
case_004668,21.124084,1108.351666,1,0.86523,0,0.000553764435,web,0
case_004669,111.501779,554.875574,0,0.713731,0,0.003383111337,web,0
case_004670,5.708795,76.085838,1,0.8943,0,0.000462798631,web,0
case_004671,35.060416,237.072561,0,0.581907,0,0.004707404334,web,0
case_004672,32.916662,978.876754,2,0.769241,0,0.0015914332,in_store,0
case_004673,95.083705,184.657967,0,0.840682,0,0.001483743497,in_store,0
case_004674,9.387073,404.434134,1,0.707649,0,0.001215700832,web,0
case_004675,251.544094,54.248068,3,0.66347,0,0.047702519296,web,0
case_004676,59.388627,293.636763,1,0.786673,0,0.003804120609,mobile,0
case_004677,80.147762,1.628127,1,0.845685,0,0.00657345766,in_store,0
case_004678,40.877445,1265.390478,3,0.701454,0,0.003823473468,in_store,0
case_004679,39.899632,108.624877,4,0.479151,0,0.055608581599,web,0
case_004680,27.187067,12.97613,1,0.337034,0,0.046808028109,in_store,0
case_004681,43.313457,2507.801751,2,0.847782,0,0.001131798397,web,0
case_004682,3.487251,32.683447,3,0.569328,0,0.005876475331,in_store,0
case_004683,15.303057,242.461102,2,0.933734,0,0.000682116657,web,0
case_004684,4.634168,39.253521,0,0.898228,0,0.000256242777,in_store,0
case_004685,52.96053,273.025811,1,0.851069,0,0.001263832155,in_store,0
case_004686,132.117936,983.21593,2,0.784988,0,0.006676450225,mobile,0
case_004687,19.707414,138.108443,3,0.633269,1,0.027917625294,in_store,0
case_004688,14.074305,2830.345479,0,0.740578,0,0.000376328402,in_store,0
case_004689,15.017249,65.160589,2,0.962258,0,0.001230139644,mobile,0
case_004690,115.854145,597.850251,0,0.905806,0,0.000797612584,in_store,0
case_004691,41.82672,3689.892645,0,0.444484,0,0.004352246435,in_store,0
case_004692,41.870486,80.934904,2,0.387142,0,0.040026833214,in_store,0
case_004693,158.52816,952.785172,0,0.814937,0,0.001503339121,in_store,0
case_004694,26.218095,382.184063,0,0.781409,0,0.000984434161,web,0
case_004695,90.106176,3360.514173,3,0.949726,0,0.001012860332,in_store,0
case_004696,64.888338,205.245916,3,0.877766,0,0.003718183257,web,0
case_004697,97.625202,260.935859,0,0.880787,0,0.00106280784,in_store,0
case_004698,4.431734,502.60928,3,0.619677,0,0.004234176623,mobile,0
case_004699,14.419605,92.879843,1,0.654215,0,0.004997693674,mobile,0
case_004700,19.178665,497.516283,2,0.417322,0,0.015790072925,web,0
case_004701,6.60761,1026.951123,1,0.904653,0,0.000221189774,web,0
case_004702,62.660417,64.071537,4,0.80434,0,0.009240099409,in_store,0
case_004703,41.152334,754.825959,2,0.566073,0,0.007000816159,in_store,0
case_004704,18.930403,94.944765,1,0.610491,0,0.007690558997,mobile,0
case_004705,28.204692,86.641355,2,0.806132,0,0.004428820602,mobile,0
case_004706,10.911087,1802.403733,2,0.849719,0,0.000782202822,mobile,0
case_004707,6.543408,119.048481,2,0.802054,0,0.000900783801,in_store,0
case_004708,19.936316,691.23679,2,0.666584,0,0.002442859613,in_store,0
case_004709,33.652911,576.755617,0,0.846676,0,0.000529437016,in_store,0
case_004710,19.020005,625.588132,0,0.810459,0,0.000453935728,in_store,0
case_004711,16.238395,676.797173,2,0.768169,0,0.0011495649,in_store,0
case_004712,23.80252,1074.33731,2,0.670102,0,0.004485328155,mobile,0
case_004713,40.712732,632.329672,2,0.71192,0,0.003790370575,web,0
case_004714,78.047489,1205.522581,1,0.595014,0,0.00665202837,web,0
case_004715,13.554854,217.572522,0,0.733883,0,0.000809284134,in_store,0
case_004716,11.305743,1866.746142,2,0.833135,0,0.000877108688,mobile,0
case_004717,6.578055,447.09533,1,0.95869,0,0.00015617854,in_store,0
case_004718,16.790872,3927.471903,2,0.629501,0,0.002144833278,web,0
case_004719,94.246183,360.529538,2,0.795862,0,0.00451452557,web,0
case_004720,42.796916,1319.552078,1,0.374093,1,0.052872260398,in_store,0
case_004721,17.100445,501.339471,0,0.845687,0,0.000363876617,in_store,0
case_004722,7.693178,203.88946,2,0.634745,0,0.002401226877,in_store,0
case_004723,91.644652,2390.649438,3,0.852082,0,0.002079549951,in_store,0
case_004724,36.605556,1183.372707,2,0.750026,0,0.001815445937,in_store,0
case_004725,14.939261,735.646416,2,0.826712,0,0.001416241255,mobile,0
case_004726,13.012985,46.220254,0,0.887198,0,0.000473676798,in_store,0
case_004727,7.197404,1107.594528,0,0.374974,0,0.004184698477,web,0
case_004728,149.820888,286.873773,1,0.656353,0,0.008149263341,in_store,0
case_004729,9.522405,574.871636,1,0.816271,1,0.001771689493,in_store,0
case_004730,45.511427,517.308699,0,0.845755,0,0.000665410626,in_store,0
case_004731,59.02838,1970.083024,3,0.569805,0,0.012310045605,web,0
case_004732,7.420778,2892.815091,3,0.771842,0,0.000878554624,web,0
case_004733,147.18062,164.706621,1,0.734094,0,0.007480698347,web,0
case_004734,20.69362,1305.137171,0,0.464461,0,0.006389623986,mobile,0
case_004735,6.09915,73.596783,0,0.840682,0,0.000682432644,mobile,0
case_004736,36.265864,250.537575,2,0.740763,0,0.003001288426,in_store,0
case_004737,59.06263,2331.780302,1,0.73592,0,0.001489750989,in_store,0
case_004738,60.653732,804.835631,0,0.615425,0,0.002957656862,in_store,0
case_004739,10.653484,675.706222,2,0.42778,0,0.007437012607,in_store,0
case_004740,7.473907,491.716032,0,0.929253,0,0.00013256679,in_store,0
case_004741,48.658347,454.49144,2,0.395405,0,0.025735702442,in_store,0
case_004742,29.069286,1745.913463,2,0.222346,0,0.036603173127,in_store,0
case_004743,14.464163,128.680195,1,0.834839,0,0.001478847874,mobile,0
case_004744,13.861039,599.343119,1,0.632362,0,0.001705222173,in_store,0
case_004745,13.542667,142.961627,1,0.751072,0,0.001214901717,in_store,0
case_004746,32.326732,468.895799,0,0.466943,0,0.011151849581,mobile,0
case_004747,18.851512,799.513642,1,0.7961,0,0.001303443713,mobile,0
case_004748,40.35125,100.434356,1,0.925568,0,0.001707370259,mobile,0
case_004749,21.690763,312.578364,1,0.721305,0,0.002977383821,mobile,0
case_004750,68.949756,650.865205,0,0.762321,0,0.001365870491,in_store,0
case_004751,120.309793,1573.696723,2,0.745388,0,0.00367535137,in_store,0
case_004752,12.521083,52.597556,3,0.670004,0,0.007184248234,web,0
case_004753,136.227489,1,2,0.866893,0,0.01651783692,web,0
case_004754,32.737025,1150.511036,4,0.403856,0,0.031594015261,in_store,0
case_004755,83.74155,111.322443,2,0.763425,0,0.007187456401,web,0
case_004756,32.962389,173.145172,1,0.729869,0,0.002274835964,in_store,0
case_004757,67.240046,152.58691,0,0.881182,0,0.00097515813,in_store,0
case_004758,8.577489,1150.753317,2,0.750958,0,0.000748782046,in_store,0
case_004759,50.241777,973.937406,0,0.545541,0,0.003836239791,in_store,0
case_004760,36.413546,20.922098,1,0.67021,0,0.012208472992,mobile,0
case_004761,21.263993,364.886875,3,0.629679,0,0.005693652762,in_store,0
case_004762,10.601611,479.554966,2,0.675467,0,0.001752556062,in_store,0
case_004763,6.361402,275.92762,1,0.677385,0,0.001022289447,in_store,0
case_004764,55.432259,1456.135726,1,0.787171,0,0.001191626325,in_store,0
case_004765,92.590113,257.679276,0,0.632316,0,0.004853228849,in_store,0
case_004766,97.809685,1048.899086,1,0.515536,0,0.019382304741,mobile,0
case_004767,232.223404,984.025351,3,0.859932,0,0.005977498634,web,0
case_004768,50.683067,1147.575811,1,0.849198,0,0.001051323635,web,0
case_004769,2.486686,398.082468,0,0.630903,0,0.000510628812,in_store,0
case_004770,1.508704,302.884768,0,0.511514,0,0.001207905328,web,0
case_004771,148.148812,144.007134,0,0.674272,0,0.007662384055,web,0
case_004772,8.15599,836.733436,0,0.603702,0,0.001171754059,web,0
case_004773,4.569374,1036.997824,1,0.739162,0,0.000506487797,web,0
case_004774,206.880678,251.419318,1,0.510905,0,0.025439177523,in_store,0
case_004775,13.136517,1032.456165,2,0.932378,0,0.000411411487,web,0
case_004776,46.758585,713.90404,0,0.678663,0,0.002245216408,web,0
case_004777,69.764864,262.645175,0,0.472807,0,0.013876658792,web,0
case_004778,38.906094,100.530811,0,0.689767,0,0.002564066354,in_store,0
case_004779,123.658512,568.41386,0,0.513644,0,0.012427320038,web,0
case_004780,33.25482,690.063138,0,0.695361,0,0.001646934597,web,0
case_004781,52.298163,1302.804043,2,0.687919,0,0.004182008263,web,0
case_004782,17.988753,947.898328,1,0.72166,0,0.001286333353,web,0
case_004783,10.751146,106.711181,4,0.76626,0,0.004354583181,web,0
case_004784,112.630143,516.986225,3,0.857637,0,0.003578120507,in_store,0
case_004785,83.882738,41.380354,2,0.715997,0,0.012787494013,web,0
case_004786,50.826231,514.894437,0,0.397857,0,0.022023253223,mobile,0
case_004787,16.429876,64.040129,2,0.765352,0,0.002991998031,web,0
case_004788,18.751343,596.02057,0,0.760402,0,0.001194385646,mobile,0
case_004789,10.190869,806.229714,3,0.846886,1,0.0030240048,in_store,0
case_004790,15.645766,635.183459,3,0.679675,0,0.002942526335,in_store,0
case_004791,34.114316,177.456591,3,0.636579,0,0.011541006134,web,0
case_004792,33.853826,256.088293,0,0.771904,0,0.001377763112,web,0
case_004793,30.889209,734.566663,2,0.905465,0,0.000710135571,in_store,0
case_004794,45.527408,10.726461,0,0.859762,0,0.002360043589,web,0
case_004795,111.686292,415.040301,2,0.880165,1,0.008973266136,in_store,0
case_004796,22.046656,332.428801,1,0.799897,0,0.001213879409,web,0
case_004797,203.816768,227.490269,3,0.924728,0,0.005613328306,web,0
case_004798,20.530264,155.067012,2,0.331908,0,0.056372256223,mobile,0
case_004799,89.728699,12.064431,0,0.534645,0,0.026284081913,web,0
case_004800,74.632179,169.906086,1,0.583385,0,0.009544923275,in_store,0
case_004801,9.685372,189.764737,2,0.443211,0,0.009218083423,in_store,1
case_004802,50.607202,26.764187,1,0.914021,0,0.001614667739,in_store,0
case_004803,158.001711,1377.745955,2,0.884084,0,0.002461188537,web,0
case_004804,24.873652,6.577943,2,0.824341,0,0.007437868088,mobile,0
case_004805,15.371615,19.561982,0,0.818797,0,0.001313951824,web,0
case_004806,92.1561,326.585443,2,0.539127,0,0.033021997,mobile,0
case_004807,23.116253,36.483673,0,0.564152,1,0.040495043159,mobile,0
case_004808,6.66822,386.028291,3,0.606069,1,0.013069174096,in_store,0
case_004809,14.262244,176.311518,1,0.893509,0,0.000484702694,in_store,0
case_004810,7.123304,716.427798,1,0.447113,0,0.003473490456,in_store,0
case_004811,34.540226,362.908634,2,0.873626,0,0.001141079522,in_store,0
case_004812,36.95925,303.35773,1,0.636582,0,0.003717262471,in_store,0
case_004813,193.491744,58.375101,1,0.620771,0,0.035450271183,mobile,0
case_004814,161.100452,28.030171,2,0.671997,0,0.028180243293,web,0
case_004815,131.755827,411.101248,0,0.921676,0,0.001123326137,web,0
case_004816,5.324517,1153.418327,1,0.852717,0,0.000204328435,in_store,0
case_004817,20.655218,1700.552788,0,0.76061,1,0.001973669574,in_store,0
case_004818,47.746245,1316.421671,0,0.787515,0,0.000965386525,web,0
case_004819,8.50595,92.953936,0,0.782798,0,0.000578256775,in_store,0
case_004820,35.485654,786.025253,1,0.95075,0,0.000496500235,web,0
case_004821,23.042406,155.717218,0,0.54888,0,0.003914983117,in_store,0
case_004822,25.067568,935.892981,3,0.655582,0,0.005239340902,web,0
case_004823,12.807294,130.097115,7,0.832661,0,0.007606663131,in_store,0
case_004824,32.907565,786.228308,2,0.612883,0,0.004493530956,in_store,0
case_004825,44.218372,433.387205,3,0.294345,0,0.065597880812,in_store,0
case_004826,43.466235,1811.650039,2,0.561351,0,0.011034986896,mobile,0
case_004827,78.030218,159.614068,2,0.643391,0,0.010174374734,in_store,0
case_004828,15.49503,659.113249,1,0.760857,0,0.000795837677,in_store,0
case_004829,74.326508,938.577082,0,0.560879,0,0.005800032407,web,0
case_004830,19.726333,603.321208,2,0.47342,0,0.008394057582,in_store,0
case_004831,103.291898,89.641128,4,0.563229,0,0.06334131054,web,0
case_004832,8.616797,427.361521,2,0.728579,0,0.001151768917,in_store,0
case_004833,154.990777,1008.447975,6,0.642779,0,0.079691095179,mobile,0
case_004834,6.409853,750.90424,2,0.67009,0,0.002275428246,mobile,0
case_004835,95.66664,512.069422,1,0.464479,0,0.021665733681,web,0
case_004836,27.210177,1971.449248,1,0.969395,0,0.000222771598,in_store,0
case_004837,26.220041,630.368857,1,0.696672,0,0.001666105029,in_store,0
case_004838,31.706825,694.487572,1,0.745375,0,0.001346572826,in_store,0
case_004839,5.376865,229.580988,0,0.785765,0,0.000645508085,mobile,0
case_004840,90.385584,397.556252,4,0.309888,0,0.164075914759,web,0
case_004841,102.712369,192.371261,1,0.643495,0,0.007778087046,in_store,0
case_004842,63.697152,23.842385,2,0.628429,0,0.021460730841,web,0
case_004843,32.040009,730.127538,2,0.789978,0,0.001921469698,web,0
case_004844,19.487352,2520.813668,1,0.659782,0,0.001165261073,in_store,0
case_004845,64.179386,191.608424,1,0.75965,0,0.005349633668,mobile,0
case_004846,17.653999,430.248673,2,0.370407,0,0.016334101172,in_store,0
case_004847,225.494515,254.15035,0,0.833262,0,0.00472250956,mobile,0
case_004848,45.263334,769.905012,4,0.505649,0,0.023279850977,in_store,0
case_004849,398.127959,344.385348,2,0.67993,0,0.023506304336,web,0
case_004850,6.694604,142.254365,2,0.917066,0,0.000542478831,web,0
case_004851,18.156284,255.207389,0,0.70529,0,0.001104094229,in_store,0
case_004852,10.787152,1612.803607,4,0.529947,0,0.006741393638,in_store,0
case_004853,3.833949,60.09117,3,0.833471,0,0.000999682278,in_store,0
case_004854,103.770668,4000,1,0.789393,0,0.001308505902,in_store,0
case_004855,114.923144,97.539742,0,0.813711,0,0.002384537356,in_store,0
case_004856,165.619005,676.195303,0,0.844838,0,0.001417719353,in_store,0
case_004857,5.410443,580.63225,2,0.546497,0,0.004820083162,mobile,0
case_004858,38.922534,100.716798,0,0.862182,0,0.000874086745,in_store,0
case_004859,25.977973,1789.416495,3,0.599283,0,0.004912663283,in_store,0
case_004860,179.575765,1247.497839,2,0.782149,0,0.004046268924,in_store,0
case_004861,122.893666,200.45069,4,0.540548,0,0.051027651014,in_store,0
case_004862,61.076405,244.246922,0,0.749141,0,0.002341285797,web,0
case_004863,49.973293,3535.238498,4,0.612994,0,0.008253890798,in_store,0
case_004864,17.759679,788.242351,2,0.803439,0,0.000932147938,in_store,0
case_004865,13.226638,326.571538,3,0.739797,0,0.002216127392,in_store,0
case_004866,92.451431,60.002698,0,0.467796,0,0.025967598829,web,0
case_004867,33.7691,424.347903,1,0.99062,0,0.000448808435,web,0
case_004868,27.744255,2191.591118,3,0.676874,0,0.003819372179,web,0
case_004869,20.534979,1272.367308,0,0.838263,0,0.000325347687,in_store,0
case_004870,36.970679,63.913023,1,0.774576,0,0.003164337376,web,0
case_004871,60.251105,4000,0,0.69211,0,0.001469571765,web,0
case_004872,66.692406,454.356148,1,0.791139,0,0.001835621413,in_store,0
case_004873,46.065235,874.442646,2,0.583878,0,0.00826705025,web,0
case_004874,30.548797,365.375466,0,0.791912,0,0.000800843977,in_store,0
case_004875,57.710584,796.109187,1,0.807574,0,0.001647101804,web,0
case_004876,10.365012,846.278286,4,0.520198,0,0.010797614529,web,0
case_004877,6.347577,518.195352,1,0.963896,0,0.000141945412,in_store,0
case_004878,32.252231,677.880217,0,0.958703,0,0.000244218984,in_store,0
case_004879,6.519164,590.142337,3,0.708578,0,0.001499203795,in_store,0
case_004880,10.110142,791.617033,2,0.751831,0,0.001750183104,mobile,0
case_004881,41.311558,94.039741,2,0.485054,0,0.026828047687,web,0
case_004882,34.951702,223.709973,0,0.858663,0,0.001268391645,mobile,0
case_004883,23.530132,677.897852,3,0.473857,0,0.013306698554,in_store,0
case_004884,24.611366,231.829983,2,0.663999,0,0.004980818118,web,0
case_004885,106.233682,1385.563623,2,0.868537,0,0.002096969167,web,0
case_004886,5.95353,1383.194391,0,0.445995,0,0.002265398084,web,0
case_004887,8.822292,2705.428392,2,0.721994,0,0.000711041385,in_store,0
case_004888,40.551799,1345.608863,3,0.832678,0,0.001649056531,in_store,0
case_004889,190.015428,846.801018,0,0.698761,0,0.00360787798,in_store,0
case_004890,22.396816,947.966012,1,0.731907,0,0.001076412263,in_store,0
case_004891,12.806955,562.08225,1,0.548739,0,0.002790220965,in_store,0
case_004892,37.676857,220.463736,1,0.809854,0,0.00140111249,in_store,0
case_004893,17.107317,1164.231456,1,0.93435,0,0.000242376378,in_store,0
case_004894,40.809096,66.362796,5,0.82071,0,0.009305844929,in_store,0
case_004895,30.235311,1450.648176,3,0.733881,0,0.003185887709,web,0
case_004896,15.337263,323.405413,1,0.612345,0,0.002457462624,in_store,0
case_004897,13.303662,357.11931,2,0.382553,0,0.013488294374,in_store,0
case_004898,22.11651,848.552298,1,0.682541,0,0.002871446577,mobile,0
case_004899,44.142134,808.866622,2,0.612709,0,0.005368732229,in_store,0
case_004900,52.804995,126.16686,3,0.525341,0,0.025861881997,in_store,0
case_004901,82.060173,300.115645,2,0.848793,0,0.003133711704,web,0
case_004902,25.745971,976.530636,0,0.716988,0,0.000862900446,in_store,0
case_004903,51.325505,2558.617559,2,0.843918,0,0.001000268277,in_store,0
case_004904,11.346542,373.381219,1,0.600729,0,0.002113278563,in_store,0
case_004905,29.123665,807.986413,2,0.504305,0,0.010385899504,web,0
case_004906,17.983364,386.964062,1,0.718426,0,0.00253814188,mobile,0
case_004907,21.056531,1197.716505,0,0.893945,0,0.000237494033,in_store,0
case_004908,44.734915,1788.269202,5,0.644233,0,0.014586578175,web,0
case_004909,27.918393,1326.813357,1,0.313992,0,0.019240112874,web,0
case_004910,118.563658,273.760404,3,0.515794,0,0.067559259189,mobile,0
case_004911,131.98198,221.457117,0,0.827216,0,0.001890480543,in_store,0
case_004912,51.486852,164.655708,4,0.446713,0,0.055318333133,in_store,0
case_004913,458.333008,1969.487874,4,0.94453,1,0.026305659769,web,0
case_004914,6.829664,939.031649,2,0.893878,0,0.000546576146,mobile,0
case_004915,16.225909,248.205055,0,0.677514,0,0.001585958923,web,0
case_004916,21.472263,67.440684,1,0.410611,0,0.016557105947,in_store,0
case_004917,67.692483,920.598405,0,0.758832,0,0.001247243697,in_store,0
case_004918,40.254343,1751.209013,3,0.674134,0,0.005238505561,web,0
case_004919,16.624378,342.858262,0,0.837026,0,0.000541312809,web,0
case_004920,9.682772,508.503995,1,0.616365,0,0.00159531292,in_store,0
case_004921,14.568894,1971.031417,1,0.847347,0,0.000324583613,in_store,0
case_004922,131.446561,745.944959,5,0.847913,0,0.010560599665,web,0
case_004923,5.519532,236.393677,0,0.853315,0,0.000425797466,mobile,0
case_004924,21.18339,326.52974,4,0.710519,0,0.005245411429,in_store,0
case_004925,4.852436,1304.602026,0,0.872672,0,0.000111712388,in_store,0
case_004926,53.972384,821.969448,4,0.812138,1,0.015381028615,in_store,0
case_004927,352.106086,455.245743,2,0.965814,0,0.00266655632,in_store,0
case_004928,24.446262,1091.0621,1,0.879176,0,0.000558406809,web,0
case_004929,9.016794,1810.619411,3,0.636018,0,0.00391882571,mobile,0
case_004930,202.978134,1367.10607,0,0.65142,0,0.008392113266,mobile,0
case_004931,19.848749,3.827072,2,0.413724,0,0.060873029453,web,0
case_004932,39.036945,1023.163886,2,0.56027,0,0.00823967663,web,0
case_004933,121.668722,387.554033,2,0.66416,0,0.009199583571,in_store,0
case_004934,33.916362,476.073229,3,0.384018,0,0.040612766957,web,1
case_004935,30.860076,389.423131,1,0.843411,0,0.000849330078,in_store,0
case_004936,40.547274,1137.475344,0,0.454272,0,0.007242382925,web,0
case_004937,11.837051,875.620227,1,0.652879,0,0.001221855795,in_store,0
case_004938,121.173638,189.956746,4,0.86486,0,0.007079492787,in_store,0
case_004939,11.023285,2572.380113,3,0.604105,1,0.01309587523,web,0
case_004940,61.054529,1419.923647,3,0.722052,0,0.004195824781,in_store,0
case_004941,76.662621,1291.816828,3,0.606448,0,0.010215849691,in_store,0
case_004942,29.937445,464.557106,0,0.432119,0,0.008898490311,web,0
case_004943,166.483282,129.869689,2,0.686079,0,0.017182413391,web,0
case_004944,25.941701,729.058234,4,0.466518,0,0.021298233783,in_store,0
case_004945,207.152681,1063.935522,1,0.942443,0,0.001155762322,in_store,0
case_004946,57.867224,14.796105,1,0.69786,0,0.007955129103,in_store,0
case_004947,58.931579,184.613573,2,0.82572,0,0.002627179402,in_store,0
case_004948,6.58137,85.563779,1,0.50125,0,0.004383402346,in_store,0
case_004949,18.909541,865.662455,0,0.743609,0,0.000802089215,web,0
case_004950,19.944926,544.499037,3,0.96603,0,0.000598148872,in_store,0
case_004951,47.048508,393.892796,2,0.787124,0,0.002324725781,in_store,0
case_004952,40.89113,38.533104,2,0.676075,0,0.00827962082,in_store,0
case_004953,57.01452,685.197057,1,0.840966,0,0.002066473435,mobile,0
case_004954,24.248278,341.043069,0,0.750874,0,0.001748379242,mobile,0
case_004955,18.009054,457.980414,2,0.557603,0,0.006535632262,web,0
case_004956,8.106266,1880.021333,2,0.491289,0,0.004073183489,web,0
case_004957,45.659193,74.725201,0,0.63446,0,0.008319729025,mobile,0
case_004958,24.777948,519.636216,2,0.988498,0,0.000779722703,mobile,0
case_004959,26.455323,354.912203,1,0.86866,0,0.000676604714,in_store,0
case_004960,22.010672,277.865514,1,0.574447,0,0.004059799974,in_store,0
case_004961,5.931248,625.949529,1,0.853042,0,0.000332011628,web,0
case_004962,11.40234,253.385112,2,0.670164,0,0.002921079961,web,0
case_004963,2.853321,80.274075,4,0.749143,0,0.001989661049,in_store,0
case_004964,69.543622,239.028919,2,0.805955,0,0.005854353572,mobile,0
case_004965,80.585264,708.183085,2,0.853836,0,0.001823059591,in_store,0
case_004966,98.551935,520.990437,1,0.817568,0,0.002465634181,web,0
case_004967,30.822024,422.340626,1,0.902885,0,0.000571705088,in_store,0
case_004968,58.70525,167.256085,2,0.749117,0,0.008290926511,mobile,0
case_004969,13.857203,123.088305,0,0.743478,0,0.001743640139,mobile,0
case_004970,42.70566,916.005774,3,0.65697,0,0.005692972978,in_store,0
case_004971,22.496812,1635.130468,1,0.802409,0,0.000761250828,web,0
case_004972,30.921518,2340.957178,4,0.816394,0,0.00248732092,web,0
case_004973,163.927518,357.453365,3,0.738662,0,0.013570368739,web,0
case_004974,48.119043,937.27247,0,0.607608,0,0.002563894261,in_store,0
case_004975,19.629178,882.757992,4,0.925136,0,0.000983683838,in_store,0
case_004976,5.97705,2806.403988,0,0.632539,0,0.000449157518,in_store,0
case_004977,19.681869,7.470125,2,0.825487,0,0.003240084733,in_store,0
case_004978,41.081316,2581.726847,1,0.50002,0,0.006405150688,web,0
case_004979,17.91408,430.549371,1,0.813543,0,0.001356224341,mobile,0
case_004980,126.629449,7.699771,1,0.823258,0,0.007155284794,in_store,0
case_004981,109.784475,1587.927385,3,0.727818,0,0.005701128663,in_store,0
case_004982,66.389819,81.049189,1,0.583187,0,0.010966300581,in_store,0
case_004983,14.639187,120.359805,1,0.852351,0,0.000711225218,in_store,0
case_004984,371.906187,3630.193332,2,0.50257,0,0.026634343763,in_store,0
case_004985,96.637795,1160.966635,1,0.782197,0,0.003583634211,mobile,0
case_004986,31.334641,21.270369,1,0.598742,0,0.009048210456,in_store,0
case_004987,89.215285,342.849264,2,0.736513,0,0.006396110398,web,0
case_004988,24.175888,104.426947,2,0.60351,0,0.007039347462,in_store,0
case_004989,3.946986,615.223166,2,0.599871,0,0.001502657301,in_store,0
case_004990,17.017242,548.131666,1,0.551234,0,0.006279836056,mobile,0
case_004991,46.42217,1744.897259,1,0.536078,0,0.004831708939,in_store,0
case_004992,83.174451,655.866225,1,0.69531,0,0.006595027449,mobile,0
case_004993,49.418556,2251.685888,3,0.286409,0,0.046705134406,in_store,0
case_004994,31.608753,918.881437,3,0.772493,0,0.002291783865,in_store,0
case_004995,43.949259,99.100286,0,0.981756,0,0.000449450873,in_store,0
case_004996,11.70451,1102.432989,3,0.407641,0,0.014606483979,web,0
case_004997,37.603195,359.919349,2,0.791211,0,0.003859308841,mobile,0
case_004998,93.282102,12.490662,0,0.310908,0,0.099912782084,web,1
case_004999,166.748742,1085.250442,1,0.656434,0,0.005938540033,in_store,0
case_005000,60.59058,738.281221,2,0.708003,1,0.014937613817,in_store,0
case_005001,15.259086,184.288144,6,0.790184,0,0.006738658359,in_store,0
case_005002,53.449508,232.802757,3,0.833112,0,0.004184272814,web,0
case_005003,9.963569,447.684232,1,0.549654,0,0.002552299771,in_store,0
case_005004,36.302101,382.095657,1,0.91617,0,0.000771093757,web,0
case_005005,51.06144,231.752499,3,0.880602,0,0.002359648764,in_store,0
case_005006,45.293776,1816.442008,2,0.610169,0,0.004384469968,in_store,0
case_005007,325.562734,400.857168,2,0.334428,0,0.149070575503,web,0
case_005008,11.796241,373.935914,1,0.79906,0,0.001200104647,mobile,0
case_005009,55.319239,537.405773,0,0.692093,0,0.002495481976,web,0
case_005010,15.50159,1644.79686,2,0.607037,0,0.002358683652,in_store,0
case_005011,36.945632,913.444025,2,0.559319,0,0.006455199863,in_store,0
case_005012,140.882326,858.555081,1,0.60663,0,0.007770321529,in_store,0
case_005013,33.354831,861.879287,1,0.845825,0,0.000895168404,web,0
case_005014,24.461839,589.75438,1,0.719227,0,0.002703301854,mobile,0
case_005015,47.873709,316.515657,0,0.597991,0,0.004769266972,web,0
case_005016,200.737658,713.348669,2,0.592445,1,0.080514212278,web,0
case_005017,36.875514,325.799477,2,0.992538,0,0.001117995944,mobile,0
case_005018,69.071849,99.717739,3,0.829816,0,0.005006290711,in_store,0
case_005019,113.551409,1456.822987,2,0.69473,1,0.019829082809,in_store,0
case_005020,49.08143,1120.329202,3,0.642358,0,0.00642158587,in_store,0
case_005021,14.859366,491.390974,1,0.81787,0,0.000591830078,in_store,0
case_005022,70.411475,535.782855,1,0.743118,0,0.00244412777,in_store,0
case_005023,103.643476,423.583225,1,0.531588,0,0.01245870246,in_store,0
case_005024,181.950264,304.716405,2,0.959816,0,0.003882268786,mobile,0
case_005025,11.068166,1745.930183,0,0.723285,0,0.00079982304,mobile,0
case_005026,39.432458,405.608633,1,0.933623,0,0.000716076012,web,0
case_005027,5.405809,1704.851195,1,0.737682,0,0.000484362881,web,0
case_005028,69.502587,1213.991611,1,0.673011,0,0.003795869381,web,0
case_005029,20.057782,192.951767,0,0.685049,0,0.001854271907,web,0
case_005030,34.400303,102.699335,1,0.715112,0,0.002978992948,in_store,0
case_005031,93.694152,179.583423,2,0.921058,0,0.001966126971,in_store,0
case_005032,5.200328,19.267053,2,0.781344,0,0.001945068111,web,0
case_005033,5.754045,582.967717,4,0.8899,0,0.000859830038,web,0
case_005034,55.556762,79.832172,2,0.84647,0,0.005409809921,mobile,0
case_005035,81.892786,844.275669,2,0.734142,0,0.004734230668,web,0
case_005036,20.669732,137.556667,1,0.617624,0,0.003657074121,in_store,0
case_005037,18.366306,2690.272624,3,0.521204,0,0.007337709821,web,0
case_005038,31.934207,787.651407,1,0.626984,0,0.002729073508,in_store,0
case_005039,23.276956,113.080132,1,0.805086,0,0.001294257881,in_store,0
case_005040,4.36352,346.168769,0,0.833148,0,0.000198841188,in_store,0
case_005041,204.869761,514.560717,6,0.575811,0,0.090982780677,in_store,0
case_005042,29.077194,1518.149646,1,0.951931,0,0.000535285113,mobile,0
case_005043,15.452115,7.585049,2,0.841773,0,0.002514034787,in_store,0
case_005044,34.596566,202.924558,1,0.343485,0,0.024502774562,in_store,0
case_005045,63.000374,472.06712,1,0.486079,0,0.011664249456,in_store,0
case_005046,53.475447,388.865034,1,0.791967,0,0.002129763455,web,0
case_005047,25.420056,32.913801,3,0.776839,0,0.006512714607,web,0
case_005048,72.844498,665.75339,4,0.588998,0,0.019622493332,in_store,0
case_005049,45.642179,310.26815,3,0.75279,0,0.008541121727,mobile,0
case_005050,40.487568,328.591134,0,0.515508,0,0.010533020354,mobile,0
case_005051,44.034047,562.444311,3,0.905643,0,0.001420244391,in_store,0
case_005052,9.593148,212.444176,1,0.556441,0,0.002969849492,in_store,0
case_005053,18.583425,416.144953,0,0.872438,0,0.000342075696,in_store,0
case_005054,10.009463,252.472905,3,0.729795,0,0.004114566832,mobile,0
case_005055,18.754805,172.253469,2,0.715746,0,0.003324351353,web,0
case_005056,39.607714,46.515669,1,0.565533,0,0.01033855054,in_store,0
case_005057,206.298081,177.112256,1,0.769867,1,0.028907022631,web,0
case_005058,55.216299,250.411096,1,0.70035,0,0.006505330182,mobile,0
case_005059,24.961395,3945.111812,3,0.73783,0,0.002061206374,web,0
case_005060,16.66591,39.389174,3,0.828013,0,0.002705165956,in_store,0
case_005061,23.56704,239.143115,0,0.925131,0,0.000430109369,web,0
case_005062,276.942239,532.516748,1,0.901837,0,0.002196881988,in_store,0
case_005063,306.893607,287.278079,1,0.898708,0,0.002863352645,in_store,0
case_005064,50.054432,329.529548,1,0.491286,0,0.010832005747,in_store,0
case_005065,25.472689,1347.518268,1,0.737207,0,0.00101852839,in_store,0
case_005066,37.552712,113.455117,2,0.797657,0,0.002706017976,in_store,0
case_005067,11.627293,395.556857,1,0.462568,0,0.004986298856,in_store,0
case_005068,14.515859,839.77613,3,0.543367,0,0.006055993991,in_store,0
case_005069,142.541274,420.74048,0,0.941425,0,0.001547227782,mobile,0
case_005070,242.888465,1081.942741,4,0.37599,0,0.125117223194,in_store,1
case_005071,30.531275,633.518221,2,0.823234,0,0.001229845067,in_store,0
case_005072,580.266779,699.5777,1,0.762128,0,0.007804497923,in_store,0
case_005073,21.307213,390.887001,1,0.897564,0,0.000479901795,in_store,0
case_005074,46.248755,267.501976,4,0.55837,0,0.023094478899,in_store,0
case_005075,101.895886,2.73755,1,0.788059,0,0.009889648952,in_store,0
case_005076,56.185918,45.587632,3,0.791328,0,0.006973038134,in_store,0
case_005077,5.802818,1272.352781,2,0.684569,0,0.000881496586,in_store,0
case_005078,33.274322,941.871957,2,0.650521,0,0.004357554605,web,0
case_005079,243.280486,469.653528,3,0.822944,0,0.009593172384,web,0
case_005080,73.535071,61.029191,1,0.751342,0,0.005732908512,web,0
case_005081,18.574337,1143.069198,2,0.76292,0,0.001107544192,in_store,0
case_005082,19.620144,892.618976,1,0.754315,0,0.000877387081,in_store,0
case_005083,17.49751,264.250843,0,0.437477,0,0.007270323007,web,0
case_005084,47.803222,328.202424,2,0.521042,0,0.012924540842,in_store,0
case_005085,32.643625,2601.124963,1,0.772596,0,0.001011342747,web,0
case_005086,38.208117,74.16314,7,0.763355,0,0.026667325709,in_store,1
case_005087,18.802392,7.628913,3,0.917815,0,0.003345578984,web,0
case_005088,26.45973,905.786583,0,0.918528,0,0.000327091273,web,0
case_005089,22.856964,155.848906,0,0.570335,1,0.017491500862,web,0
case_005090,16.451155,606.446894,1,0.821855,0,0.000741804512,web,0
case_005091,35.742683,988.809058,0,0.777174,0,0.001389054687,mobile,0
case_005092,34.49851,558.123379,3,0.539008,0,0.01527054174,web,0
case_005093,144.880543,53.244474,0,0.778447,0,0.00410088074,in_store,0
case_005094,343.268142,1373.940452,4,0.738533,0,0.021746761327,web,0
case_005095,14.053861,620.958234,1,0.468632,0,0.009004588591,mobile,0
case_005096,88.20791,231.956289,4,0.958985,0,0.00579979195,mobile,0
case_005097,84.361256,709.744404,2,0.509456,0,0.030053185905,mobile,0
case_005098,71.575599,360.162338,2,0.736917,0,0.005464962127,web,0
case_005099,24.655595,438.13776,1,0.603953,0,0.003176848427,in_store,0
case_005100,31.327225,596.043673,3,0.669943,0,0.00933365705,mobile,0
case_005101,12.020923,1283.615539,3,0.571722,1,0.016056898401,in_store,0
case_005102,46.993599,339.21174,1,0.747991,0,0.002092352744,in_store,0
case_005103,6.132031,1409.560079,2,0.465009,0,0.003470833866,in_store,0
case_005104,67.346597,1319.658804,1,0.814133,0,0.001173530069,in_store,0
case_005105,20.240048,191.323576,0,0.84945,0,0.000669806386,web,0
case_005106,2.360733,1643.265293,1,0.718037,0,0.000364008357,web,0
case_005107,20.263563,1894.766074,2,0.920739,0,0.000720844116,mobile,0
case_005108,26.096815,162.372133,3,0.782517,0,0.004049639673,web,0
case_005109,64.893747,514.257393,1,0.573719,0,0.006738141511,in_store,0
case_005110,15.105928,696.581185,1,0.898773,0,0.000418291439,web,0
case_005111,15.131508,1176.844995,0,0.777232,0,0.000518582982,web,0
case_005112,17.727659,1649.77573,1,0.283478,0,0.016519920406,web,0
case_005113,22.575875,455.481995,3,0.47296,0,0.018697183853,web,0
case_005114,21.121775,1807.944883,1,0.6699,0,0.001266681329,in_store,0
case_005115,47.339761,213.776251,3,0.306089,0,0.077205035252,in_store,0
case_005116,91.371297,127.873815,1,0.859839,0,0.00211262999,in_store,0
case_005117,7.730154,71.766552,0,0.698571,0,0.000997461602,in_store,0
case_005118,14.432356,527.460302,1,0.771856,0,0.000974637382,web,0
case_005119,11.330041,2726.534286,1,0.204,0,0.017846698663,web,0
case_005120,5.681267,467.422437,1,0.502969,0,0.002445875829,in_store,0
case_005121,9.011727,499.077276,4,0.920884,1,0.003016964617,in_store,0
case_005122,154.70377,781.702173,2,0.841606,0,0.005554116087,mobile,0
case_005123,67.902389,615.371459,1,0.61295,0,0.006615871255,web,0
case_005124,30.482029,2324.780462,1,0.753722,0,0.000877183094,in_store,0
case_005125,13.618627,867.250387,3,0.642308,0,0.003119035355,in_store,0
case_005126,154.651965,994.419341,3,0.701538,0,0.009568138224,in_store,0
case_005127,74.411329,1397.08288,2,0.671635,0,0.005676246053,web,0
case_005128,7.985045,302.323889,1,0.74117,0,0.000976705961,web,0
case_005129,7.941109,227.490882,2,0.863654,0,0.000567575871,in_store,0
case_005130,42.559152,158.136276,1,0.775601,0,0.002647879129,web,0
case_005131,14.99544,473.215667,1,0.918351,0,0.00041236907,web,0
case_005132,15.474177,298.133508,2,0.93488,0,0.000500166826,in_store,0
case_005133,42.389837,780.537556,2,0.582205,0,0.012170711593,mobile,0
case_005134,28.068614,452.99559,2,0.816137,0,0.001725526232,web,0
case_005135,6.205175,637.589637,1,0.730731,0,0.000566348562,in_store,0
case_005136,5.858687,189.629106,0,0.502845,0,0.002804463431,web,0
case_005137,99.247863,790.873221,1,0.58208,0,0.009489215897,web,0
case_005138,45.923255,1839.796731,2,0.63374,0,0.003805268862,in_store,0
case_005139,28.520646,480.760111,1,0.908412,0,0.000650345085,web,0
case_005140,13.933376,1041.703163,2,0.828627,0,0.000812960567,web,0
case_005141,31.109009,669.667467,6,0.625346,0,0.025437450129,web,0
case_005142,78.270103,665.109782,3,0.6465,1,0.048932451434,web,1
case_005143,30.860488,68.974404,0,0.852677,0,0.000893410853,in_store,0
case_005144,21.047924,511.41788,1,0.804629,0,0.001010377287,web,0
case_005145,44.078184,1848.162481,3,0.694759,0,0.003745441646,in_store,0
case_005146,35.638656,711.167686,1,0.752124,0,0.001771509476,web,0
case_005147,8.630784,1296.223212,0,0.985879,0,0.000146056601,mobile,0
case_005148,43.127672,1821.157516,2,0.626601,0,0.003834436203,in_store,0
case_005149,11.07919,1162.103202,1,0.637649,0,0.001526870424,web,0
case_005150,104.773244,815.054097,0,0.654777,0,0.003271679876,in_store,0
case_005151,26.865783,254.380049,2,0.913806,0,0.000840570368,in_store,1
case_005152,31.225842,409.507443,1,0.594396,0,0.003985570766,in_store,0
case_005153,33.696692,123.542035,1,0.642848,0,0.004372643853,in_store,0
case_005154,85.80801,1022.112535,4,0.726067,0,0.010584722459,web,0
case_005155,127.42853,797.780806,0,0.890671,0,0.001100242764,web,0
case_005156,130.55973,1421.410257,3,0.789609,1,0.017923536668,in_store,0
case_005157,36.22111,2404.394013,0,0.9186,0,0.000233467694,in_store,0
case_005158,40.186439,2052.148492,1,0.580066,0,0.003199495256,in_store,0
case_005159,138.157168,79.972518,2,0.715746,0,0.014595144853,web,0
case_005160,32.41306,1335.395892,1,0.858877,0,0.001063803538,mobile,0
case_005161,25.060381,339.84308,1,0.965011,0,0.000694784715,mobile,0
case_005162,39.502763,1813.939964,0,0.89205,0,0.00060527562,mobile,0
case_005163,40.64879,28.653736,0,0.716711,0,0.003187782417,in_store,0
case_005164,3.319872,1642.022751,2,0.401311,0,0.004576831632,web,0
case_005165,17.539321,608.265982,0,0.642224,0,0.00124496452,in_store,0
case_005166,148.24598,235.216505,0,0.618683,0,0.007331549288,in_store,0
case_005167,95.610786,438.553283,2,0.888248,0,0.001886601568,in_store,0
case_005168,9.156343,453.697189,1,0.423284,0,0.00681367367,web,0
case_005169,11.690304,59.132579,2,0.664657,0,0.003637305104,in_store,0
case_005170,41.511062,567.026394,2,0.359662,0,0.05089198308,mobile,0
case_005171,129.210998,143.241702,1,0.825974,0,0.006025350642,mobile,0
case_005172,6.28601,120.157506,4,0.556767,0,0.011342007526,web,0
case_005173,154.876043,247.862577,4,0.569365,0,0.046730457491,in_store,0
case_005174,95.996637,1606.209903,2,0.89324,0,0.001256908378,in_store,0
case_005175,100.311015,23.202565,2,0.874385,0,0.004927729198,in_store,0
case_005176,61.694974,1084.244713,5,0.566334,0,0.02595144717,in_store,0
case_005177,21.768241,353.22632,2,0.875544,0,0.000851039195,in_store,0
case_005178,114.398688,222.292223,1,0.379995,1,0.178826389829,web,1
case_005179,33.480986,4.117898,1,0.526588,0,0.028624271152,web,0
case_005180,115.994977,340.259989,1,0.638099,0,0.007375022874,in_store,0
case_005181,46.04903,516.361045,0,0.869607,0,0.000577912493,in_store,0
case_005182,44.28644,1543.765237,1,0.624741,0,0.002797838606,in_store,0
case_005183,49.204603,79.352693,4,0.530827,0,0.039874138928,in_store,0
case_005184,16.540615,1983.352863,0,0.659611,0,0.00076378488,in_store,0
case_005185,15.72661,199.459799,1,0.904552,0,0.00059476853,web,0
case_005186,8.512215,809.524163,4,0.61409,0,0.004247623048,in_store,0
case_005187,11.736006,644.960502,0,0.952607,0,0.000177138419,web,0
case_005188,13.906874,3796.927756,2,0.823827,0,0.00057406831,web,0
case_005189,38.323699,207.564489,1,0.612078,0,0.004943605715,in_store,0
case_005190,46.109791,1135.061432,4,0.654485,0,0.010791466991,web,0
case_005191,43.003623,164.194688,2,0.641802,0,0.008955092427,web,0
case_005192,90.122816,1028.291648,1,0.865871,0,0.001413498829,web,0
case_005193,36.434671,121.864932,4,0.67529,0,0.012142009807,in_store,0
case_005194,50.802649,280.537342,3,0.739073,0,0.006887999442,web,0
case_005195,98.860155,553.617499,1,0.915219,1,0.004156837962,in_store,0
case_005196,9.273881,753.872108,1,0.431105,0,0.008398732189,mobile,0
case_005197,9.152196,483.513214,2,0.945983,0,0.000380064207,web,0
case_005198,47.997607,820.615574,4,0.955163,0,0.001460763982,in_store,0
case_005199,16.452544,1691.683436,2,0.620372,0,0.002864746944,web,0
case_005200,20.484173,1038.984233,3,0.600817,0,0.004916812433,in_store,0
case_005201,12.936533,612.864625,0,0.359207,0,0.006022357287,in_store,0
case_005202,6.282074,1348.921907,0,0.831754,0,0.000164669148,in_store,0
case_005203,27.251917,321.082209,1,0.51356,0,0.006492148789,in_store,0
case_005204,69.25167,535.674949,1,0.880932,0,0.001313763648,web,0
case_005205,59.022047,122.286706,2,0.681794,0,0.00725087434,in_store,0
case_005206,9.603714,242.871503,0,0.811624,0,0.00039263136,in_store,0
case_005207,50.442353,5.093196,3,0.829414,0,0.009264560667,in_store,0
case_005208,5.29757,1445.215919,3,0.798058,0,0.00058885059,in_store,0
case_005209,37.565125,392.895039,1,0.49562,0,0.008367844087,in_store,0
case_005210,18.556846,289.489198,1,0.657932,0,0.004102883017,mobile,0
case_005211,105.35942,346.741218,0,0.814358,0,0.001555865916,in_store,0
case_005212,35.079885,333.239747,4,0.438899,0,0.048003999797,web,0
case_005213,93.547784,532.823997,1,0.552624,0,0.012285166098,web,0
case_005214,30.54811,1287.166436,2,0.946918,0,0.000593517768,web,0
case_005215,14.729333,312.162296,1,0.583675,0,0.003716169853,web,0
case_005216,56.783203,534.783651,4,0.677753,0,0.013234325739,web,0
case_005217,17.359118,131.203271,3,0.701051,0,0.005556564457,web,0
case_005218,14.382011,656.125147,1,0.924501,0,0.000524687924,mobile,0
case_005219,19.077151,798.663093,2,0.634543,0,0.002783674744,in_store,0
case_005220,109.238416,713.971634,1,0.970531,0,0.000720866529,in_store,0
case_005221,71.208422,334.830778,0,0.482323,0,0.012364218663,web,0
case_005222,123.525375,215.886767,2,0.693597,0,0.009161790262,in_store,0
case_005223,12.683196,47.218509,2,0.751908,0,0.002364515757,in_store,0
case_005224,37.302413,598.474932,1,0.540944,0,0.007137957372,web,0
case_005225,255.721159,1572.259905,2,0.839431,0,0.004266617357,web,0
case_005226,75.119883,3763.271437,2,0.792365,0,0.002018984768,web,0
case_005227,6.948198,1338.003884,2,0.908699,0,0.000236970889,in_store,0
case_005228,68.53709,1922.539498,1,0.536418,0,0.007696218824,web,0
case_005229,64.984188,3786.346918,0,0.753573,0,0.000831819201,in_store,0
case_005230,4.345089,1052.823531,3,0.7569,0,0.000750679004,in_store,0
case_005231,13.680662,585.777431,4,0.870923,0,0.001600147496,web,0
case_005232,20.211266,245.250639,3,0.4553,0,0.018184857079,in_store,0
case_005233,43.824156,11.207943,2,0.831639,0,0.005933392127,web,0
case_005234,68.546795,57.9922,3,0.52119,0,0.049172301845,web,0
case_005235,11.591191,1038.439967,3,0.756677,0,0.00131652325,in_store,0
case_005236,28.676152,1718.746213,4,0.683167,0,0.004638437207,in_store,0
case_005237,24.120723,869.641297,0,0.74539,0,0.000717629509,in_store,0
case_005238,40.605325,1309.11344,1,0.77183,0,0.00110980042,in_store,0
case_005239,144.040694,573.846091,4,0.430612,0,0.143157977931,mobile,0
case_005240,16.28319,639.369243,0,0.686536,0,0.000889044805,in_store,0
case_005241,198.790209,1744.675108,4,0.876926,0,0.009061781322,mobile,0
case_005242,29.659148,489.960231,0,0.912691,0,0.000435806343,web,0
case_005243,8.224058,370.089576,1,0.758187,0,0.000656158768,in_store,0
case_005244,29.329713,452.681588,1,0.591749,0,0.00722382201,mobile,0
case_005245,14.908405,1212.057817,4,0.550255,1,0.031023310075,in_store,0
case_005246,23.214259,432.001278,1,0.795822,0,0.000928193123,in_store,0
case_005247,10.713513,3629.770444,1,0.720995,0,0.000952071348,mobile,0
case_005248,70.638267,762.944961,3,0.755277,0,0.005750107925,web,0
case_005249,16.923079,1380.712575,1,0.864009,0,0.000355546427,in_store,0
case_005250,9.845185,342.136824,1,0.601009,0,0.003803562247,mobile,0
case_005251,4.952573,2473.336911,0,0.641097,0,0.000398436211,in_store,0
case_005252,101.239631,11.222567,1,0.680838,0,0.017362313132,web,0
case_005253,18.059174,1950.923805,2,0.703726,0,0.001730366333,web,0
case_005254,7.786118,1686.811771,1,0.497849,0,0.002076993214,in_store,0
case_005255,42.123397,548.406888,1,0.598355,0,0.005532940504,web,0
case_005256,4.197449,143.775447,3,0.726646,0,0.001587598334,in_store,0
case_005257,45.10118,4.604434,2,0.84753,0,0.006859785062,web,0
case_005258,5.767303,376.392085,2,0.782022,0,0.00068132526,in_store,0
case_005259,16.15644,964.716198,6,0.838722,0,0.006101462293,mobile,0
case_005260,9.671297,1304.890212,5,0.670396,0,0.005322002383,web,0
case_005261,87.72136,561.826598,1,0.825771,0,0.001657239074,in_store,0
case_005262,18.817245,1157.09931,2,0.585331,0,0.003367855373,in_store,0
case_005263,64.071882,317.584151,3,0.829138,1,0.02603858397,mobile,0
case_005264,28.816425,266.513689,2,0.476673,0,0.024890314501,mobile,0
case_005265,130.148131,304.075642,1,0.762131,0,0.003793994077,in_store,0
case_005266,50.359667,594.33259,1,0.824894,0,0.001149634779,in_store,0
case_005267,17.651384,735.22221,2,0.88599,0,0.000726524607,web,0
case_005268,153.169384,226.011168,3,0.856776,0,0.00556858728,in_store,0
case_005269,51.780122,447.08409,1,0.813495,0,0.001751890711,web,0
case_005270,148.311974,127.155625,4,0.271943,0,0.270712750033,in_store,0
case_005271,7.355975,17.180161,2,0.863963,0,0.001455081183,web,0
case_005272,14.527243,338.114789,3,0.511032,0,0.009629693781,in_store,0
case_005273,18.543776,2416.819588,2,0.597667,0,0.00249508194,in_store,0
case_005274,14.369663,348.279817,0,0.836143,0,0.000495727761,web,0
case_005275,24.08776,83.460759,2,0.882527,0,0.002520844278,mobile,0
case_005276,21.843035,63.401665,0,0.76983,0,0.001587761141,web,0
case_005277,26.190009,779.379467,3,0.929918,0,0.000799926423,in_store,0
case_005278,32.04094,113.264018,1,0.417586,0,0.017519363453,in_store,0
case_005279,331.699134,2462.650095,2,0.758639,0,0.010878762459,mobile,0
case_005280,64.551233,2214.415293,0,0.753558,0,0.001243160653,web,0
case_005281,36.674047,2843.14429,0,0.853314,0,0.000432627843,web,0
case_005282,12.006982,114.747663,1,0.754751,0,0.001510523211,web,0
case_005283,22.276607,270.452693,2,0.695051,0,0.00287694778,in_store,0
case_005284,6.227025,229.846865,2,0.561673,0,0.004162278405,web,0
case_005285,15.393079,772.701861,0,0.915316,0,0.000249978582,web,0
case_005286,12.758126,1806.294885,0,0.682963,0,0.001109176029,mobile,0
case_005287,11.134095,920.303317,3,0.710417,0,0.001776793459,in_store,0
case_005288,22.122703,627.501029,2,0.795204,0,0.001201146199,in_store,0
case_005289,54.441875,713.5015,0,0.393237,0,0.014547766754,web,0
case_005290,108.821669,356.762191,1,0.662924,0,0.007673261889,web,0
case_005291,101.650915,259.342619,1,0.354441,0,0.052876519653,web,0
case_005292,17.235807,1281.572945,1,0.537139,0,0.003627418421,web,0
case_005293,28.704501,865.840529,1,0.704351,1,0.006185965081,in_store,0
case_005294,201.13573,394.179658,0,0.313134,0,0.091003430705,mobile,0
case_005295,78.067445,492.935967,2,0.642446,0,0.007398142961,in_store,0
case_005296,16.508706,3350.454902,4,0.930869,0,0.000578531853,in_store,0
case_005297,28.619107,1250.008643,1,0.79067,1,0.003244221345,in_store,0
case_005298,31.663396,585.345386,4,0.675177,0,0.00708540034,in_store,0
case_005299,45.573331,159.190729,0,0.610291,0,0.005222985601,web,0
case_005300,18.707071,406.646534,0,0.662611,0,0.001645754381,web,0
case_005301,72.370314,133.187223,2,0.94938,0,0.001953924216,web,0
case_005302,25.541494,2312.439947,2,0.821035,0,0.000764764342,in_store,0
case_005303,8.581237,367.565471,1,0.776996,0,0.001147155055,mobile,0
case_005304,86.801863,1133.853504,0,0.793001,0,0.001112202964,in_store,0
case_005305,29.434117,287.194309,4,0.817729,0,0.004397364701,web,0
case_005306,72.611921,576.811323,1,0.743758,0,0.003118196675,web,0
case_005307,11.381335,37.921614,3,0.83818,1,0.008213953696,in_store,0
case_005308,41.751474,682.116995,1,0.732267,0,0.001747880122,in_store,0
case_005309,48.97354,486.182671,3,0.785148,0,0.003360351115,in_store,0
case_005310,6.0057,122.122546,1,0.270522,0,0.029667936388,mobile,0
case_005311,20.692168,366.096208,2,0.818131,0,0.001168051678,in_store,0
case_005312,228.335704,478.375729,0,0.772447,0,0.003029215665,in_store,0
case_005313,150.485194,698.339346,3,0.495163,0,0.036808440536,in_store,0
case_005314,67.518764,469.219883,0,0.786865,0,0.002433079049,mobile,0
case_005315,23.140409,148.210228,0,0.734501,0,0.001251460675,in_store,0
case_005316,187.332633,557.779387,1,0.711406,0,0.005514752455,in_store,0
case_005317,46.120906,230.014754,1,0.74677,0,0.002331823964,in_store,0
case_005318,18.506206,511.366147,1,0.525494,0,0.004146161398,in_store,0
case_005319,123.188132,563.919176,1,0.459103,0,0.037624228569,mobile,0
case_005320,34.794098,1338.030223,3,0.580258,0,0.009252318126,web,0
case_005321,77.114813,1073.56101,2,0.768231,0,0.002678434277,in_store,0
case_005322,47.726726,342.332036,3,0.646435,0,0.016467816853,mobile,0
case_005323,22.345504,2479.408164,1,0.508652,0,0.004196227699,web,0
case_005324,107.273806,800.042252,2,0.727483,0,0.00595665505,web,0
case_005325,95.527424,1078.141504,6,0.856547,0,0.008458800472,in_store,0
case_005326,80.504876,185.798346,2,0.628422,0,0.020671509562,mobile,0
case_005327,34.793435,264.437278,3,0.779012,0,0.003355477685,in_store,0
case_005328,14.645991,417.431509,2,0.647097,0,0.002643929863,in_store,0
case_005329,7.399107,609.190985,2,0.531476,0,0.004174400046,web,0
case_005330,33.15509,520.281168,1,0.655635,0,0.002636379975,in_store,0
case_005331,42.288907,3373.772142,1,0.728216,0,0.001134897034,in_store,0
case_005332,16.734147,941.82813,1,0.62985,0,0.002186172041,web,0
case_005333,29.138957,451.848945,0,0.528794,0,0.003773112228,in_store,0
case_005334,45.017533,208.56083,1,0.804103,1,0.012691165748,mobile,0
case_005335,18.254177,64.626202,1,0.82648,0,0.001144509745,in_store,0
case_005336,18.462096,1298.579737,2,0.615681,0,0.003418372867,web,0
case_005337,23.250827,226.360136,1,0.694289,0,0.002112247773,in_store,0
case_005338,96.561957,903.619869,0,0.743699,0,0.001730664945,in_store,0
case_005339,134.742693,679.966618,2,0.681327,0,0.009617912116,web,0
case_005340,14.52169,1050.777701,2,0.971383,0,0.000265495003,in_store,0
case_005341,31.179147,503.278229,2,0.926059,0,0.000701163927,in_store,0
case_005342,8.773753,1.447609,3,0.617485,0,0.015350007158,in_store,0
case_005343,9.106335,151.190246,1,0.543048,0,0.003454931134,in_store,0
case_005344,75.108427,115.560965,3,0.64864,0,0.015541326162,in_store,0
case_005345,7.253843,1127.803559,4,0.726075,0,0.002247041289,web,0
case_005346,107.907691,1176.902249,1,0.793841,0,0.002391287332,web,0
case_005347,322.047985,54.493652,2,0.785458,0,0.018156054693,web,0
case_005348,31.488526,377.956501,2,0.80951,0,0.001587373134,in_store,0
case_005349,51.875932,268.314075,0,0.80599,0,0.001440116175,web,0
case_005350,72.878397,630.209094,1,0.835747,0,0.00255857829,mobile,0
case_005351,24.143371,1542.187955,3,0.791502,0,0.001898438187,web,0
case_005352,43.92458,88.32894,1,0.864948,0,0.001830604381,web,0
case_005353,8.208447,595.531598,2,0.880975,0,0.000503928564,web,0
case_005354,21.102635,57.314837,0,0.822115,1,0.004664590093,web,0
case_005355,10.642522,710.378766,0,0.742187,0,0.000604950062,web,0
case_005356,38.707832,1258.633592,2,0.943716,0,0.000551243928,in_store,0
case_005357,4.710507,16.611971,4,0.765022,1,0.018609082874,web,0
case_005358,2.191959,99.06067,3,0.831631,0,0.000858681688,web,0
case_005359,61.502003,226.555354,0,0.663953,0,0.004086355638,web,0
case_005360,19.640579,330.730593,2,0.445905,0,0.015103803737,web,0
case_005361,44.119552,686.377626,3,0.665993,0,0.005973401245,in_store,0
case_005362,17.183954,167.78876,2,0.662949,0,0.004410200634,web,0
case_005363,90.418245,1204.992271,2,0.735383,0,0.004514323299,web,0
case_005364,57.499111,1464.866687,3,0.707131,0,0.005632018475,web,0
case_005365,12.152248,18.117901,2,0.612836,0,0.009179930469,web,0
case_005366,16.313154,136.181669,1,0.529707,0,0.007027102618,web,0
case_005367,42.855248,469.942223,2,0.864284,0,0.001286165424,in_store,0
case_005368,41.989381,689.823146,2,0.49982,0,0.010969383738,in_store,0
case_005369,124.20081,2407.743052,2,0.931507,0,0.001038315526,in_store,0
case_005370,45.556048,315.162024,5,0.626744,0,0.02694785844,web,1
case_005371,185.479252,43.768503,1,0.860112,1,0.034079122142,mobile,0
case_005372,40.299902,355.308608,1,0.893242,0,0.000970901692,web,0
case_005373,2.624226,240.404199,1,0.873474,0,0.000197258098,in_store,0
case_005374,3.958931,971.208921,1,0.723163,0,0.000529066313,web,0
case_005375,96.165344,254.975912,1,0.808059,0,0.002469305831,in_store,0
case_005376,13.115145,1078.022779,3,0.910499,0,0.000689074256,web,0
case_005377,20.85317,948.96757,0,0.898037,0,0.000246256994,in_store,0
case_005378,23.044994,255.67908,0,0.922022,0,0.000330362203,in_store,0
case_005379,11.467381,66.682128,3,0.760503,0,0.003629367628,web,0
case_005380,121.739447,103.927205,2,0.747693,0,0.008008422723,in_store,0
case_005381,82.302537,188.82967,2,0.778401,0,0.005563250213,web,0
case_005382,63.865991,1434.906397,3,0.923538,0,0.001225708405,in_store,0
case_005383,20.189447,191.503392,2,0.78288,0,0.002220274635,web,0
case_005384,19.292679,229.991931,1,0.430857,0,0.009642522631,in_store,0
case_005385,56.699025,166.084553,0,0.859346,0,0.001255343531,web,0
case_005386,88.228741,159.515549,0,0.964525,0,0.001303513336,mobile,0
case_005387,66.15089,254.585879,0,0.809494,0,0.002490223314,mobile,0
case_005388,43.067474,153.051342,2,0.807374,0,0.00254760097,in_store,0
case_005389,35.080667,335.237866,2,0.578707,0,0.014084219957,mobile,0
case_005390,69.813424,571.377384,1,0.7402,0,0.002429641051,in_store,0
case_005391,66.044987,723.474589,2,0.659269,0,0.010219620257,mobile,0
case_005392,19.595071,303.800071,2,0.531745,0,0.007097903836,in_store,0
case_005393,61.812207,953.862765,0,0.749205,0,0.001587645958,web,0
case_005394,33.978972,1671.035906,2,0.705838,0,0.003946123581,mobile,0
case_005395,9.089472,16.590917,1,0.535519,0,0.008670008366,web,0
case_005396,16.607364,70.068613,2,0.616608,0,0.005774943357,in_store,0
case_005397,40.42206,548.405663,1,0.758037,0,0.001993906616,web,0
case_005398,185.904088,193.583994,0,0.91289,0,0.001436366111,in_store,0
case_005399,19.651269,2330.990092,1,0.846617,0,0.000478986244,web,0
case_005400,4.695161,809.898096,1,0.877467,0,0.000181263377,in_store,0
case_005401,13.480417,311.32513,3,0.790614,0,0.003166403703,mobile,0
case_005402,44.817396,301.032483,2,0.950212,0,0.000880761901,in_store,0
case_005403,36.459164,659.048422,1,0.894704,0,0.00058769549,in_store,0
case_005404,92.0396,238.107665,4,0.96693,0,0.00294692514,in_store,0
case_005405,167.174338,898.978011,1,0.647946,0,0.012607567546,mobile,0
case_005406,26.182153,1536.20079,2,0.712916,0,0.001718288459,in_store,0
case_005407,304.122643,476.466704,2,0.617995,0,0.038842342505,mobile,0
case_005408,7.26844,586.465838,1,0.80007,0,0.000528311767,web,0
case_005409,28.82198,83.732284,1,0.536305,0,0.011006718157,web,0
case_005410,66.794587,58.498928,1,0.751983,0,0.008088024586,mobile,0
case_005411,10.147864,283.031429,1,0.842401,0,0.000474071629,in_store,0
case_005412,94.463924,261.517789,2,0.612179,0,0.015472689718,web,0
case_005413,6.556915,2663.488035,0,0.528418,0,0.000920382172,in_store,0
case_005414,102.863406,1211.602932,2,0.752466,0,0.003431312205,in_store,0
case_005415,25.238406,1545.679015,3,0.505239,0,0.009025588994,in_store,0
case_005416,339.795054,695.53761,4,0.783871,0,0.015551768434,in_store,0
case_005417,66.222995,113.257182,2,0.960774,0,0.001403818052,in_store,0
case_005418,281.129902,664.407724,1,0.817208,0,0.003525163958,in_store,0
case_005419,22.029421,2235.953436,2,0.676761,0,0.001733429152,in_store,0
case_005420,34.294233,727.853452,1,0.646089,1,0.010430995158,in_store,0
case_005421,8.053778,1888.674456,3,0.82051,0,0.000599317351,in_store,0
case_005422,30.965696,1321.370086,6,0.732457,0,0.016045808183,mobile,0
case_005423,137.311461,566.924193,1,0.474198,0,0.024900924189,web,1
case_005424,8.332031,496.361072,1,0.888386,0,0.000269128538,in_store,0
case_005425,73.655866,230.517887,1,0.771703,0,0.003449323672,web,0
case_005426,139.928023,372.119532,0,0.786756,0,0.002789014863,web,0
case_005427,12.987779,478.508085,0,0.942449,0,0.000218814718,web,0
case_005428,232.035067,1446.228777,0,0.721547,0,0.003048166772,in_store,0
case_005429,36.544119,209.382555,2,0.538695,0,0.01426137278,web,0
case_005430,41.430855,49.00148,4,0.778135,0,0.011566567025,web,0
case_005431,8.973511,552.750221,1,0.822623,0,0.000410737508,in_store,0
case_005432,115.816183,1743.203815,0,0.898641,0,0.000610684055,in_store,0
case_005433,13.678974,18.731008,4,0.590386,0,0.019015378013,in_store,0
case_005434,20.787748,363.514243,1,0.499595,0,0.007403716915,web,0
case_005435,98.40462,208.507086,2,0.965935,0,0.001884930806,web,0
case_005436,56.976668,901.358509,1,0.71138,0,0.002870976511,web,0
case_005437,52.64351,1876.343228,1,0.667767,1,0.009086727094,in_store,0
case_005438,69.776321,86.327925,0,0.899772,0,0.001048097287,in_store,0
case_005439,30.107536,1554.963021,3,0.519319,0,0.01750292129,mobile,0
case_005440,21.308517,1196.244833,0,0.970437,0,0.000148398054,in_store,0
case_005441,53.536782,139.563885,1,0.70334,0,0.003882342779,in_store,0
case_005442,107.700401,61.642184,0,0.919338,0,0.002583002259,mobile,0
case_005443,39.673552,506.209505,4,0.943243,0,0.003069469461,mobile,0
case_005444,76.036762,500.583675,1,0.916665,0,0.00088660479,in_store,0
case_005445,36.196735,470.638988,5,0.448099,0,0.04822078953,in_store,0
case_005446,22.83627,165.58771,1,0.676211,0,0.002559471785,in_store,0
case_005447,2.861629,337.885845,3,0.826516,0,0.000547669498,in_store,0
case_005448,14.794784,1045.351838,1,0.415025,0,0.00584432211,in_store,0
case_005449,10.165047,24.019766,1,0.701847,0,0.002315909866,in_store,0
case_005450,35.368403,245.60728,4,0.823194,0,0.007426418438,mobile,0
case_005451,31.159097,809.908098,2,0.711086,0,0.004463090072,mobile,0
case_005452,36.952025,642.698894,3,0.667541,0,0.005392096609,in_store,0
case_005453,151.897937,162.964832,1,0.700952,0,0.007337932854,in_store,0
case_005454,8.761532,128.926407,1,0.605247,0,0.002400522722,in_store,0
case_005455,18.486648,483.400237,2,0.648578,0,0.003713302594,web,0
case_005456,22.0983,327.8954,1,0.484907,0,0.006769177952,in_store,0
case_005457,19.893375,116.581788,1,0.831412,0,0.001889708978,mobile,0
case_005458,86.122979,301.434592,2,0.780911,0,0.004925611478,web,0
case_005459,12.744355,1657.6459,1,0.822485,0,0.000367728001,in_store,0
case_005460,119.210913,287.194591,2,0.749759,0,0.005821551669,in_store,0
case_005461,355.484688,729.967927,4,0.874605,0,0.009014972949,in_store,0
case_005462,4.216637,201.226911,1,0.97909,0,0.000174656881,web,0
case_005463,94.636988,625.847112,3,0.631212,0,0.012347603645,in_store,0
case_005464,81.385555,596.059269,0,0.811898,0,0.001143551519,in_store,0
case_005465,17.605054,139.959779,1,0.994288,0,0.000314030944,in_store,0
case_005466,25.801916,1668.988449,2,0.793317,0,0.001925709102,mobile,0
case_005467,58.115845,1527.415827,2,0.560875,0,0.007334783626,in_store,0
case_005468,37.53547,908.313175,0,0.635407,0,0.002385419736,web,0
case_005469,40.754136,1958.120484,1,0.782648,1,0.00479620711,web,0
case_005470,31.172475,770.664264,1,0.571603,1,0.028922338623,mobile,0
case_005471,42.417113,935.591821,2,0.838177,0,0.001231013431,in_store,0
case_005472,67.952717,1003.081902,3,0.474613,0,0.029221977873,web,0
case_005473,13.265425,762.350675,1,0.509876,0,0.00634661895,mobile,0
case_005474,37.837017,1338.729928,0,0.755419,1,0.003191615186,in_store,0
case_005475,43.552499,81.75564,0,0.619107,0,0.005819280194,web,0
case_005476,101.154476,1036.228233,2,0.624423,0,0.010087438335,web,0
case_005477,133.306026,457.328088,1,0.723471,0,0.005584509641,web,0
case_005478,64.143308,1242.301,2,0.908634,0,0.001818479775,mobile,0
case_005479,133.843539,127.859363,2,0.86069,0,0.005095744255,web,0
case_005480,53.611097,1216.245525,1,0.834429,0,0.001751622058,mobile,0
case_005481,18.020653,541.968548,1,0.641199,0,0.00372901657,mobile,0
case_005482,17.02707,851.887241,5,0.951966,0,0.001463703156,web,0
case_005483,52.58001,178.866988,1,0.463027,0,0.015845687789,in_store,0
case_005484,11.448254,2890.732595,4,0.431722,0,0.010841598406,in_store,0
case_005485,28.306162,1,3,0.37736,0,0.131504689434,in_store,0
case_005486,26.400805,151.58658,1,0.948174,0,0.000675776199,web,0
case_005487,14.383356,683.904013,0,0.832239,0,0.000325305807,in_store,0
case_005488,19.676996,74.186915,2,0.874136,0,0.002423888839,mobile,0
case_005489,16.039726,870.255957,3,0.666492,0,0.0029598531,in_store,0
case_005490,6.898594,638.140799,3,0.786805,0,0.000928501918,in_store,0
case_005491,199.211364,1454.616507,3,0.411115,0,0.074346932825,web,0
case_005492,23.002794,402.059185,1,0.521564,0,0.009931807447,mobile,0
case_005493,8.690479,363.703409,1,0.866178,0,0.000445322672,web,0
case_005494,16.77779,134.991811,0,0.798629,0,0.000906696531,web,0
case_005495,126.951837,1231.70236,2,0.848879,0,0.002750621652,web,0
case_005496,34.765122,2139.971356,3,0.896641,0,0.001678143554,mobile,0
case_005497,66.574015,59.194871,2,0.916907,0,0.004266530543,mobile,0
case_005498,12.786399,2165.533429,2,0.662505,0,0.001370788123,in_store,0
case_005499,99.650176,143.816561,2,0.845178,0,0.003500140232,in_store,0
case_005500,108.235327,1303.440587,2,0.447306,0,0.029237151067,web,0
case_005501,41.820761,5.624915,2,0.729099,0,0.012973639193,web,0
case_005502,9.144987,140.442828,1,0.575222,0,0.002895387205,in_store,0
case_005503,12.343486,1115.904273,1,0.794997,0,0.000480644055,in_store,0
case_005504,19.242204,48.345897,1,0.300958,0,0.061720404973,mobile,0
case_005505,56.374394,1611.286456,2,0.91896,0,0.000760468312,in_store,0
case_005506,30.786379,1155.935367,1,0.619187,0,0.003213569974,web,0
case_005507,7.864911,672.81512,3,0.748676,0,0.002392327423,mobile,0
case_005508,69.617419,496.642027,4,0.790193,0,0.011402541368,mobile,0
case_005509,13.856327,595.10323,2,0.555532,0,0.004080511818,in_store,0
case_005510,26.870458,3080.18385,2,0.901137,0,0.000440288747,in_store,0
case_005511,61.585852,1353.098819,1,0.635751,0,0.003347458379,in_store,0
case_005512,15.790395,1088.760912,0,0.827455,0,0.000397829044,web,0
case_005513,26.50865,999.108746,4,0.676201,0,0.005397616253,in_store,0
case_005514,26.224805,995.009104,3,0.924155,0,0.000992295389,web,0
case_005515,4.227476,159.169183,3,0.452632,0,0.008517473575,in_store,0
case_005516,23.178649,117.405049,1,0.818861,0,0.002242073974,mobile,0
case_005517,18.292225,1281.693807,0,0.620411,0,0.001178502437,in_store,0
case_005518,16.247017,2018.764226,3,0.724938,0,0.001622259161,in_store,0
case_005519,4.376101,2183.235716,1,0.604236,0,0.001380173254,mobile,0
case_005520,33.3071,836.537659,2,0.919891,0,0.000841178077,web,0
case_005521,25.675728,599.613964,3,0.559665,0,0.008559172381,in_store,0
case_005522,121.389224,2234.806192,1,0.764929,0,0.001997428233,in_store,0
case_005523,92.669101,1001.402925,1,0.844168,0,0.001293646909,in_store,0
case_005524,4.80361,640.787372,2,0.810492,0,0.000567645025,web,0
case_005525,14.946711,70.59517,2,0.880253,0,0.001044929438,in_store,0
case_005526,13.862935,39.782888,2,0.657442,0,0.008997246018,mobile,0
case_005527,236.408367,3782.53598,1,0.518733,0,0.012153273857,in_store,0
case_005528,151.722952,12.010471,1,0.903615,0,0.005565074966,web,0
case_005529,17.144094,516.390526,1,0.69852,0,0.001721687808,web,0
case_005530,83.249248,934.777604,0,0.637453,0,0.003877359662,web,0
case_005531,115.514449,210.404525,0,0.789671,0,0.002856086041,web,0
case_005532,53.895879,301.741403,2,0.879284,0,0.001541092818,in_store,0
case_005533,23.683426,1593.868623,0,0.78193,0,0.000473361355,in_store,0
case_005534,62.720837,935.648206,1,0.359157,0,0.026640974232,web,0
case_005535,27.76413,1919.509053,1,0.91629,0,0.000316834201,in_store,0
case_005536,56.825945,902.191122,2,0.62373,0,0.005700295317,in_store,0
case_005537,11.895878,182.899186,2,0.883038,0,0.0006795946,in_store,0
case_005538,53.204581,251.484375,2,0.880331,0,0.0030621896,mobile,0
case_005539,23.749732,129.222336,1,0.306239,0,0.051818774536,mobile,0
case_005540,59.674185,127.160915,3,0.605332,0,0.017075329809,in_store,0
case_005541,41.229585,1223.308318,0,0.768512,0,0.000788056582,in_store,0
case_005542,99.132227,404.923226,3,0.487615,0,0.064296536117,mobile,0
case_005543,88.215413,1382.907922,1,0.5723,0,0.006208857963,in_store,0
case_005544,9.428437,454.653457,0,0.744758,0,0.000491534103,in_store,0
case_005545,13.398964,546.845694,3,0.81813,0,0.002256846491,mobile,0
case_005546,18.028641,119.799762,1,0.902159,0,0.000760898963,web,0
case_005547,135.761659,684.378945,2,0.647647,0,0.009276144913,in_store,0
case_005548,8.136622,459.321849,1,0.404298,0,0.007134279431,web,0
case_005549,28.996089,752.884272,1,0.691321,0,0.002236163786,web,0
case_005550,4.987452,436.218929,1,0.857558,0,0.000253916907,in_store,0
case_005551,30.634672,245.949265,3,0.652888,0,0.006931334371,in_store,0
case_005552,27.328735,339.900397,1,0.855373,0,0.000975315141,web,0
case_005553,17.515885,2922.244528,1,0.857907,0,0.000389297792,web,0
case_005554,30.595897,819.228676,2,0.889457,0,0.000755727468,in_store,0
case_005555,6.031557,1104.697902,2,0.923158,0,0.000211406362,in_store,0
case_005556,26.919825,410.190523,6,0.789222,1,0.030231402195,in_store,0
case_005557,13.847547,1107.108435,2,0.96635,0,0.000262165378,in_store,0
case_005558,36.173445,652.527215,2,0.70205,0,0.003706889492,web,0
case_005559,48.175696,1498.209234,2,0.63591,0,0.00526826467,web,0
case_005560,14.847539,734.884234,2,0.560249,0,0.00388636885,in_store,0
case_005561,30.725847,969.638654,2,0.474398,0,0.012256109762,web,0
case_005562,14.10877,44.331463,2,0.715048,0,0.004143694989,web,0
case_005563,14.877104,3369.94842,0,0.743939,0,0.000362243891,in_store,0
case_005564,17.307606,736.12538,1,0.538829,0,0.003294947285,in_store,0
case_005565,33.715197,395.110765,1,0.71407,0,0.002572585454,web,0
case_005566,69.014679,514.808469,2,0.683809,0,0.005223792301,in_store,0
case_005567,5.717169,836.72194,2,0.572407,0,0.003803204311,mobile,0
case_005568,62.560744,226.164723,1,0.868067,0,0.001713601311,web,0
case_005569,10.867536,888.471266,0,0.505246,0,0.002518416086,web,0
case_005570,15.021739,514.117649,0,0.881983,0,0.00050938175,mobile,0
case_005571,16.941693,343.439598,2,0.675831,0,0.004885039219,mobile,0
case_005572,51.27919,153.072451,2,0.604716,0,0.010026840957,in_store,0
case_005573,31.480176,1685.013266,1,0.752465,1,0.005137949485,web,0
case_005574,110.387702,1122.604196,2,0.68753,0,0.005498149421,in_store,0
case_005575,43.225219,330.317743,4,0.59151,0,0.021748504915,web,0
case_005576,9.080577,625.278148,4,0.837907,0,0.001177645328,in_store,0
case_005577,23.214235,73.705383,1,0.613734,0,0.006176679496,web,0
case_005578,94.906335,161.505097,2,0.703,0,0.007940377295,in_store,0
case_005579,37.254715,680.323492,2,0.428561,0,0.029943140842,mobile,0
case_005580,53.25046,132.268296,3,0.783581,0,0.009941030373,mobile,0
case_005581,23.597631,1507.003638,3,0.955656,0,0.000526715657,in_store,0
case_005582,64.813331,324.315452,0,0.446759,0,0.021684575972,mobile,0
case_005583,78.195472,1309.165494,3,0.95349,0,0.00152575067,web,0
case_005584,37.81061,665.517228,2,0.818562,0,0.001833351979,web,0
case_005585,4.146529,404.37319,0,0.840734,0,0.000176454311,in_store,0
case_005586,13.418841,34.578965,1,0.995017,0,0.000508058555,web,0
case_005587,20.882409,949.254992,2,0.878767,0,0.0007827172,web,0
case_005588,373.081947,449.674653,0,0.88931,0,0.002623104393,web,0
case_005589,28.564974,560.245232,2,0.633034,0,0.004001997621,in_store,0
case_005590,29.933005,909.794748,0,0.596654,0,0.002632726749,web,0
case_005591,94.236692,634.72092,1,0.086839,0,0.245625871401,mobile,0
case_005592,17.421119,741.677895,2,0.572672,0,0.005072206852,web,0
case_005593,13.267208,289.457089,1,0.920375,0,0.00043611249,web,0
case_005594,35.179464,1442.752933,1,0.746209,0,0.002212329558,mobile,0
case_005595,10.642392,31.400842,1,0.445932,0,0.013865987817,web,0
case_005596,97.902312,4.734754,2,0.858001,0,0.010444241345,web,0
case_005597,45.767671,145.307718,2,0.488538,0,0.024755763394,web,0
case_005598,31.648941,92.559765,0,0.572962,0,0.004772102147,in_store,0
case_005599,34.267286,471.150778,3,0.787674,0,0.002663252329,in_store,0
case_005600,58.907641,648.488656,2,0.655753,0,0.010025986908,mobile,0
case_005601,215.365934,686.427257,2,0.701084,0,0.008945092397,in_store,0
case_005602,6.925267,1354.520367,2,0.681925,0,0.000971739485,in_store,0
case_005603,266.648025,200.429345,1,0.740926,0,0.007742544598,in_store,0
case_005604,33.408488,282.752767,1,0.725983,0,0.002616780315,web,0
case_005605,28.628203,1192.632485,0,0.765359,0,0.000825743351,web,0
case_005606,34.901531,607.017255,1,0.803125,0,0.001037399328,in_store,0
case_005607,120.206261,485.912849,1,0.891023,1,0.007291609902,web,0
case_005608,15.692105,577.234179,2,0.902726,0,0.000974319205,mobile,0
case_005609,9.56288,1465.301356,5,0.864619,0,0.001187293031,in_store,0
case_005610,16.841941,1133.562341,0,0.422491,0,0.007612424398,mobile,0
case_005611,5.850929,602.496049,1,0.703677,1,0.003426001132,web,0
case_005612,120.660342,1617.194681,2,0.648269,0,0.012723478705,mobile,0
case_005613,147.872466,536.17056,6,0.352413,0,0.293565488902,web,0
case_005614,26.1508,1300.576472,2,0.819961,0,0.0011860333,web,0
case_005615,9.725763,379.661957,1,0.587585,0,0.002083590585,in_store,0
case_005616,41.292691,2051.777422,1,0.5875,0,0.003107776733,in_store,0
case_005617,45.956249,2090.617074,0,0.581813,0,0.002972058489,web,0
case_005618,68.981948,1503.189731,0,0.683679,0,0.00224531087,web,0
case_005619,18.343663,1390.824991,3,0.520054,0,0.006973721951,in_store,0
case_005620,16.741127,809.95957,3,0.910385,0,0.000869391687,web,0
case_005621,29.405694,4.965367,1,0.478727,0,0.026551029002,in_store,0
case_005622,14.818442,658.148435,0,0.617849,0,0.001640393975,web,0
case_005623,33.432695,1195.883503,3,0.723215,0,0.003835790223,web,0
case_005624,13.867289,68.848525,2,0.698173,0,0.005981343453,mobile,0
case_005625,23.306066,1188.695322,1,0.496201,0,0.004491605637,in_store,0
case_005626,40.296741,1360.432398,0,0.406841,0,0.009191975162,web,0
case_005627,5.699056,212.410471,1,0.840804,0,0.000373824432,in_store,0
case_005628,5.72472,630.394099,2,0.863646,0,0.000350728472,in_store,0
case_005629,103.126943,324.39862,1,0.885079,0,0.001489629823,in_store,0
case_005630,22.877685,408.055355,1,0.656708,0,0.002859106752,web,0
case_005631,54.597814,115.641982,0,0.591257,0,0.00563656639,in_store,0
case_005632,29.525125,804.419063,3,0.45937,0,0.015933428598,in_store,0
case_005633,17.984194,401.372244,1,0.602657,0,0.003467551279,web,0
case_005634,7.195235,39.580938,4,0.851965,0,0.002092367482,in_store,0
case_005635,66.813672,15.422547,2,0.58072,0,0.026075081688,in_store,0
case_005636,49.433318,1828.857687,1,0.602122,0,0.004217990819,web,0
case_005637,7.970434,188.3789,0,0.938644,0,0.000220127378,web,0
case_005638,37.11007,1391.744183,1,0.815209,0,0.001008316174,web,0
case_005639,10.955965,204.08912,1,0.976702,0,0.000235729153,in_store,0
case_005640,190.707275,892.218507,4,0.907731,0,0.005949245586,web,0
case_005641,26.671154,33.483286,2,0.707057,0,0.006971225759,web,0
case_005642,4.571419,516.644053,1,0.881704,0,0.000198361141,in_store,0
case_005643,14.786702,684.476904,1,0.777492,0,0.000689525146,in_store,0
case_005644,39.426765,363.839408,0,0.837483,0,0.001356530999,mobile,0
case_005645,11.901617,343.001799,3,0.696143,0,0.00345401762,web,0
case_005646,42.256465,111.658701,2,0.454509,0,0.024472012357,in_store,0
case_005647,24.221163,1009.525976,2,0.665883,0,0.004739522332,mobile,0
case_005648,5.643683,7.983439,0,0.473444,0,0.006245344953,in_store,0
case_005649,36.813516,394.681818,0,0.754371,0,0.001429330473,web,0
case_005650,122.098614,50.246518,2,0.772778,0,0.010824197596,web,0
case_005651,6.510183,222.424945,3,0.626993,0,0.004242287157,web,0
case_005652,93.966001,512.227765,3,0.774772,1,0.021344933468,in_store,0
case_005653,108.464882,1170.158991,0,0.879805,0,0.000949454346,web,0
case_005654,12.92085,135.368399,1,0.661626,0,0.002096394922,in_store,0
case_005655,19.960477,143.45632,2,0.671173,0,0.004806145452,web,0
case_005656,9.268777,71.064552,0,0.708419,0,0.00134165113,web,0
case_005657,13.311464,85.120124,0,0.776661,0,0.001031999622,web,0
case_005658,5.33696,222.459986,1,0.754585,0,0.000609644202,in_store,0
case_005659,22.300372,59.393791,0,0.847833,0,0.000784458048,in_store,0
case_005660,45.93836,529.72753,2,0.645851,0,0.006494451171,web,0
case_005661,12.751426,56.231289,0,0.629918,0,0.002204955758,in_store,0
case_005662,57.471158,209.588562,4,0.888094,0,0.004743657659,web,0
case_005663,3.822988,315.249114,1,0.606397,0,0.001494308257,web,0
case_005664,27.733548,638.291172,2,0.795019,0,0.001377821811,in_store,0
case_005665,43.177891,551.195119,2,0.654592,0,0.004559908281,in_store,0
case_005666,19.065694,64.24758,0,0.751252,0,0.001272118797,in_store,0
case_005667,5.835584,757.997752,0,0.539648,0,0.001159123599,in_store,0
case_005668,191.859206,732.000403,2,0.723192,0,0.009109201004,web,0
case_005669,31.92574,356.34604,2,0.725865,0,0.002744274412,in_store,0
case_005670,21.521932,862.582402,0,0.894387,0,0.00026416418,in_store,0
case_005671,36.297993,892.036233,1,0.655842,0,0.003058397059,web,0
case_005672,29.34299,179.783517,1,0.85509,0,0.001228959923,web,0
case_005673,5.452446,610.461279,1,0.883892,0,0.000205050231,in_store,0
case_005674,36.187795,367.565183,0,0.981686,0,0.000349038137,web,0
case_005675,50.894252,2390.299133,4,0.642894,0,0.007768252024,in_store,0
case_005676,21.522271,1050.827971,3,0.470194,0,0.011358081607,in_store,0
case_005677,9.07712,3521.713358,1,0.638291,0,0.000978981413,web,0
case_005678,8.978567,1143.971379,1,0.786879,0,0.000533621047,web,0
case_005679,9.383338,641.296624,3,0.702446,0,0.003584957525,mobile,0
case_005680,100.296727,302.181406,3,0.752981,0,0.009530404507,web,0
case_005681,22.241136,193.242879,0,0.88598,0,0.000563635659,web,0
case_005682,49.903845,448.698345,4,0.842739,0,0.003596871062,in_store,0
case_005683,12.679443,1263.25086,1,0.499004,0,0.0029886818,in_store,0
case_005684,25.412362,3851.992422,3,0.67509,0,0.002418659519,in_store,0
case_005685,11.14292,247.804773,1,0.842842,0,0.000519440576,in_store,0
case_005686,18.923632,396.658933,2,0.935558,0,0.000518644773,in_store,0
case_005687,67.211073,1.465596,0,0.640993,0,0.027227848565,mobile,0
case_005688,26.688944,371.878136,1,0.855782,0,0.000933784039,web,0
case_005689,28.953473,48.551012,5,0.698337,0,0.017461925622,in_store,0
case_005690,25.827663,1585.044282,0,0.536946,0,0.00230985025,in_store,0
case_005691,57.958046,2213.936748,2,0.870911,0,0.001222739492,web,0
case_005692,29.31397,277.103811,1,0.352411,0,0.019173671571,in_store,0
case_005693,23.079311,44.232293,0,0.881999,0,0.000704313085,in_store,0
case_005694,19.652626,34.589239,2,0.881121,1,0.00779667088,web,0
case_005695,19.167097,960.518252,1,0.648132,0,0.002108129697,web,0
case_005696,20.492752,15.260604,1,0.795548,0,0.002238129094,in_store,0
case_005697,274.647768,628.943319,6,0.72437,0,0.054737909518,web,0
case_005698,5.795946,304.004998,4,0.533628,0,0.007481950878,in_store,0
case_005699,11.984424,1263.295044,1,0.912551,0,0.000218501244,in_store,0
case_005700,65.539127,823.846447,3,0.705909,1,0.022652142242,in_store,0
case_005701,53.934207,612.5542,3,0.66513,0,0.009031365526,web,0
case_005702,23.853245,728.43824,0,0.817314,1,0.002488188284,web,0
case_005703,39.019909,106.799269,2,0.419641,0,0.029164150452,in_store,0
case_005704,2.675383,1528.981707,0,0.792857,0,0.000129815686,in_store,0
case_005705,55.643625,255.534292,1,0.797435,0,0.002384573706,web,0
case_005706,17.784802,516.555811,1,0.399426,0,0.011307410472,web,0
case_005707,18.342543,3210.124875,1,0.952665,0,0.000167892897,in_store,0
case_005708,40.700015,53.37291,3,0.743583,0,0.013916725431,mobile,0
case_005709,25.290893,1533.415463,3,0.877163,0,0.000893442808,in_store,0
case_005710,9.284317,455.610667,2,0.41655,0,0.010559379482,web,0
case_005711,48.073802,481.342313,1,0.742734,0,0.00198160182,in_store,0
case_005712,21.581567,11.088406,2,0.531014,0,0.024480792391,web,1
case_005713,14.862438,660.021398,1,0.412543,0,0.006798875682,in_store,0
case_005714,46.633095,589.454271,0,0.562325,0,0.004890662428,web,0
case_005715,33.91113,278.362165,4,0.78174,0,0.004729816666,in_store,0
case_005716,41.6735,136.400897,2,0.800395,0,0.002694175081,in_store,0
case_005717,13.636123,1270.079629,1,0.654158,0,0.002266442546,mobile,0
case_005718,10.674766,1638.882544,1,0.582087,0,0.001911271009,web,0
case_005719,24.085743,1186.687055,2,0.610845,0,0.003322549164,in_store,0
case_005720,4.840819,590.104864,1,0.586297,0,0.001245538406,in_store,0
case_005721,9.977615,747.276147,3,0.63117,1,0.022089667435,mobile,0
case_005722,8.328306,610.802209,2,0.772588,1,0.003128340791,in_store,0
case_005723,65.146855,217.040892,0,0.779838,0,0.001624402705,in_store,0
case_005724,28.560404,104.249102,1,0.588176,0,0.007455284252,web,0
case_005725,122.312284,602.856443,3,0.40019,0,0.075029634937,web,0
case_005726,34.289291,1209.828419,2,0.690758,0,0.004787500374,mobile,0
case_005727,10.768521,388.785091,1,0.401606,0,0.00699314176,in_store,0
case_005728,11.640573,256.672229,1,0.518584,0,0.005118658901,web,0
case_005729,55.362988,314.753754,2,0.848646,0,0.001874818449,in_store,0
case_005730,39.754775,1992.765745,1,0.939128,0,0.000340764666,in_store,0
case_005731,70.099242,189.394276,1,0.975492,0,0.000772973833,in_store,0
case_005732,37.389605,1517.142203,0,0.656326,0,0.001799052076,web,0
case_005733,28.656651,124.153195,0,0.437208,0,0.00957421173,in_store,0
case_005734,17.509989,1231.180228,0,0.720371,1,0.003229259884,web,0
case_005735,43.278584,687.438521,2,0.837994,0,0.002612089803,mobile,0
case_005736,41.903068,94.34668,1,0.555319,0,0.011949552115,web,0
case_005737,139.789158,1822.637953,2,0.756514,0,0.004641923498,web,0
case_005738,12.593751,233.423975,0,0.771604,0,0.000599309675,in_store,0
case_005739,53.816646,164.662947,1,0.914272,0,0.00190695391,mobile,0
case_005740,37.833188,183.187818,2,0.468054,0,0.01827803975,in_store,0
case_005741,56.210243,1205.633684,2,0.649256,0,0.00444068376,in_store,0
case_005742,18.384839,103.161837,2,0.868361,0,0.00147020421,web,0
case_005743,8.297776,819.874475,0,0.608146,0,0.001157955326,web,0
case_005744,16.581628,65.34358,3,0.90393,0,0.001865747004,web,0
case_005745,24.728232,661.395809,1,0.488174,0,0.005805561916,in_store,0
case_005746,52.806251,1980.404235,1,0.595772,0,0.003485641371,in_store,0
case_005747,71.040014,194.669244,0,0.671568,0,0.00347993542,in_store,0
case_005748,83.299396,308.566659,1,0.684475,0,0.004601694221,in_store,0
case_005749,6.425421,766.853508,3,0.674891,0,0.003252046949,mobile,0
case_005750,24.871806,2268.459875,1,0.845907,0,0.000837293997,mobile,0
case_005751,197.249421,330.880424,2,0.88617,0,0.003305343097,in_store,0
case_005752,18.932533,409.508971,1,0.877443,0,0.000499003374,in_store,0
case_005753,32.833711,1794.312423,3,0.854902,0,0.001155289886,in_store,0
case_005754,16.276185,98.92092,0,0.939452,0,0.000404018274,web,0
case_005755,10.798198,123.166479,6,0.627992,0,0.016771831314,in_store,0
case_005756,20.431435,1744.345627,0,0.981568,0,0.000120825601,in_store,0
case_005757,11.593843,353.169441,7,0.839471,0,0.005151431832,in_store,0
case_005758,27.012572,1392.974974,3,0.490379,0,0.013614617454,web,0
case_005759,61.337549,385.843284,1,0.898182,0,0.000935435315,in_store,0
case_005760,28.534989,2402.363728,0,0.593176,0,0.001968665411,web,0
case_005761,43.063352,878.283758,3,0.826815,0,0.002581515591,web,0
case_005762,25.778043,657.594383,2,0.89308,0,0.000707374056,in_store,0
case_005763,16.922566,182.530438,2,0.442166,0,0.016735359706,web,0
case_005764,14.975502,124.331549,2,0.857955,0,0.001954749973,mobile,0
case_005765,12.465639,1012.030537,2,0.836444,0,0.000730027679,web,0
case_005766,23.214664,33.328612,0,0.445948,0,0.011564622033,in_store,0
case_005767,36.973486,122.901022,1,0.577179,0,0.008947350228,web,0
case_005768,43.519408,23.753005,0,0.852433,0,0.001931566717,web,0
case_005769,173.622082,455.092417,3,0.706792,0,0.015982457866,web,0
case_005770,47.711449,583.008906,1,0.875533,0,0.000814223975,in_store,0
case_005771,59.441416,111.411518,1,0.747208,0,0.003369564574,in_store,0
case_005772,60.532065,222.863361,1,0.927967,0,0.000903224902,in_store,0
case_005773,54.269997,238.326153,2,0.912865,0,0.001344172375,in_store,0
case_005774,69.729711,247.549257,2,0.996628,0,0.001187324896,web,0
case_005775,13.019438,776.265017,2,0.361258,0,0.012148559348,in_store,0
case_005776,31.812878,18.974784,5,0.736202,0,0.019030042866,in_store,0
case_005777,21.410406,1174.389179,2,0.409945,0,0.010789476242,in_store,0
case_005778,158.574459,11.81601,1,0.797777,0,0.011082333637,web,0
case_005779,50.831003,30.511136,1,0.758533,0,0.005275883728,web,0
case_005780,577.402451,821.221932,0,0.521953,0,0.022163592266,in_store,0
case_005781,13.846895,210.074576,2,0.832044,0,0.001262691505,web,0
case_005782,10.741948,91.981627,1,0.747301,0,0.001229579087,in_store,0
case_005783,86.388598,3.783539,1,0.51123,0,0.045032377042,in_store,0
case_005784,57.962518,94.188671,1,0.776137,0,0.003728573038,web,0
case_005785,29.534522,449.880879,1,0.645558,0,0.002723122822,in_store,0
case_005786,18.748353,684.080251,5,0.514219,0,0.019527215319,in_store,0
case_005787,75.137494,267.189251,2,0.694018,0,0.006256561535,in_store,0
case_005788,85.446459,893.065637,1,0.750391,0,0.002924544432,web,0
case_005789,52.142011,132.239752,1,0.854356,0,0.001512457606,in_store,0
case_005790,6.883535,125.966459,1,0.738999,0,0.000913072383,in_store,0
case_005791,215.266163,425.309655,3,0.808665,0,0.009970215261,web,0
case_005792,209.369023,272.989729,1,0.827612,0,0.00353572009,in_store,0
case_005793,26.149221,668.209578,2,0.345073,0,0.027280627947,web,0
case_005794,124.742386,136.128404,0,0.826635,0,0.002106390211,in_store,0
case_005795,11.307641,167.321329,3,0.739295,0,0.002456359363,in_store,0
case_005796,26.860615,37.98148,3,0.582684,0,0.016788938411,in_store,0
case_005797,42.352203,227.341057,0,0.854324,0,0.000765186029,in_store,0
case_005798,140.327923,823.434487,4,0.429167,0,0.090932296201,web,0
case_005799,12.561883,34.824715,2,0.779679,0,0.004121050237,mobile,0
case_005800,76.670834,76.978433,1,0.560426,0,0.017941928077,web,0
case_005801,34.160508,386.711724,2,0.843839,0,0.001339749109,in_store,0
case_005802,4.120519,1255.171996,0,0.511328,0,0.000990158104,in_store,0
case_005803,22.527146,276.303012,1,0.674882,1,0.011382784907,web,0
case_005804,7.556932,2621.958146,3,0.638244,0,0.002103013783,web,0
case_005805,29.741654,740.632463,1,0.47593,0,0.008716118397,web,0
case_005806,13.779238,487.991627,1,0.742353,0,0.00116537584,web,0
case_005807,20.177491,1501.35153,1,0.819497,0,0.000510679992,in_store,0
case_005808,79.429683,429.131248,2,0.847173,0,0.002177923171,in_store,0
case_005809,30.180948,589.728581,1,0.891463,0,0.000549839328,in_store,0
case_005810,15.274508,1176.373408,2,0.845844,0,0.000745172913,web,0
case_005811,115.233204,524.107205,1,0.589282,0,0.008774521514,in_store,0
case_005812,40.082653,381.829529,1,0.759276,0,0.002186223579,web,0
case_005813,12.40351,111.34057,3,0.697875,0,0.004847819438,web,0
case_005814,55.067523,1532.944918,0,0.938542,0,0.000306690695,in_store,0
case_005815,114.348035,633.204804,2,0.160838,0,0.187477720712,web,0
case_005816,155.320154,486.798994,2,0.44545,0,0.048744579492,web,0
case_005817,18.949949,830.26082,3,0.893135,0,0.001037426137,web,0
case_005818,43.511303,649.319926,1,0.67505,0,0.002600556408,in_store,0
case_005819,19.236632,949.463523,0,0.840869,1,0.001740753533,web,0
case_005820,61.990434,1169.905553,1,0.536087,0,0.008353207615,web,0
case_005821,9.739205,7.149359,2,0.944327,0,0.001020560023,in_store,0
case_005822,5.916199,411.764896,2,0.902959,0,0.000316260311,in_store,0
case_005823,97.29642,2188.07353,0,0.604749,0,0.004102876453,web,0
case_005824,40.384555,605.546788,1,0.416833,0,0.016101928245,web,0
case_005825,35.099958,17.928946,0,0.636633,0,0.006986538506,web,0
case_005826,93.012865,383.242983,5,0.901336,0,0.010956433659,mobile,0
case_005827,46.101563,1179.820854,3,0.803127,0,0.004271959037,mobile,0
case_005828,214.91818,98.702102,1,0.813721,0,0.005258130382,in_store,0
case_005829,211.183617,723.783881,2,0.257409,0,0.123162610509,in_store,0
case_005830,25.486525,991.776785,0,0.792186,1,0.00413063892,mobile,0
case_005831,132.739723,246.562122,1,0.681638,0,0.006734170249,in_store,0
case_005832,130.757399,51.782441,1,0.502574,1,0.115720287258,in_store,0
case_005833,50.003667,263.930755,1,0.858317,0,0.001176043054,in_store,0
case_005834,19.28999,2438.908646,1,0.58242,0,0.003623108781,mobile,0
case_005835,50.754663,999.496473,1,0.6026,0,0.005095681214,web,0
case_005836,141.411473,401.433793,3,0.530342,0,0.033460058363,in_store,0
case_005837,96.451398,587.108363,1,0.762551,0,0.002579356908,in_store,0
case_005838,283.186982,70.64178,4,0.616332,0,0.129489042084,mobile,0
case_005839,16.245066,48.011883,1,0.50837,0,0.010772364981,web,0
case_005840,18.811411,148.760981,1,0.614195,0,0.004421005626,web,0
case_005841,22.967118,1127.747969,2,0.805043,0,0.000974862488,in_store,0
case_005842,15.602516,1151.883703,2,0.811262,0,0.001405567012,mobile,0
case_005843,15.715666,149.971749,3,0.46488,0,0.01694295772,in_store,0
case_005844,18.119532,707.967661,1,0.690732,1,0.006882350347,web,0
case_005845,79.171606,718.299787,1,0.79429,0,0.002256687985,web,0
case_005846,57.628842,504.517643,2,0.881766,0,0.001363941113,in_store,0
case_005847,8.333479,382.93579,0,0.584844,0,0.001305093983,in_store,0
case_005848,330.186254,579.30625,2,0.908475,0,0.003409621133,in_store,0
case_005849,32.110425,33.102292,2,0.6314,0,0.009793228935,in_store,0
case_005850,1.312698,1739.517371,0,0.892984,0,4.9486018e-05,in_store,0
case_005851,33.906308,17.622317,0,0.926125,0,0.001686898191,mobile,0
case_005852,38.302242,287.554473,1,0.689107,0,0.002783733891,in_store,0
case_005853,26.768464,1123.193396,0,0.740029,0,0.000943714152,web,0
case_005854,27.431059,1218.261066,0,0.715773,0,0.001623589913,mobile,0
case_005855,93.036213,1118.620776,2,0.89416,0,0.001360824477,in_store,0
case_005856,5.193924,572.171308,2,0.746418,0,0.000913148003,web,0
case_005857,41.963984,861.394556,3,0.766286,0,0.005545243856,mobile,0
case_005858,15.880739,548.636787,0,0.620864,0,0.001379325343,in_store,0
case_005859,8.963842,821.667197,0,0.492643,0,0.003707386825,mobile,0
case_005860,25.125536,821.538494,2,0.837293,0,0.001186637726,web,0
case_005861,241.323736,268.413876,1,0.788219,0,0.004975400458,in_store,0
case_005862,43.732362,1977.93007,3,0.564634,0,0.008203397206,in_store,0
case_005863,32.133875,11.825468,0,0.692215,0,0.005239178112,web,0
case_005864,20.383348,1974.908036,3,0.892326,0,0.000847513932,web,0
case_005865,60.39476,1516.760307,1,0.900536,0,0.00061278646,in_store,0
case_005866,28.312562,76.349235,3,0.675775,0,0.010264332567,web,1
case_005867,21.643094,83.638147,3,0.454536,0,0.025828973733,in_store,0
case_005868,10.716583,668.324645,2,0.587192,0,0.002777474061,in_store,0
case_005869,13.960243,2317.43172,3,0.783892,0,0.000983454261,in_store,0
case_005870,264.343794,1160.000177,4,0.650636,0,0.033026207594,web,0
case_005871,28.274307,124.09289,0,0.827331,0,0.001600840099,mobile,0
case_005872,6.991667,2.347045,1,0.702309,0,0.00333758863,in_store,0
case_005873,330.502473,967.176204,0,0.723373,0,0.00425566155,in_store,0
case_005874,17.26821,597.198558,2,0.81547,0,0.000921393087,in_store,0
case_005875,26.576154,455.023367,1,0.688216,1,0.014928978336,mobile,0
case_005876,49.313356,723.556142,2,0.749556,0,0.004849044445,mobile,0
case_005877,37.942344,357.001015,4,0.909538,0,0.004073481904,mobile,0
case_005878,72.025932,2165.823853,2,0.895885,0,0.00180385125,mobile,0
case_005879,5.734383,183.06559,1,0.745641,0,0.000709655992,in_store,0
case_005880,21.600632,1483.687218,0,0.858392,0,0.000363458267,web,0
case_005881,26.986819,1240.221441,3,0.757118,0,0.002686652547,web,0
case_005882,16.25103,358.403523,2,0.428253,1,0.044906077219,in_store,0
case_005883,50.880791,240.491781,2,0.780845,0,0.005600588927,mobile,0
case_005884,46.197085,444.086091,1,0.580145,0,0.005445075903,in_store,0
case_005885,15.223014,82.638663,3,0.851651,0,0.001787187603,in_store,0
case_005886,64.398511,414.637837,0,0.776243,0,0.001754033552,web,0
case_005887,31.988705,1525.228153,1,0.599575,0,0.003431749859,web,0
case_005888,139.773731,5.210625,1,0.459915,0,0.075871433705,in_store,0
case_005889,18.324499,830.486976,3,0.425506,0,0.014513202953,in_store,0
case_005890,22.635645,21.524298,1,0.748279,0,0.002907037834,in_store,0
case_005891,35.190275,521.572434,2,0.724067,0,0.002641792357,in_store,0
case_005892,19.218641,310.104508,1,0.778029,0,0.001944259218,mobile,0
case_005893,42.191786,408.245649,3,0.697419,1,0.028250380159,web,0
case_005894,54.049836,471.623285,0,0.73432,0,0.001962628529,web,0
case_005895,10.5253,734.194327,2,0.495785,0,0.009011368072,mobile,0
case_005896,36.457427,207.108331,1,0.956689,0,0.000558616162,in_store,0
case_005897,30.266702,192.734199,0,0.984618,0,0.000287656753,in_store,0
case_005898,43.080069,769.091541,0,0.451401,0,0.00669212854,in_store,0
case_005899,74.998065,77.635164,0,0.6171,0,0.006586155809,in_store,0
case_005900,22.285292,962.22413,0,0.580363,0,0.001858344184,in_store,0
case_005901,25.921109,178.334724,2,0.795964,0,0.00243981278,web,0
case_005902,10.353174,31.479289,3,0.604962,0,0.011100186773,web,0
case_005903,40.302927,450.638537,3,0.856544,0,0.001945404928,in_store,0
case_005904,20.977153,486.213876,1,0.812203,0,0.000760221625,in_store,0
case_005905,105.980963,88.352567,0,0.901037,0,0.001733651336,web,0
case_005906,28.42104,117.297954,3,0.520423,0,0.01853585338,in_store,0
case_005907,118.594748,195.283933,1,0.563386,0,0.017815704935,web,0
case_005908,36.899884,241.69957,2,0.708739,0,0.003742837023,in_store,0
case_005909,113.581194,384.809587,1,0.843534,0,0.001954696876,in_store,0
case_005910,15.168587,722.685743,2,0.743519,0,0.001619665986,web,0
case_005911,60.580587,293.441636,2,0.570839,0,0.011394715918,in_store,0
case_005912,39.25363,373.283789,1,0.846557,0,0.000981383222,in_store,0
case_005913,11.114748,550.229656,1,0.791259,0,0.001086861339,mobile,0
case_005914,82.139451,31.249357,2,0.89277,0,0.003557787818,in_store,0
case_005915,12.121589,658.452465,0,0.750799,0,0.000493376868,in_store,0
case_005916,4.12073,56.198875,1,0.486436,0,0.008024836798,mobile,0
case_005917,22.89269,824.815999,2,0.333529,0,0.025427858547,web,0
case_005918,32.549739,1217.999119,2,0.543315,0,0.011540928183,mobile,0
case_005919,7.783715,43.932323,3,0.5068,0,0.012278267222,in_store,1
case_005920,41.130844,158.751141,3,0.775385,0,0.00566892558,web,0
case_005921,57.452623,835.171554,3,0.714559,0,0.004933074321,in_store,0
case_005922,49.333455,615.069309,3,0.169857,0,0.159685566873,web,0
case_005923,25.822063,1702.037368,3,0.913513,0,0.00069972328,in_store,0
case_005924,82.057914,1309.518649,1,0.837979,0,0.0014764479,web,0
case_005925,49.783052,1416.100585,1,0.938796,0,0.000435171617,in_store,0
case_005926,25.411744,629.301106,4,0.916221,0,0.002577617468,mobile,0
case_005927,49.533822,346.104,1,0.882228,0,0.001194682067,web,0
case_005928,7.186272,166.204498,1,0.943087,0,0.000241322119,in_store,0
case_005929,31.701492,959.631664,1,0.533269,1,0.01838812542,in_store,0
case_005930,27.562783,198.451891,2,0.394392,0,0.023065064973,in_store,0
case_005931,8.206166,1573.354307,2,0.703822,0,0.000894294915,in_store,0
case_005932,22.707016,577.030064,0,0.608972,0,0.003489833045,mobile,0
case_005933,16.435381,430.225854,0,0.455724,0,0.008075008669,mobile,0
case_005934,25.956644,121.572657,1,0.605372,0,0.006040566082,web,0
case_005935,53.803333,533.979143,2,0.776983,1,0.009937028041,in_store,0
case_005936,11.955294,2227.575669,2,0.864309,0,0.000370265146,in_store,0
case_005937,19.968014,717.7609,3,0.602663,0,0.005326294004,in_store,0
case_005938,27.058358,1233.597731,0,0.939578,0,0.000265801378,web,0
case_005939,61.162519,82.315371,1,0.87454,0,0.001692585749,in_store,0
case_005940,38.284924,327.934365,0,0.816193,0,0.000818835593,in_store,0
case_005941,47.732889,4000,1,0.611141,0,0.003106946717,web,0
case_005942,172.962341,13.529126,0,0.793661,0,0.007853811241,web,0
case_005943,17.379403,1036.553353,1,0.862371,0,0.000396924614,in_store,0
case_005944,81.72048,947.549552,3,0.753983,0,0.004658859477,in_store,0
case_005945,424.974503,116.785677,0,0.791123,1,0.024096845737,in_store,0
case_005946,87.104605,842.978669,1,0.603153,0,0.007522637278,web,0
case_005947,245.106141,1009.271575,0,0.776473,0,0.003194438142,web,0
case_005948,119.115177,2196.552021,1,0.588425,0,0.007630831073,web,0
case_005949,6.49401,647.054729,1,0.811166,1,0.001819824985,web,0
case_005950,24.951548,2708.410756,1,0.9433,0,0.000290713382,web,0
case_005951,57.421727,172.054031,2,0.609546,0,0.010107916635,in_store,0
case_005952,106.185212,239.072697,0,0.91752,0,0.001174383437,web,0
case_005953,12.730942,543.366008,1,0.822632,0,0.000652271648,web,0
case_005954,106.991955,46.158689,0,0.745781,0,0.005525026918,web,0
case_005955,38.82605,109.465212,2,0.748588,0,0.004862084129,web,0
case_005956,157.873775,635.111364,1,0.835453,0,0.002197004098,in_store,0
case_005957,38.648232,30.542682,2,0.765811,0,0.006265546268,web,0
case_005958,18.095555,176.508318,2,0.895397,0,0.000820225495,in_store,0
case_005959,19.513571,879.577731,2,0.804795,0,0.000948758595,in_store,0
case_005960,114.521914,7.069053,1,0.888803,0,0.004562936618,in_store,0
case_005961,39.454067,456.949549,1,0.54274,0,0.006167213282,in_store,0
case_005962,23.425727,67.946906,0,0.522981,0,0.011235471334,mobile,0
case_005963,42.912386,235.338206,2,0.911075,0,0.001175012573,in_store,0
case_005964,42.190919,141.700961,5,0.399029,0,0.121312399356,web,0
case_005965,10.95466,84.179226,0,0.753479,0,0.001587365357,mobile,0
case_005966,3.544417,469.609103,2,0.620859,0,0.002581659638,mobile,0
case_005967,3.270171,767.365751,2,0.709197,0,0.00064714334,in_store,0
case_005968,34.597686,338.158864,0,0.771606,0,0.001924552903,mobile,0
case_005969,61.002897,71.519713,3,0.654389,0,0.01927765125,web,0
case_005970,29.052462,327.49565,4,0.754653,0,0.004847177046,in_store,0
case_005971,30.014056,473.226422,0,0.973975,0,0.000451128278,mobile,0
case_005972,12.638409,164.182551,2,0.961866,0,0.000850942819,mobile,0
case_005973,10.467355,983.727816,2,0.927968,0,0.000558402751,mobile,0
case_005974,18.451059,3.417484,1,0.781856,0,0.00637427815,mobile,0
case_005975,11.155857,355.461449,3,0.888998,0,0.00098766792,web,0
case_005976,56.59556,195.287512,1,0.884221,0,0.001516470191,web,0
case_005977,378.66437,23.154813,2,0.807436,0,0.022308637351,web,0
case_005978,27.96341,118.454895,0,0.654969,0,0.002468062154,in_store,0
case_005979,49.973971,157.674318,3,0.913943,1,0.010908514871,web,0
case_005980,11.561245,407.752791,1,0.867713,0,0.000393332436,in_store,0
case_005981,36.33164,3271.443344,1,0.629613,0,0.001924690808,in_store,0
case_005982,2.117298,493.84069,3,0.593141,0,0.002351636226,web,0
case_005983,6.776138,1535.178893,1,0.72275,0,0.000621776543,web,0
case_005984,57.537777,751.177082,2,0.665583,0,0.004670627139,in_store,0
case_005985,2.113483,1762.796463,0,0.76878,0,0.000129966494,in_store,0
case_005986,62.973006,921.309623,1,0.803718,0,0.001709663245,web,0
case_005987,32.905192,508.518961,1,0.796055,0,0.0014118369,web,0
case_005988,60.720616,344.239781,3,0.396255,0,0.058740950322,web,0
case_005989,26.226351,226.750455,0,0.875556,0,0.000495754012,in_store,0
case_005990,12.383486,2876.115995,3,0.716172,0,0.00131110561,in_store,0
case_005991,5.430462,644.544263,1,0.701227,0,0.000809381655,web,0
case_005992,8.408222,429.404843,2,0.565374,0,0.005994419116,mobile,0
case_005993,22.499618,17.056636,4,0.746094,0,0.010103173511,in_store,0
case_005994,63.968221,607.728711,4,0.90244,0,0.003412257592,web,0
case_005995,22.462207,20.549589,1,0.888919,0,0.001564543722,web,0
case_005996,17.016814,99.536724,1,0.446145,0,0.010331950125,in_store,0
case_005997,49.82314,672.917945,2,0.345887,0,0.040175360496,web,0
case_005998,60.903761,92.981041,2,0.63351,0,0.020465089049,mobile,0
case_005999,46.166599,455.24601,2,0.78457,0,0.0022377899,in_store,0
